text,label
bet you could still eat them,calm
FQ looks pretty good so far. Do not disrespect Notorious POB.,happy
"What I meant was, the penalty for being convicted of boobytrapping in certain states is higher than it is for stealing a cooler.",calm
"see im on here having fun meming on all yall basement dwellers, stay salty ",happy
I like your honesty,happy
Well that's because they don't have a someone,calm
I get a kink in my neck from brushing my hair damn,calm
Is there a reason you said yes but then did not?,calm
3:32 excuse me what the fuck.,angry
Yeah. I'm gonna take a shower,calm
Poor show was way too ahead of its time :<,calm
"As a former professional graphic designer, thank you for the gift of this subreddit.",happy
You’re welcome!,happy
That's crazy I just watched two of his movies last night. Unbreakable and split. Very interesting movies.,happy
Getting back someone would be nice. He's kind of like someone,calm
"By ranting aimlessly on the internet about it, obviously ;)",angry
"""I've felt number 2 so hard. """"Working hard for what you don't want"""" is a thing. :(""",calm
Edited : Sorry meant to reply to a post,sad
I guess the answer is pretty obvious too lol. It would be silly if you posted “someone too...” the bucs?,happy
"Kinda like a thing that comes out of the ground and it smells nice, I think. Cannot confirm",happy
Tbf having an orgasm at his age could cause one.,calm
Yeah mine asked me to marry her over email and then ghosted me for three weeks...,calm
Seems in line with the marines trope.,calm
Same. Glad it's not just out store.,happy
What was the age difference between someone and someone? I had though it was about ten years but now I’m not sure.,calm
I'm starting to wonder if these are satire... They're too hilarious to be actual conservative memes.,happy
...math?,calm
why are you the way that you are,calm
praise be to the dark mother!,happy
Haha yeah. Are the squat toilets that prevalent? I’m hoping to avoid them when I go.,happy
Yeah but you're not anymore I'm afraid.,worried
Big thanks to OP for that magnificent wall. I guess that we can reopen the government now.,happy
Barista Parlor and Crema have been my favorite so far.,happy
I’m currently putting a investigative task force together and I believe that I could be done assembling that team in as early as 400 years!,happy
"I would give r/momforaminute a visit, the people over there are fantastic and I think they can give you some comfort ",happy
Lord help me I want to be a mod again. So many damn trolls here,calm
It’s getting so annoying,angry
"All true, but someone only “retired” to get out of AZ. Now that he’s back looking for a job...",calm
I actually found the whole screenshot – without cropping – on r/funny so I mean,happy
The Party ID in this poll is 47.1% Dem and 41.2% Rep. In the trash it goes.,calm
Actually ugly women are not going to post their pics.,calm
Because all our society has done for the past 60 years is talk about your problems.,calm
someone get better overtime. someone would wreck someone.,calm
very familiar image,calm
"The FDA has plenty to criticize. But like here, it's usually criticized horribly off base. It needs to grow some balls and actually enforce things. ",angry
"It was a bad one, and you should feel bad. ",angry
Oh man this gave me some flashbacks to awesome times playing with my dad,happy
"You're late, I'm not paying for those",calm
You should. Come on man.,calm
you seem fun!,happy
Way too fancy,calm
why does he look like someone,calm
"That's along the lines of what I was thinking, thank you!",happy
"""someone hears bible verses and is like """"fuck this shit""""""",angry
The whole thing is poetry. That finish is magic. Nose to the mit. Love this !,happy
Kratz and insertion in the same sentence makes me nauseous for some reason..,calm
This is the shitposting I love,happy
Florida seems to have our number and if someone is out we are screwed . 3-1 FL,calm
"GOOD someone ALIGHTY, HE'S BROKEN IN HALF",sad
"Oh he'd be far too attractive lol He's southern anyway, would still need to put on an accent ",happy
Congrats on coming out,happy
"Amazing, my friend 🙏 ",happy
poor little dude! Glad he's okay. He and his brother have a story to tell now.,sad
Falling for such low quality bait,sad
I thought Detroit or Oakland . . . and both have fantastic areas despite what pop culture might lead you to believe.,happy
The Netflix version is being produced by the marketing team for the festival. It’s gonna be great to see the different slants,happy
"I like you. You're smart, cheeky, and funny. Well played.",happy
**You don't have to buy it.** Just like that probably because it's still true lol.,calm
Well that’s not what was said he said drugs that kill you sooner than your meant to die.. nicotine fits that description,sad
OK. caitoz is an someone shill and closely aligned with Russia. Enjoy irony!,happy
"You’re right, my apologies, I must’ve misread it. ",sad
That scene traumatized me the first time I watched it,worried
Gmod Wonderworld is a personal favorite and may be the most sadistic and hilarious thing someone has done,happy
I love how this boxy things is made to scare (common every show use that joke) but the queens is not scare at all.,happy
Keep on auto aiming bud. One day you'll get good maybe haha.,happy
She regrets getting in trouble,calm
They only want excuses to run the clock down towards no-deal.,calm
Most of the people on here don't really understand basketball. They are usually the people saying we should fire someone,calm
"Yes, I know. But thanks, no damage to the second car and just some scratches on mine.",happy
And every someone on Reddit has an anxiety attack...,calm
I just enjoy using intelligent words...? I left him,happy
Jeez I just did those for fun but good luck,happy
Wouldn't surprise me if it was an area not too different than what is described in this,calm
For your kindness to mobile users I give a platinum ⠀⠀⠀⠀⠀⣤⣶⣶⡶⠦⠴⠶⠶⠶⠶⡶⠶⠦⠶⠶⠶⠶⠶⠶⠶⣄⠀⠀⠀⠀ ⠀⠀⠀⠀⠀⣿⣀⣀⣀⣀⠀⢀⣤⠄⠀⠀⣶⢤⣄⠀⠀⠀⣤⣤⣄⣿⠀⠀⠀⠀ ⠀⠀⠀⠀⠀⠿⣿⣿⣿⣿⡷⠋⠁⠀⠀⠀⠙⠢⠙⠻⣿⡿⠿⠿⠫⠋⠀⠀⠀⠀ ⠀⠀⠀⠀⠀⠀⢀⣤⠞⠉⠀⠀⠀⠀⣴⣶⣄⠀⠀⠀⢀⣕⠦⣀⠀⠀⠀⠀⠀⠀ ⠀⠀⠀⢀⣤⠾⠋⠁⠀⠀⠀⠀⢀⣼⣿⠟⢿⣆⠀⢠⡟⠉⠉⠊⠳⢤⣀⠀⠀⠀ ⠀⣠⡾⠛⠁⠀⠀⠀⠀⠀⢀⣀⣾⣿⠃⠀⡀⠹⣧⣘⠀⠀⠀⠀⠀⠀⠉⠳⢤⡀ ⠀⣿⡀⠀⠀⢠⣶⣶⣿⣿⣿⣿⡿⠁⠀⣼⠃⠀⢹⣿⣿⣿⣶⣶⣤⠀⠀⠀⢰⣷ ⠀⢿⣇⠀⠀⠈⠻⡟⠛⠋⠉⠉⠀⠀⡼⠃⠀⢠⣿⠋⠉⠉⠛⠛⠋⠀⢀⢀⣿⡏ ⠀⠘⣿⡄⠀⠀⠀⠈⠢⡀⠀⠀⠀⡼⠁⠀⢠⣿⠇⠀⠀⡀⠀⠀⠀⠀⡜⣼⡿⠀ ⠀⠀⢻⣷⠀⠀⠀⠀⠀⢸⡄⠀⢰⠃⠀⠀⣾⡟⠀⠀⠸⡇⠀⠀⠀⢰⢧⣿⠃⠀ ⠀⠀⠘⣿⣇⠀⠀⠀⠀⣿⠇⠀⠇⠀⠀⣼⠟⠀⠀⠀⠀⣇⠀⠀⢀⡟⣾⡟⠀⠀ ⠀⠀⠀⢹⣿⡄⠀⠀⠀⣿⠀⣀⣠⠴⠚⠛⠶⣤⣀⠀⠀⢻⠀⢀⡾⣹⣿⠃⠀⠀ ⠀⠀⠀⠀⢿⣷⠀⠀⠀⠙⠊⠁⠀⢠⡆⠀⠀⠀⠉⠛⠓⠋⠀⠸⢣⣿⠏⠀⠀⠀ ⠀⠀⠀⠀⠘⣿⣷⣦⣤⣤⣄⣀⣀⣿⣤⣤⣤⣤⣤⣄⣀⣀⣀⣀⣾⡟⠀⠀⠀⠀ ⠀⠀⠀⠀⠀⢹⣿⣿⣿⣻⣿⣿⣿⣿⣿⣿⣿⣿⣿⣿⣿⣿⣿⣿⣿⠁⠀⠀⠀⠀ ⠀⠀⠀⠀⠀⠀⠛⠛⠛⠛⠛⠛⠛⠛⠛⠛⠛⠛⠛⠛⠛⠛⠛⠛⠃,calm
And of course you forgot the chillis that make him orange,calm
"That’s why it’s petty revenge. It may have been petty to take a bit of enjoyment in it, but she made her own bed",calm
You care way too much about other people’s karma,calm
I'd prefer it that way than the alternative reality in which someone knows where I live.,calm
time to stop concerning yourself with brexiteers and start worrying about what went so wrong in the EU before more countries decide to depart,sad
You are all a bunch of losers. Nuclear weapons will accomplish this faster and more efficiently than any other means.,calm
Justice was served,calm
Our future overlords are learning how to walk and help out around the house. Growing up so fast they are. Remember that I love you,happy
Why does it matter? Isn't this just 2 oppressive systems of control fighting against each other?,calm
Go pursue that education. Let someone wallow in her own sadness.,sad
art,calm
OP got woodshed lmao,happy
Didn't u just say ur new to this? Why are you speaking?,angry
Liberals have become the very thing they accuse everyone else of. Being intolerant and racist.,angry
"Poor cat got his ass kicked by a crab, rope and broom.",sad
This is very temporary. I am using my savings to cover the rest for 1-2 months,calm
"Okie, I did saw the video. To me it is a very bad Impersonification of someone. I type like her?.....mmmmmmm..... okie.... ",calm
"Ohhh, thank you for correcting me 😊",happy
"This just proves you put the bone there, I'd actually be impressed if you showed him putting the bone there",calm
"I mean, he's 6'0''. He just isn't thicc",calm
Poetic justice they get to the title game host Philly and BDN whips it out for them and shoves it down their throat. That would be epic.,calm
"Yeah, series of holes like that make me uncomfortable and this picture has popped up in my head too many times since I first saw it. ",angry
someone is one of my favorite someone. I would love for him to come home to LA,happy
"""Now I'm imagining him responding to your dirty talk with an enthusiastic """"yummy!""""""",happy
"that was clearly only one pump, bad call",sad
I will. Thanks!,happy
"Damn, time to tweet Young House Love and find out what color they used on the brick...",calm
My biggest pet peeve is blown saves.,calm
Lmao thanks for the update!,happy
"#THEY DON'T VOTE IN FEDERAL ELECTIONS, JUST LOCAL ONES *Takes a deep breath*",calm
"The teacher apologised profusely, but nobody could hear due to the deafening applause. ",calm
"Oh, well, you again I tried some stuff, people ignore me anyway",sad
Bad children get their souls put in the face table,calm
I remember them looking very happy. I loved that they were there and seemed very happy about what was happening.,happy
Oh that's cheating then lol,happy
I’m sorry to hear that. When do you graduate?,sad
Then the school had a special assembly to honor this hero and everyone clapped.,happy
No but I will now. Thanks!,happy
someone was a horrible someone and HC,calm
"I love someone, he’s literally the craziest couch in the nba lol! He could win couch of the year or be fired next week! ",happy
"If an AI projectile is your biggest problem you've got bigger issues, next. ",worried
I'm not sure I'm following what your point is.,calm
Oh it is going to be glorious.,happy
Mammatus clouds! Somewhat unusual for Sydney,calm
Thank you and CONGRATS MAN!! I listen to podcasts too when I get ready! Greatly helps with the negative thoughts. Glad we did it!!,happy
"Yeah, sorry about that. I see it in so many post I thought it was almost a custom to do so.",sad
Sometimes I literally need to shut myself in a quiet room so I can think.,calm
Who someone should fight next after AB,calm
Randall's always needs people.,calm
I don’t CARE!,angry
GF is false; I saw Mayor get transported and I was stabbed by an SK,worried
Why hasn't he been made GM yet???,angry
Lmao this dude sitting in an Iowa thread throwing shade on New Years Day with nothing better to do.,happy
There's no way ye should go for a second referendum. Go for BINO and limit the damage.,calm
Thanks for sharing! I've got some smoothie recipes to start me out and the one I bought today at a local shop seemed to help a bit.,happy
thats one proud daddy!,happy
"""The """"Nice, nice."""" Is really cringy for some reason.""",happy
He really likes Babylon 5,happy
Free fish...nice,happy
That sounds really interesting.,happy
Hands down one of my favourite VA's and a main reason I go FemShep or play games she's in.,happy
Essence is amazing!,happy
I am the proud owner of a Vernon Gholston jersey. My wife got it for me as a Christmas Gift our first year dating....,happy
Ugh I am in this same place right now. Dating a husband whose wife calls all the shots. I feel for you.,sad
AD thinking bout how if he played for the lakers someone wouldve got thrown out the game,calm
I feel his pain. Bad dxm trips are the most terrifying thing in the moment but they're way more forgiving than bad psych trips,sad
"One of my all-time favorite bands, and one of the best live acts you'll ever see!",happy
Thanks for keep us posted,happy
It is not so much the organs but rather the fluids within the organs that reek when burned. N8,calm
Yeah hed be a pure rental so maybe someone is too much. someone on his contract is definitely not worth assets though. Closer to a negative asset imo,calm
You didn't tell me there was a gas lesk!,calm
Its a sign,calm
"Yeah. someone couldn't do it, someone couldn't do it. It's probably not gonna happen again",calm
"great win leading into memphis. everyone contributed, awesome team basketball and defense throughout ",happy
"It's hard for me to switch between english and spanish in the same sentence, sorry I'll try to improve in the future",sad
Oh nice. What lvl on Siege?,happy
"I am seeing my GP next week because I've been having other, more problematic thoughts. In NZ therapy is free if prescribed.",calm
it looks like she took it in a totally different direction which i’m loving,happy
Brace yourself,calm
That’s v strange behaviour.,calm
"Did you hear about that old Italian chef? Sadly, he pasta way.",sad
I think the popularity of Alliance confirms my point about radical centrism on here,calm
Let’s go! TRoss is awesome,happy
Now that's a frozen dessert I haven't eaten in a long time.. a long time.,calm
I meant more likely than her killing them and running away.,calm
someone met and fell in love with her wines I see.,happy
That’s actually interesting to me,happy
"If guys like that are your only option, you may be better off single...",calm
Because they vote democrat and democrats are the party of Mexico,calm
"Made me laugh, tbh.",happy
"Yes, yes, yes. Oh my someone!",happy
That explains why you're wearing a dunce cap and your chair is in the corner.,calm
Thumb wars and silly nicknames definitely work.,calm
I was petrified...,worried
Yeah I realised that a bit too late. I still wanted to further explain myself regardless but thank you for being nice about it.,happy
Oh my god Del Monico. Horrific. Even the ambient smell in the hallways makes me gag.,worried
"Fucking awesome tournament to watch, well done WePlay, grats to Maggo. The constructed meta ain't that stale!",happy
Poor thing. Her arm looked stuck in the crutch as she fell. That had to hurt,sad
ah good find. I guess I saw some sort of grade 9 class photo then. Cheers.,happy
Yeah I meant it has a cork in it. Sorry for the confusion haha,happy
"With no mental work to do, we can do to the Earth that will make it outside your little democratic system.",calm
Guess he should just go hungry then huh?,calm
"Good luck, and godspeed.",happy
I like your enthusiasm and yes it would be hilarious.,happy
How dare they soil the good name of sauerkraut with this most rancid picture of it 🤢,calm
iRemindme 7 days,calm
Sweet thank you!,happy
When I drove refers I was always afraid this would happen to me. I always shut my doors I'm just a worrier,worried
She had it so good with someone as his ex. Girlfriend was so freaking nice.,happy
Hi ex-methodist from another one!,calm
The fact this isn't a someone Attorney at Law Gif about this makes me kinda sad.,sad
No one loves me,sad
Remind me! 6 months,calm
I borrowed an old wedding dress from a museum. It was a one size fits all kind of dress. Thank goodness!,happy
"It's all good. someone was at my door 5 minutes later, and amazingly, didn't drive away between me seeing him, and walking downstairs. ",happy
"Oh, haha Gladstone is a town in North Qld Australia as well... thanks Reddit",happy
Everybody poops.,calm
Drop a link or piss off,calm
I’ve read your comment over and over and I’m sorry I can’t parse what you’re saying.,sad
"I need a do over!!!! At least I’m not the only one lol, solidarity ✌️",calm
“hurrrr mumble crap sucks so much u cant understand what they saying wheres all the lyrical spiritual miracle individual biblical rhymes smh”,angry
Am I the only one that likes the original better? It was cuter,happy
"My bad, I guess I should've read the whole thing, from opiate yes ",sad
Hi let’s not compare basketball to the man speaking out against a dictator and fearing for his life because of it thank you,happy
I'm so sorry for your loss. One of my favourite unisex names is someone.,sad
I would love that. someone and someone were easily my favourite supporting characters of season 2,happy
"Well shit, time to talk to the wife. It appears she has two husbands.",angry
I love someone as a player. I still think the best is yet to come with him. Just praying he stays on the field.,happy
I almost felt sorry for him. Almost.,sad
That'll make it too easy.,calm
Amen as I dump mine this year!,calm
No we're not? Y'know the capsule bug happened on every server and not the ones which fit your narrative,calm
Thank you so much. Happy New Year to you to.,happy
"Ive mostly only seen positive things, so it should be good for both of us ",calm
someone is the only person i want him to end up with since the beginning i liked her the most,calm
Every Saturday for the foreseeable future will be spent studying for the LSAT. Fuck,angry
And if that's the case then there is no helping him. It sucks that those people can't be helped,angry
"My wife is a rams fan. I don’t like them, but I think I like them more than the patriots lol",happy
Please respect our sub's rule against belittling religion.,calm
One wrong kick can end oh so horribly,worried
Those mindsets are extremely dangerous to our democracy.,worried
chuck cheese is for kids. let them run wild. Applebees they should throw out the parents if they cant control the kids,calm
"Yeah I love can ox, but they should stay in small indoor venues or something. Their music is better for that anyway. Cold vein is classic",calm
that sounds fun!,happy
You’re killing me. Let a brotha know next time lol,happy
"You're fighting the good fight here. If you still want blackberries on your property, you can always try growing our native one, *Rubus ursinus*.",happy
thank you for your kind words.,happy
... This is a stupid idea. One of the first things caught will be a wiki quote.,angry
A fact you know when you've Read the Dictator's Handbook.,calm
"No one is stopping you. I will laugh at you, but go ahead. ",happy
No credit?? This is the brilliant youtube channel You Suck At Cooking,angry
I honestly can't imagine someone using any kind of profanity lol,happy
That's really sad. I used to live not far from there and spent a lot of time in that park. Fished in those ponds many times.,sad
The right had both houses and the presidency and they wait until they lose the house to pretend they care about passing wall funding. So brave.,happy
He put some respect on someone name tho.,calm
Shh that breaks the narrative though.,calm
someone what the hell is going on at hq,angry
"Your mindset is the right mindset, sadly, it's easier said than done.",happy
I would agree. It's unfortunate and brutal in its content and in the responses in the thread,angry
I'm glad we have a place we can come to when we have doubts. Thank you so much.,happy
Kor Is an absolute chad,calm
I can guarantee you for many the hate for this administration started much before the election results were in.,angry
I feel that nobody cares and nothing will be different because this is a total non issue for vast majority of people.,sad
Yep. That's what made me kiss my SO for the first time. Those eyes. I don't think I'll ever forget.,calm
Long straight hair on the face is going to look quite odd I would guess.,angry
Lol ok. So saying a garbage clip doesn't belong at the top of a gaming subreddit makes me a someone.,happy
It was fucking in!!,angry
"""It says """"Just because someone *is here* illegally…"""" No comment at all about how they got here.""",calm
Not with that attitude we won't. There are some developments that may change your attitude in the very near future.,happy
"Invite everyone in the server, it fills fast",calm
someone shitting the bed like a 4 year old with diarrhea,worried
"People are kind of turning on it, seeing it isen't just hard, but has a lot of issues within the core design that turn people away.",calm
6 and he died of cancer iirc,sad
NO I HAVE NOT EVER FIRED MY GUN IN THE AIR AND GONE AAAAGGHHH!,angry
"If my team lost like that, I’d definitely be very upset. Just hard to see it.",sad
"If he hits you and constantly degrades you, it's abuse",angry
This again?,calm
Never thought of that. Now i dislike Heaven more than before.,sad
Yes....youtube new rule is now...u have to do commentary on every video u uploaded or show yourself in the video.....check their guidelines..u will see..,calm
Ah I didn’t think of that second definition of end. I like it!,happy
deleted ^^^^^^^^^^^^^^^^0.5933 ^^^What ^^^is ^^^this?,calm
"I love this. BFFs don’t get enough love on these subs, but they make everything better. :)",happy
"""I was with you until you said """"your truth"""". No such thing, mate. This is just mispropaganda in the other direction. """,calm
As far as anal- go slow and there is never too much lube!,calm
I’d have rated 4.5,calm
That's cute love it!,happy
"hey, that's me. Glad i'm done with the class, so much work",happy
*cries in south america*,calm
"Im glad you took that step. Sometimes its really hard making that decision, but im glad you didnt force yourself to be miserable",happy
For reference,calm
I post on the the Donald you think I give a fat flying fuck?,angry
It’s 2019 and I still don’t know who someone is,calm
That anamie pillow is a three-dimensional object...,calm
Yes every time,calm
Brush your teeth and neither of these smells will be reduced by chewing a napkin. But it's funny to convince a friend at a bar that it'll work,happy
Hawaiian shaved ice is THE BEST!!!!,happy
"There's having fun and being a hoe, OP seem to assume what she is, so ni worries for her. ",happy
"Despite the certainty of some, we do not know. But we do know someone is loving and merciful, and we hope for the salvation of all.",happy
They are still trying to get him conditioned. That's why.,calm
No. Utterly despicable cult with no redeeming value.,calm
"I never said yes, I just said “they this is vague and hard to give a response to” 🤷🏽‍♀️",calm
if they’re available for questioning then you’re a shitty kidnapper. -3/5 stars,angry
"It shouldn't surprise you, since you're here. ",calm
"If you still have fish or plants, I would love to take them. Unfortunately I don’t have space for another tank",happy
"Fool you twice, shame on you",angry
I’ve seen 62 to 8 in 12 hours up north. Weather is crazy stuff.,angry
That sucks! Your lady giblets are NONE of her damn business. Does your BF at least try to curb her mouth?,angry
I get ya. If thinness was something I could buy I'd be flat broke by now,calm
"I said I'm full, sir. That means no desert either. No one likes a pushy waiter.",calm
###READ THE BREAD BOOK,calm
"Yeah I cannot either on mobile, same with enough internet. Thoroughly disappointing.",sad
My alarm is for 8. Thank you very much!,happy
"""""""resistance is futile""""""",calm
"I also posted about this a few days ago. Maybe they have different designers but none of them has follow-up or approval from a single person, unfortunate",sad
O.o love it 👌,happy
It sounds like you'd have a great time with Final Fantasy XIV.,happy
Ahem. There are those who think that life Has nothing left to chance A host of holy horrors To direct our aimless dance,sad
It just looked like blue fire to me. And I think there was a behind-the-scenes thing that said they made the fire blue to differentiate.,calm
"Well, you know what they say..... ....I can't think of any witty comment to say about that.",happy
I stuck a bit of glass up there. It was a pane in the ass.,sad
Lmao. I fucking love this community.,happy
Rawr! (That means I love you in dinosaur!),happy
Weird way to spell Voldo.,angry
"Seems legit. Supremacy was big enough. In fact, it's hard to see the scale on screen with that size.",calm
Mom will get sad. someone still good. Hanging out with friends still good. Money buying foodie exp is still good.,sad
"Which sucks, because it's a *bitch* to find replacements for those.",angry
I'm sorry to break the news to you. :(,sad
Tomorrow at 5-7pm Utc it says for me,calm
"I thought that, but not quite as extreme!!",calm
My favorite joke of all time - whenever someone says 'My head hurts' you say 'it'll get better with practice'.,happy
Yeah lazily typing a naughty word to some retard on the internet is a real indicator of being angry rofl,happy
I love how it stops just before the impact,happy
Every one hates him so your just bragging you hate him too to be cool . Its not a confession unless u say something u regret,angry
Who doesn't have unlimited calls???,calm
"Happy Cake Day Ph_Dank! Today is your day. Dance with fairies, ride a unicorn, swim with mermaids, and chase rainbows.",happy
Holy shit.,angry
Keep in mind this doesn’t include the t4,calm
We all know that everyone was doing the Kiki do you love me ironically so that if people do it unironically then we can make fun of them.,happy
"Hey man it's all good, I'm glad I can relate to someone as well!",calm
No irony. Liberals are brainwashed.,calm
when you j/o before hooking up with a girl so you last longer,calm
this was probably going to be my last thoughts on the matter,calm
I did this with tuna salad. I already ate tuna a lot (at the time) and it’s a decently blank slate.,calm
Sorry that you lost that stuff. But that's a lot to have in your car in SF,sad
You can likely deposit this via mobile app if you bank has one. Or an ATM.,calm
"Oh wow- some truly have crazy different genetics. I’m glad you got her a friend, I’m sure it helps immensely. ",happy
thanks! nothing else?,happy
"Wow! Thanks! We’re working on it! Glad you liked it (this is someone, the someone one)... appreciate your support!",happy
wooosh! orange fans mad,happy
"Bravo! It's hard saying you need help, and sometimes even harder accepting it. So proud of you momma!",happy
They do with someone,calm
The books are pretty cool. They even get into the nerdier science side of being able to teleport.,happy
Alright. Go to your corner.,calm
Lmgs and shotguns,calm
"I mean, let's not pretend someone wouldn't be screaming murder if this happened at Spa instead of NVA",calm
Says one of the two people who keeps on responding to each comment with a very poorly argued position lacking both in research and in common sense.,angry
"It’s all the same, the number makes no difference.",calm
"The middle was an analogy. No one here condones terrorism, as that's attacks on civilians, Destruction of financial buildings isn't that. ",calm
"No, thankfully. ",happy
I will take it... for free of course /s,calm
This is gold!!!!! Im impressed. Very accurate.,happy
Ooof girl...I thought this was satire at first it was so cringe.,angry
I should call him up so we can talk about our mutual problems.,calm
Seriously! I'm on Xbox and all my crew and we have never had an issue!,angry
"rather than wait for the site to load, we'll just tell you it didn't load - Reddit",calm
Please do not take that personally. I thought this was a great photo.,happy
"Fun fact: There are only 2,208 billionaires in the world",happy
"Okay, thank you so much!",happy
"Wait, no one finds it odd that Russia was playing war games over American airspace the day before?",calm
Okay thats cool I was asking because I didn’t know y’all better stop downvoting me,angry
Wow! Good for her! I’m so glad she was able to see through the bullshit!,happy
that was a horrible fix,worried
That troll and his Kotaku cronies have no shame. None at all.,angry
Looks like *someone* was there with her murderous someone.,calm
Uncle doods is awesome.,happy
The forgotten someone? He's pretty good on the Flash as someone.,happy
"He took the pin, and verbally put him over. Big night for someone.",calm
It's literally not. I love that people believe it. I'd like to see any info showcasing it.,happy
This is the single dumbest defense out there for aim assist. This shit is just retarded.,angry
"Yes, you’re right. Thank you for your kind words.",happy
i am aware...,calm
Thank you for telling me !,happy
More like someone. ,calm
Just about to say this!,calm
"Yet when you decided to fish for validation by sending someone nudes, you chose the masculine, handsome, man.",calm
someone loves his Starbucks!,happy
I knooooow. I’m expecting more water splashes :p someone I was not expecting a manga using the term *girlyboy* to actually be progressive.,calm
Im so sorry,sad
someone!!,calm
It was magic.,calm
That's a really good one too. I am pretty upset to learn how limited my vocabulary is,sad
FINKLE IS EINHORN EINHORN IS FINKLE!!!,calm
I'm just glad everything came out okay.,happy
"Ope, got a lil chuckle outta me there, sorry",sad
I’d love to get an update on what happened! (When you are ready),happy
I love my Red Wings because they're incredibly stylish and I still feel like I could stomp a mudhole in somebody's ass,happy
That ending made me so fucking happy. Fuck that guy. Congrats to you.,happy
I can’t imagine being this retired,sad
"Very true, honestly. Hopefully one day indiginous issues won't be a political career killer, and we'll have a PM that dares to do something.",happy
"It was actually pretty great, definitely going to return next week! :)",happy
Someone who wants to do a couple of takes and it's just gone past 9,calm
Just wanna say I appreciate you posting these videos every few days!,happy
"someone, someone, and someone should make the World Cup ",calm
"Darn. I'm sorry, I didn't know that. I honestly am out of ideas and I don't know what to do.",sad
Uhh have they really concreted those phone boxes shut?,calm
Level 50 and I started playing a few days after launch. And I've been playing whenever I had free time to finish those daily orders.,calm
Enjoy the ahuahuasca,happy
someone someone If she doesn't scare you No evil thing will…,calm
The only thing I find disconcerting about this is that you use tongs to stir the pan.,calm
Jumps like this are often explained by Twitch front page in certain countries. Every time it happens people get accused of view botting.,calm
"You're welcome, eh",happy
with these comments i thought this was r/vegan for a sec lmao,happy
"Lightborn, someone Demise, Look at a wall, Bait out the flashlight person, Slug. Wow, so hard.",happy
Or how big shoes he has to fill,calm
MLMs and religions all follow the same checklist. Interesting.,calm
someone is pretty af,happy
"Bruh I’d just go home, climate change is important but really though. ",calm
"I remember seeing someone in the States and smelling weed during the entire concert. Not really surprising, he loves the stuff.",calm
Poor wee thing is probably terrified somewhere.,worried
Lol it's a bit of both I think.,happy
Nice! You and her would get along i bet. She loves her crafty machines and creative people. 😇,happy
Daddy Patches!,calm
"Don't listen to them, we need to call this kind of stuff out.",angry
Several of the scenarios in the ad were talking about intervening when boys were attacking/bullying other boys.,calm
Talk to a psychologist. Sorry but they can help if you think you have a problem,sad
If he can't cut his pubes he'll burn it,calm
...? /u/iBiteYou I think he's finally gone crazy,calm
Thank you for understanding <3,happy
I'm not even a WWE fan is the thing. I've never once in my life watched it,calm
"How original, another “someone hates tutorials” meme...",calm
You're such a good troll. Good job! Way to really get into that part. You nailed it!,happy
Never seen an abandoned piss trolley at a bus stop in Armadale ever,calm
I hope it was somebody else's.,happy
It's funny to consider DMC2 had characterization,happy
Fun fact: 3 is both my favorite number and my lucky number!,happy
"You're a good man, someone",happy
Damage values would be fantastic. I also really appreciate having detailed kit information. We no longer use attachments so listing specializations would be nice.,happy
(apparenlty) a lawyer sending incriminating text message to a paralegal. this has to be really bad lawyer...,angry
Maybe. Or maybe its going to make the US stay. Some peoole are saying it was done to keep the US from leaving syria.,calm
Hell yeah! Make sure you get your tickets in advance because we are getting very close to selling out!,happy
There is a reason I said allegedly.,calm
I'm afraid that will leave Britain no better. Can't imagine the ruckus if remain wins.,worried
you're misinformed,angry
"Yea feel sad for that kid, that native guy is an anti someone activist who destroyed his life ",sad
"I tried my best, but my best was never enough. Thank you.",happy
"They're absolutely relaxing in this 3rd quarter, 7 points in 5 minutes so far...",calm
"You know, I'm rather disappointed, but admire your cunning at the same time",sad
This just oozes passive-agressiveness. I love it!,happy
Manlets unite!,calm
"Ah gotcha, lemme move it. New to this reddit stuffs ",calm
Females living on Recruit difficulty. Smh,sad
This girl is really hot. tight biker suit and all that.,happy
"Such a hilarious way to put it, and omg yup.",happy
"Some antique stuff might have lead mixed in, but brass does not intrinsically require lead and modern brass doorknobs certainly wouldn't as it would be a liability.",calm
did they say someone was hurt? Hes played like 4 minutes,calm
This is amazing!,happy
I'll take the downvotes and agree with you. Some of the ugliest looking things I've ever seen. Absolutely disgusting aesthetic.,angry
"To be fair, someone is an amazing broadcaster.",calm
Why is this not 5x5? It hurts my eyes...,sad
"I literally, like, hate people like that.",angry
You are the expert.,happy
someone on Road Trippin' with how much fun she has with ET and gets super straight forward with anybody else.,calm
Shows you that one must never underestimate the rust caused by ACL injuries,sad
You should probably just use the same soap that you use to wash your body. You can boil silicone sex toys to kill bacteria.,calm
But they aren't poisonous?,calm
Now that you live alone you don't have money left to buy a dishwasher,calm
Yea its really dissapointing,sad
"someone might be up your alley, friend. ",calm
These shows are scripted,calm
"Did a lousy job, my dishes are still dirty.",sad
Steven universe is a kid’s show that is also aimed at adults. A very intense 1 hot episode aired last night and people are excited.,happy
"If someone supporters trigger you more than mass murdering, child/wife abusing terrorists then I'd say you need to be admitted to a psych ward",calm
"You forgot about Argentina, 30k people died here because of the USA",sad
I enjoyed watching the crazy old man being dragged out at the end.,happy
Thought so. Thanks!,happy
Please ruin my wedding,calm
That sounds kinda crazy. I bet you voted for someone,happy
Nice! Boahs for everyone!,happy
"Borderline Personality Disorder. It can be hard for me to form lasting relationships, although I’ve been doing pretty well over the last few years.",calm
Now THAT would be an elaborate ruse,calm
He's a sexist piece of shit regardless so,angry
No. That is creepy and weird. If you don’t trust her .... move on.,angry
"Cheers, someone!",calm
Biggest Welfare Queen in the world!,happy
All the time,calm
Good one.,happy
All children should be given the option to learn about how to effectively use the rights they’re entitled to.,calm
"Without any kind if proof beyond ex gf’s texting eachother, im not going to just up and believe this",calm
Baba Yaga has very defined taste.,calm
"Watch out OP, the choose your own adventure folks could sue.",calm
cross post to /r/palestine they will love this,happy
No that's called your sister is the milk man's/s,calm
I find your lack of someone disturbing.,angry
"Because you can just leave her and start a new life for yourself, if she does not want to abort but you do, it’s her problem",calm
Yeah that seems better if you know you are facing ToT,calm
Good job someone!,happy
"Not gonna lie. Sucked out a few, but am really trying to analyze my play afterwards. Thanks!",happy
Absolute woo-woo.,calm
Phew!!,calm
"Lol valid question, but yes. We've been using the bf and gf terminology for about 5 months.",happy
Burn through ALL THE DATA,angry
"Your body, your choice. Sorry it had to mean the end of the relationship. But it's better now rather than later as tensions grow. ",sad
YES FUCK THE LEAFS. MAY THEY CONTINUE TO CHOKE IN THE POST SEASON.,angry
Oh man. I had to do it last year. Hopefully my leaders think more highly of me this year.,happy
"Team chaplain Edit : To the downvoters, he actually acts as team chaplain ",calm
had to play the Jazz just in time for second half of the season someone smh,calm
"Here. I didn’t delete it, but rather changed my tumblr name.",calm
Nice glad to hear man!,happy
Sir that is a popular opinion. I'm too afraid of what sort of trade will happen to want one.,worried
“Richtofen breaks the cycle!”,calm
But I hate trannies and feminsts owo,angry
There aren't really any consequences of an alignment change.,calm
"Forget the prison, use his own guns on him. ",calm
People label him as hysterical but he’s probably one of the calmest amongst someone on Twitter IMO.,calm
"I have this too, so don't worry. We are not crazy. Just regular humans who happen to have an anxiety issue. ",worried
They did and he is going to be extremely difficult to feel much empathy for him.,calm
Reddit culture is truly the worst.,angry
Oh certainly this winter has been mild. It just started taking a dump on us the last week or so,calm
"I SAW THIS ORION IN HALF, AND WITH THE POWER OF SPEAR SPAM,,,,, :DDD",calm
It's not there he is just being his usual jerk-off self.,calm
"Thanks, I wouldn't have noticed the car without it.",happy
Hey. I like you,happy
Welcome to my world. fml,happy
"To humor the thought, I would think that they would just move on and find a different platform that either worked equally as well or better.",happy
Y'all really out here supporting authoritarian Venezuelan dictators huh.,calm
Except his opening move is 1.f3.,calm
A west coast NYE show consisting solely of sunset photos.,calm
Just goes to show how stupid they are,angry
"Well I mean OP said this was a year ago, I meant that they could STILL press charges.",calm
Actually I think they were saying on ETR that you have to use it or you lose it for expansion teams,calm
"I didn't mean to imply you did! I just know that's a mistake I've seen a lot of people make, is all",calm
someone. 45th and Lamar. Get some frosty margs going. Been married 17 times. Had every bachelor party there since ‘06.,calm
Gotten death threats and people compare me to flat earthers.,calm
Wishing death upon someone you have never met and just know from TV. Nice,calm
"This made me laugh, have an upvote good sir ",happy
I thought the exact same thing. Especially since he kept saying he hadn't done anything wrong. He totally smoked crack with her.,calm
Snuggling with my boyfriend,happy
Sorry thought you were the other guy that said it was a privilege.,sad
I appreciate that you care about me. I've been thinking about you as well.,happy
Yikes that made me tense up. Not sure I was breathing. 10/10. Very painful looking,worried
Yeah guys assume 95% of attractive girls are taken OR have a bunch of guys hitting on them online.,calm
"In the sub's defense, this guy is clearly a minority opinion being downvoted.",calm
haha ye ik i was smoking weed for a while before a had to stop. thanks one love,happy
"Yeah, I have made it clear to most or all of my friends that I am not available instantly, lol",calm
Couldn’t find my wallet for the last 4 days. This also happens to be an awesome way to not spend any money.,happy
Argh. The most stupid and needless abuse of power teachers do. Some particularly stupid ones at least.,angry
Your welcome.,happy
">If you were to confiscate $900 billion of someone assets, lmao",happy
"Read any someone comic, he’s definitely super at tons of stuff.",happy
What a strange song,calm
“Bahahaha” Isn’t that a quote from the Raving Rabbids?,happy
It was pretty cool seeing him play all the horrible games based off his childhood stardom on AVGN’s YouTube channel. Fucking someone.... Bane of my childhood.,happy
When you're accustomed to privilege equality feels like oppression.,angry
welcome to the Idiocracy.,happy
"Yours truly, The reddit supplicant. ",calm
One ️ig shlong,calm
r/woooosh I guess... xD,calm
"Lol I know, right? It's unsettling how bloodthirsty some people are. ",happy
"Damn it, why can’t I give this multiple upvotes?! Sending love for this from the US.",happy
I once had a guy yell something obscene from the window of his truck and throw a half full beer can at me too... good times,happy
Thank you new best friend.,happy
"Well they did make it entertaining on someone, almost forgot OW has all these heroes.",calm
"It’s not so much the heat, it’s the humidity that’ll kill you.",angry
I am but me and my SO live separate lives.,calm
The line the reviews were not positive made me laugh for some reason.,happy
This isnt a excuse. It affected their start last yr also.,angry
Thanks i really appreciate it.,happy
"To show themself in public like that they never did grow up. A 11 year old in a 25 year old body. Sad, really.",sad
Marry her!,calm
"""It will be cool a """"Classic BF maps DLC"""" on this time period. And a Stalingrad battle map <3 And a berlin map.""",calm
True despair.,sad
That face in 0:18. That's the face of happiness,happy
"""That """"Duff City"""" belt is an amazing touch""",happy
Happy cake day u/sneakpeekbot!,happy
"Honestly, the fact that they're over and done didn't truly hit me until I saw that they now have a Greatest Hits album.",happy
Nice Sir !,happy
"As a someone, I would like to extend an apology to anyone freezing in the polar vortex. ",sad
That's bad,angry
This has to be made as a satire of terrible memes . Like r/okbuddyretard material,worried
Nothing about that looks comfortable,angry
"Man, I can’t wait to buy cannabis from someone.",happy
"Okay, so the wording didn't matter because she was already too into you. Still nice, thanks. ",happy
It’d be nice if they tried to play defense,calm
how are your trolls really this bad,calm
My 2 year old loves Word Party. Story Bots is another good Netflix option.,happy
Fuck the cubs,angry
Am I *wooshing*? I don’t believe there’s a patriarchy in the US,calm
Now you know which cars to wreck into !,calm
"""Say """"ship"""", ok, ok, now say """"sheep"""", kai ksana mia allh fora""",calm
"ok thanks alot :), just extremely weird VAC bans are less harsh than throwing for Skins. lol",happy
This is great news. Congratulations!,happy
The goodest boys are the hungriest.,happy
I heard your dad went into a restaurant and ate all the food in the restaurant and they had to close the restaurant.,calm
"I'm on the receiving end of a breakup, and i'm not handling it well. So cheers from Germany!",happy
"Thanks, I hate reposts",happy
Hey same here!! The first week of April!,calm
someone must have like 6 rebounds already,calm
My first thought,calm
Tonight the phoenix named someone will rise from the ashes of last season. The last few games was just him poking his head out.,calm
Well when you’re on the internet never say use the term no one because theres always those few idiots,calm
"#FURRIES 😾 OUT, OUT! ^👉 #🤚 WE NEED A WALL 🖐️ AROUND R/SUBREDDITDRAMA 👋 AND MAKE R/FURRY_IRL 👐 PAY FOR IT!! ☝️",calm
"Counterpoint, ACAB.",calm
Congrats and good luck moving forward!,happy
"You don't get it, they mean *these* types of immigrants, not *those* types of immigrants",calm
HAHAHAHA!!!!!,happy
"5 Chelsea players, hits Arsenal player",calm
someone I miss someone. Still is and always will be of my favorite players.,calm
Uh . . . Uh . . . I'm not feeling so well.,sad
He was huge!,calm
Can't fool me woman!,calm
Hugs hugs hugs. So many big hugs and good vibes. That's the only thing I know how to say right now.,happy
Do keep in mind your phone needs to support the Low Band signals My phone does not But it has noticed less congestion,calm
I'm so sorry you're experiencing this. I hope the therapy brings you back your husband.,happy
Native deciduous tree species or gtfo!,calm
Same with someone. I was even disappointed Parks and Rec had newt gingrich on for a cameo.,sad
SAF is also in the list for Facebook. I triggered some people when I set my birthday fundraiser up.,calm
25 m from Canada! out for 10 years now! I'd love to make a new penpal!,happy
Looks delicious.,happy
Like and share,calm
My imaginary friend is always busy. I never get to do anything with him eigher :(,sad
"Get woke, go broke.",calm
"That's ironic. Because someone isn't getting the Wall funded, we are pulling more resources off the border blockade effort?",calm
I kinda like the swirlies in the hair. But then I saw that her eyebrow is actually just the hair and hated it.,angry
someone needs to come in now. There will be so much space for him,calm
"I mean if he’s into it, sure, whatever. I’m not one to judge. ",calm
"Yeah that is a pretty crap and unhelpful thing to say, especially coming from someone who works in that job. ",angry
Your friend rich af,calm
"These look fantastic. Please go and work for the Suns, they need you more than they know.",happy
"Of course it can, but if the information is true than you can’t blame the information",calm
Definitely not lol You could probably find a better boogyman than that,happy
USC had 4 guys commit 2 fouls in the first half. This might become a war of attrition.,calm
"That depends, some are only on low t doses with shit genetics while others are blasting tren with their break fast",calm
ORaNgE MaN bAd AnD iS HiTlEr!!!! EvErYoNe I dOnT lIkE iS HiTlEr!,calm
someone still looks him off unfortunately but he made a three,calm
The biggest problem is measuring IQ in some universal way. The tests all have built in biases about what the author considered intelligence.,calm
"Yes. Wait until recreational marijuana is legalised federally. Portugal could legalize all drugs including cocaine, but they are a small country.",calm
I’m glad I wasn’t the only person who wondered about someone.,happy
someone sounds so depressed,calm
"""someone was caught stealing his neighbors newspapers. He pockets all the money that is given to him and he does not use it effectively. someone sad """"life""""""",angry
Glad to see people actively calling out yet another asshole on here pretending to want to help people. Good show!,happy
"Most of the cast of Riverdale save for someone, but for some reason my girlfriend and I can't stop watching this trainwreck of a show.",calm
I do this when rolling haha,happy
Everyone forgot to tell you the 1st step is to marry the Sheriff's daughter.,calm
Never ceases to boggle my mind how truly ignorant some people are.,angry
Did not expect pint sized someone. That was cute!,happy
I do crazy’ I love to clean man. Just have fun. Or at least try.,happy
Of course they dropped the ball; that’s what you do on New Years Eve!,calm
This comment killed me. RIP in pieces.,sad
"I got them, stagediving out the nosebleeds!",calm
"I have a feeling someone wasn't innocent in that fight. Not that it's ok, but I instigated shit too. They are on drugs.",calm
Happy to hear this! Stay strong and continue fighting! We believe in you <3!,happy
"Thanks I have been, hopefully at an acceptable level to yourself",happy
"Wasn't getting anywhere to begin with, might as well have some toxic fun with it.",happy
that's hysterical. two legitimate babes.,happy
You sound like my gf. I'm so lucky to have her in my life.,happy
"No matter what lies you choose to tell, you'll always be just as broken, and it'll always be just as obvious. ",calm
Oh well... I'll like both of you.,happy
Good luck!,happy
someone is such a pretty lady. I'm jealous of those huge eyes!,happy
When you have a fever yes,calm
"""...except it really IS """"maybe next year.""""""",calm
That's what *you* want you to think!,calm
Just woke up from one. Glad to know it's not just me. Hope you have a good return!,happy
Obv a joke product you'd find in a novelty toy shop.,calm
Go to the police. Get a restraining order. That is not okay.,calm
covergirl (girl...girl..^girl...girl... ),calm
Not up in UK yet,calm
interesting theory. I'll try to keep this in mind more. ♥,happy
Yeah is saw that. Poor someone :D,calm
There’s never been one person doing okay who someone wasn’t willing to drag down.,calm
A credit score is not important: Convince me otherwise.,calm
"Unfortunately, on the stupid official Reddit mobile app it doesn’t work. I miss my Android and Reddit Is Fun app",angry
So much tininess!,calm
"Thank you. I’ve been doing more research about today, there’s definitely a lot to consider.",happy
What's the fucking point of this post? Is just baseless claims with no proof to back them up.,angry
Those things still haunt my dreams to this day.,worried
"Thank you. I hope things get better for you, and I believe in you, too.",happy
Wow thank you so much for this response. I wrote down everything and will try and do it all.,happy
Hell yeah frick that promiscuous girl,calm
His left hand is mightily fucked.,sad
"I have a feeling you're one of those far rightist trump supporters trying to use someone. Your uncaring, almost sociopathic idealogies make me sick.",sad
"When you assume everyone is sane and rational, you get caught out by the insane spinning their insane stories. ",calm
Oh really. Go ahead and try to reason with an religion government that their power should be limited. Good luck.,happy
"7) All success, disappointment, and venting posts may only be made as comments in the weekly megathread.",calm
“we love someone!”,happy
Oof. Same guy probably would've had an aneurysm if he saw how much my boss charges for a cup of shredded cheese,calm
No TV Party for you 👎,angry
Love mine too. t-shirt,happy
Yikes. She sounds like she's one bad grade away from shooting up a synagogue.,angry
I wish I could be half as cool as that guy,happy
"That’s a statement I can actually get behind. Not because of anything he’s really done, but that Scientology stuff is... weird.",angry
"""Speaking of /u/'s """"If your nips aren't leaky....if you ain't lactating....YOU SHOULD BE FUCKING PRACTICING!""""""",calm
"Well, you're shit outta luck then. All you can do is bear them feels.",happy
I did it. Lol.,happy
"Ha, I'm with you on that one.",calm
You missed the pi.,calm
"That makes sense, thanks",happy
Ah. Will to Power vs The World as Will and Representation. My googling got me so close yet so far.,calm
Thanks for clearing that up,happy
"Completely, it makes it into a decent panel",calm
I like to think they put that joke in because of the meme,happy
Except the ones trying to zipper by flying by everyone just to slam on their breaks to zipper...,calm
Thanks! Need to rewatch the series soon,happy
Ru has so much personality this episode,calm
Stinks because ive been in this program for a year with no pay.....back to the drawing board.,calm
Aw look at her little coat,happy
"I mean there's some truth in so far as the criticism should be first and foremost directed towards the parents, with someone in a close second.",calm
It doesn’t look like the opening is wide enough unless you turn the plate sideways. Crazy way to present food,calm
U get an updoot from one sad person to another,sad
"""""""We lost good people on both sides""""""",sad
Fucking love my pixel 2 ended up hating every Apple device I owned,happy
someone is seriously in the top 5 best female characters ever written for TV.,calm
But at least you could Get to someone more quickly.,calm
"This movie was awesome, what’s wrong with you? I’m sure the next one is gonna be totally rad.",happy
LOL watch this with the Raptors' commentary:,happy
TBH she kind of brought it on herself. I'm glad the GM came to his senses.,happy
"I enjoy vintage cooking porn. A young someone trussing a round roast, for example. ",happy
Now it's cheering for the two to come back,happy
Well cancer is sort of like a constant injury....,calm
"someone is there for under 24 hours and already meets two someone. Nothing to see here, folks.",calm
"Sorry to burst your bubble, but winners write history and since leave won ... */dodges incoming tomato*",sad
Wow your metaphor is way better than the similar one I just wrote elsewhere in this thread. I'm going to have to steal it.,happy
"""I can safely say as a """"frozen pizza connoisseur"""" across various ovens, I've never had an unevenly cooked pizza from it being on a pan.""",calm
Unhhh has not been funny for a while now. This is definitely a terrible idea.,angry
I think him and someone are gonna start getting similar amount of starts. someone is just finally able to play again after getting hurt earlier.,calm
"Trading for Zubac is a pure tank move, he averages less than 7 points a game for his career. ",calm
Hey look It's a Bernout from Potomac! Lol,happy
"its ok, glad i watched the show, i enjoyed it.",happy
I thought funwaa was made up until I actually visited the site,calm
I love making fun of social outcasts.,happy
"Hawaiian pizza to the maximum, shout out to Caffe La Via @ Malvern lmao",calm
Society sucks. I don't even consider myself a part of society.,angry
So you are projecting to defend your hate. Nice psyche you have there enlightened one,angry
This post should demonstrate that it already has become one of those subs. Disingenuousness is rampant here,calm
"Thanks for that, I just turned 35 and considering nursing and starting over too",happy
This is weirdly funny to me,happy
Apparently America is 400 years old according to him as well.,calm
"Ooh, that's interesting info actually (*heads to capfriendly to check how many years until someone is a UFA*)",happy
And I for one welcome our new meme overlords.,calm
Black Mirror is great.,happy
Haha yep. Thanks. Fixed it!,happy
That wasn't very incredibilis of you.,calm
Yeah but don’t you have to get in the water to save lives?,calm
I love the title of it - “Everything Is Going to Be Okay”,happy
"haha they definitely test for patience... looking at you gov.uk, and the whole of hmrc if I'm honest.",happy
>Now... it's personal >unsheathes katana,calm
Maybe they want to be a show couple ?,calm
"""I workout to """"the grid"""" a lot. It's a 20 minute piece that continually builds. Its wonderful.""",happy
Got to love all the fake fans that know nothing about hockey!,angry
in away that smarter than the average six year old,happy
"Fuck, my wife and I spent less than a *fifth* of that. Wow. ",angry
Dad of two boys. Still find this unsettling. My oldest kicked me in the head one time while I listened for him in the womb,calm
It's not cool that so many are going without pay and unable to make rent or buy groceries. Is a travesty that a manufactured crisis has come to this,sad
sorry mr brolobo,sad
That son of a bitch!,angry
Stuff of nightmares imo,calm
"Now that took serious skill and training. 3 warnings in half a second, all while deflecting the aim of the aggressor and counter-firing.",calm
"Fellow someone fan, reporting in. She's my favorite character in the series lol. ",happy
"If by discount you mean free, yes I do.",calm
Probably because he is in a spiderman suit and is planning on doing something funny.,calm
I love how someone touted the Hong Kong model as something beneficial. What a joke.,happy
"HAHAHAHAHAHAHAHA 1937 - 2016 = Polls not very accurate 2016 - 2019 = Oh yeah, polls have evolved, they're like super accurate now ",happy
Thank you for charging your fucking phone!,happy
I feel truly honored that you gave up the jubilation of being the only person to see that peanut and sharing it with us,happy
My favorite someone and she was awesome as someone. I also loved her playing the opposite someone to someone in DS9.,happy
but in this case we are actually givining him somewhat of a trial first. big difference.,calm
Pretty certain it was already reported a long time ago that Japan was getting the censored cut of the game.,calm
"Thanks man. We had a taste of the storm Thursday. In South Central PA, we are all ready for the shit to fall.",happy
"It's amazing how people will tell you not to go for something, but then are the same ones who can't go 2 minutes without it.",angry
Came to say the Ravens. I always pull for them no matter what for your laid or reasons. Plus their black and purple jerseys are so nice.,happy
They said that about Standard Oil as well. No company is too big to fail provided the state is stirred enough to take serious action.,calm
Oh sorry on my phone auto correct. Which does jobs you focus on one person ensuring that they are ok,sad
Tell that to r/Polygrumps (very *VERY* NSFW) dude. They scare me more than this sub.,worried
Weird how analgesic is the opposite of what I might’ve guessed it to mean,calm
"""I like how even in her own post she shows the doctor just said """"what"""" clearly not understanding her ramblings """,calm
"Seize all his property and assets. Redistribute to homeless and single mothers/fathers. He loves food banks, let him use them. ",happy
And riding one makes you look like a man trying to be tough during his mid life crisis.,calm
"Yup, he's still one of the strongest turtles in the game though. Eventually you're gonna have to attack.",happy
Bore my children,calm
"Because bullying is a way to enforce social conformity, and discourage people from being different. ",angry
You. I like you.,happy
"I told him to go away with his best friend to California, I am so appreciative!! ",happy
they are going to need a gardener soon!!,calm
" No one makes that argument, though, except strawmen invents by the right. ",calm
That's the first time I have seen OG pass up that kind of opportunity.,calm
"Just get down their half, Ulster! Heart can't keep taking this",calm
This is the most early 2000s thing ever. I love it.,happy
Here is their other hot wallet: the story behind,calm
GET HIM BACK!,calm
You have just been r/woooshed,happy
Man I jave never heard such a load of horseshit.,angry
Bee/fly = white pepper/black pepper,calm
Stop saying that ? Makes my tummy upset 🤢🤮,angry
#I am relaxed,calm
Thanks. That's a handy resource. My question remains unanswered.,happy
"Imagine that when you breath in, your lungs feel crispy, that’s what -10 feels like",angry
Dude is hilarious,happy
Bet Highland Council are sorry they sold their bunker last year.,sad
"We got a room full if potheads, were gonna need back up.” “I’M ON MY WAY!”",calm
Cut this out .. ALLEN or bust,calm
They are the furthest left of the major parties mate.,calm
I REALLY love martini glasses. But not this much.,happy
Don't call this baby a jerk It just loves its humans too much,happy
And then expanded on! It's so good. Haha I still remember hours and hours spent on Friends of Mineral Town though...,happy
Man. Just tuned in. Forgot it was an early game. Looks like it's been a positive game so far from pretty much everyone.,happy
Interesting that these two have made such a splash. I might check into this season if it's worth watching.,happy
I love your honesty. What you wrote expresses fears and questions similar to mine. Thank you so much.,happy
I’m worried about someone too,worried
Videos on YouTube bout this it's old,calm
Because it is.,calm
"Im also just a stranger, but if you need a friend online just shoot me a message!",calm
"Or you just don't understand what fascism is, the role it plays, and the material conditions that bring it about.",calm
"Thank you for the vote of confidence, but this experience has really effected me",happy
If anyone deserves one...,calm
"Right but you don't have to pay it a living wage, provide insurance, and it can't unionize. ",calm
"Δ sorry I completely forgot about these, but yeah you definitely changed my view ",sad
>48 thoulsand minutes listened just on spotify Those are rookie numbers! Gotta pump those up,calm
I would but they don't make anything that fits my needs.,sad
You're welcome,happy
I feel personally attacked by this salad,angry
I honestly don't know but the more attention something gets the less it gets ignored,calm
I get it but it wasn't what i was talking about.,calm
Double the size of mine,calm
Stargazing with Vi is definitely my favorite moment of the season so far,happy
WHEN IS SOON YEEZUS KRIST,calm
Hopefully you will be ok.,happy
Kinda hot tho,calm
I'm imagining impossible skill checks doc with a pig. Being in madness 3 with a reverse bear trap on you in the radius of unnerving pressence *shutters*,calm
"""Yeah the only """"compromise"""" is get married ASAP so you can have sex again (which is a HORRIBLE idea).""",calm
Wow she’s getting a spud in the head the next time I see her!,happy
"Yeah, it basically gives us carte blanche to challenge every single gun law, lol. someone.",happy
What a unit,happy
This guy looks like an extreme feminist with a man’s face,calm
There's really no way to know since my lady hormones prevent me from remembering sexual assaulters' identities.,calm
Maybe they think they’re attractive. Some people are oblivious until proven otherwise.,calm
We have the same feelings,calm
Man being unattractive in appearance has pretty much taken any joy out of my life,sad
The fact someone met her at the airport should tell you all you need to know about why they did it. What a farce.,happy
Is not that safe here are links I posted in other,calm
I hate u i love u.. best song that describes that,happy
lmao i love this!,happy
The 2nd worst president. First time i voted. Been trying to live it down ever since,angry
"I'm with you, pulju has been looking dangerous lately",worried
Lol oooops!,happy
Of course! Didn't think about that. Guess we'll just have to keep backing out if the looting menu for a few months until it's fixed,calm
"same, I didn't want to stress and try the impossible (winning 23 ranked matches in a day... oof)",calm
"someone has been really blunt about things lately, I love it.",happy
> Im a milan fan I'm so sorry.,sad
I'm jealous. Wish I was in fl on my porch.,angry
Thanks for reminding me. I can find better burgers,happy
Oh someone. So it looks like a head shot with a 50 cal.,calm
Thank you kind stranger. You might have just made my eyes mist a little.,happy
Comic sans to seal the deal. Love it.,happy
"Your definition of a body is whats entertaining, laughable really !",happy
I'd worry about traffic more than the TSA.,worried
Yeah shame is hard to deal with,calm
Oh someone it's someone against dinosaurs again,angry
Yea he’s a good shooter love playing as him in MyGm,happy
like a someone of them,calm
But at least you know where you stand with a restraining order. At least 1000ft away.,calm
She’s so cute!,happy
"Shucks, that's 11am for me. I might drop in one day when I don't have work. Thanks!",happy
I love how happy he looks while listening to tool.,happy
We're playing great!,happy
I'm 33 and every year I'm more sure I never want children. I am perfectly happy with my husband and our cats. ❤️,happy
"Almost but they took me to the hospital instead. Went through medical court, got forced to do treatment.",calm
It goes away and can be treated. Once treated it would never return until she had another child.,happy
This way it becomes undeniably clear that it is the someone who are the problem.,calm
"Lucasfilm never once said he was ancient or all powerful. someone did, but that was an actor trying to build up hype for his character",happy
Fly out of KDVT? Love flying out there.,happy
Hey cool! I'm a cow. I love milk. Drink a litre a day at least. Love me some moo juice.,happy
"You will miss 100% of the shots you don’t take, you just gotta take a chance and see.",happy
Goodbye someone,calm
Simply amazing.,happy
Crosspost! We're cool with crossposts.,calm
Incredible how you can... SEE RIGHT THROUGH ME!!!,happy
Maybe work on being a little more optimistic for the future......don't be a debbie downer! :),happy
I worked in a daycare,calm
Makes sense since he usually is the one to clean up kills while others make contact,calm
Now ask me if I care. It's irritating and stupid.,angry
Northern Ireland?,calm
Just give me 20 million dollars and let me retire early. gg wp life,calm
"someone can't create on his own and has no in between game, someone is too inconsistent at it.",calm
"Funny how artificial famines are genocide when the Brits do it, but not when it's the Soviets. ",angry
We want buns,calm
"I used to work with a guy that was always whining how tough his life was. My family this, my friends that. Very annoying",angry
Dude nice catch lol,happy
"so did someone, she really held back",calm
There is clear video of them harassing people before any confrontation.,calm
my parents did this to my sister who was just a tomboy because they feared she was transgender and now she is super girly and not herself anymore,calm
"""Basic translation """"I'd rape you if I weren't a virgin!"""" Super creepy.""",angry
I love how she has no idea what to do. Like stop drop and roll 🤦‍♂️,happy
You have sound advice. Thank you. Another issue I have is this is an entire state away from us. A minimum 4 hour drive.,happy
I think they are leaving it up because they know they can't delete it.,calm
It doesn't *meet* any moral or ethical standpoint.,calm
"I am already using ublock. Thank you for suggesting ghostery, didn't know it.",happy
They probably aren’t wrong. I’m sure many ppl diagnosed asd today used to get diagnosed agoraphobic borderline schizoid avoidant gad etc,calm
you made me think I was in the dbd subreddit with that statement idk why,calm
Shhhhh you are devastating their argument. You might trigger them. It’s the only trigger they love.,angry
The someone are all laughing at each other. They are divided. We need to strike them down while they are weak.,happy
Cleaning up my balls,calm
More likely to rape??? Stats?,calm
I hate when people down vote to hell when someone has a different (yet valid) opinion,angry
Can confirm. I've been trying to get out of bed for an hour and 15 minutes,calm
just bulk until you can control yourself again.,calm
Well I guess Blazers lose cause they're down? :(,calm
I really like your writing!,happy
"It’s just a comparison to use for understanding. There are significant similarities between lobsters and humans, and lobsters are easier to study than humans.",calm
I thought it was going to cut to them still trying to get it out of its mouth! When the kid was holding it again I lost it,sad
"I really hope not. Personally I have no interest in VR games, and not even my favorite game would change that.",happy
Honesty!! Rare,calm
"Instead we'll buy players like Drinkwater, Bakayoko and Zappacosta. ",calm
Oh forgive us for trying to make an exciting atmosphere at our homecourt.,happy
Money can't buy me happiness...,calm
Desperation doesn't think.,calm
So many freakin' softies dude.,calm
You took the **bait**. Unless you masturbated to it.,calm
Next commercial break mute your TV and watch this for old times sake,calm
"With someone at over 30m (on average), our 2nd expensive player is only at 14.7m? Wow...",calm
"Hat tip to /u/ianamolly, this is from Sept. 2017 - ",calm
If your 60 and up you’re probably causing the racism,calm
Or saving cows,calm
someone is an inside player,calm
"Oh no, learning a while move set is so much work! But thanks, that's helpful. ",happy
i know this isn't a private corporation and only the government so no real reason to be that concerned.,calm
I'm in the opposite boat. Just make the nausea stop pls thx.,happy
Happy looking fella ain’t he!,happy
someone is a queen and y'all better treat her like one.,calm
"Peta killed a dog once, so peta is bad, so veganism is bad, so its ok to kill and eat billions of animals (including dogs)",angry
"Those refs were terrible, god damn. GG Buckeyes, it was much closer than the score suggests.",worried
There is only one metal that should be sliding down their throats. Ka-chunk!,calm
"""That's an odd context for """"cockblocked""""""",calm
good luck buddy,happy
It's so focused on the presenter and he is so unengaging it's painful.,sad
Fat dont fail me now!!,calm
RUM HAM!,calm
The guy who thought of this chokes the chicken.,calm
He wasn't chosen for me... He was chosen *for you*. I may have said too much...,calm
Didt know he was a point guard and should have 7 assists a game .,calm
I think a few guys on the team have said someone just listens to country music lol.,happy
Sorry was late at night and i was in a real depression fog,sad
You’re funny if you think 27 vs 1 is going to somehow end in a good deal for the UK.,happy
"correct me if i’m wrong but when someone eliminates someone, she technically has a better track record than someone?? i’ll fucking cry",sad
"Yes, a month ago.",calm
That was horrible defending what the hell,angry
Because monogamy is unnatural.,calm
In a thread about six right wing American terrorists you managed to call leftists the violent ones. Incredible.,calm
It's common enough that we have a specific term for them. We called them PX Rangers. The PX is the on-post department store.,calm
But what if they have sons?,calm
"They're all bad enough to be lumped in to the same category? You either have very high standards, or none at all.",angry
"Funny enough, not all someone are celebrities.",happy
crowd needs to get amped up...seem a little lifeless …someone drew a charge CMON LETS GO,calm
"Yes we do the want, need, wear, read thing already. Trying to get her on board with this will be like pulling teeth.",calm
"Good deal, thanks",happy
If you want an OG Dragon Ball rep then throw in Roshi,calm
Sacramento fun as hell,happy
Nope. I'd rather they fix their servers instead.,calm
I think she means he was her boyfriend for 5 months,calm
"No foreplay, no connection, if he doesn't know what he's doing. If he asks for a blow job and then refuses to reciprocate. ",calm
"I personally wouldn't have best offer on and free shipping, customers will always always put a lower offer and you have to cover postage too. ",calm
I like how they roll,happy
Thank you. 😀,happy
So has someone if you want to be very picky.,calm
That's just... Wow. I would've called CPS on her.,happy
Pulp Fiction is fucking amazing,happy
You are going to do the dishes now,calm
It happened in back to back home games earlier this season but hasn’t happened since.,sad
I kind of want this win for someone but I still hope we lose out hereafter,happy
"Do as I say, Not as I do",angry
Hangry is real and it comes with a horrible vengeance at fast food places and restaurants,calm
Don’t forget that he’s only 23 years old 👑🔥,calm
They are elected to represent Scotland,calm
cheers for the replies guys. appreciated,happy
"Bat Out of Hell is awesome start to finish, I'd love to see a musical based on it.",happy
"No problem here, as long as neither one of you are the asshole.",angry
I’m glad to see someone finally get the big screen presence they deserve.,happy
Thanks for clarifying!,happy
he's playing you on not just this point and you eat it up.,calm
I forget my friends and families names on the regular....,calm
Sounds like not a typical 1/3 hand ...,calm
Appreciate it.. just for trolls sake Plot Twist : The one trick has no mic XD,happy
Haha I meant someone. I was a very chatty fast bowler/no.6 pinch hitter.,happy
someone username xD,calm
It looks like Marvin the Martian's ship. I'm still geeked as hell though. Also glad they provided a space suit for scale.,happy
someone stop thinking too much and just do stuff like that,calm
That’s all I noticed.,calm
"They didn't actually run any tests to confirm it was even bone, let alone human.",angry
My drunk gf found each sentence of this joke funnier than the last and is now covered in toothpaste,happy
I love how someone delivers the Italian lines.,happy
Completely! She's not even close to that skin color.,calm
I just get sad when I see people commenting on articles and videos about him that they think he's on drugs.,sad
"as a Ducks fan, this thread makes me sad...",sad
I cant even get my spouse to share the same bed...fml,calm
"I'm a dudes, he's a dudes, she's a dudes, we're all dudes!",calm
Delete your account.,calm
I feel sorry for her son that must have been super cringe,sad
Orange man bad.,calm
"""And lo, for he took to Facebook and quoth righteousness, and the people were joyful, and gave unto him many """"likes.""""""",happy
"Problem is we don't have much else of value. someone, someone, someone. We have to hope someone likes THJ.",happy
"Because at best, you’re a racist and an apologist for at least a wanna-be dictator and his supporters ",calm
That’s awesome news! Welcome to the family!,happy
"I’d love to hear Zombie Bastards, King of the World, and the Angel and the One. ",happy
"Wow! If they were to follow that logic, they would have to ask why on earth we were given doctors! Insanity.",happy
This wasn't him forcing her to get an abortion or breast implants dude like seriously you are being pretty ridiculous.,angry
Lol it was worse for them last year,happy
2009. What a year to be a 10 year old,calm
Anytime :),calm
"Not really, they can do what they've been doing and force a no deal brexit pretty soon...",calm
"Nah, I’m good, just trying to help you out. Have a good one",happy
Love this picture,happy
Thank you so much!!! You are truly a lifesaver,happy
This is such a dumb statement considering the Rams have benched someone for someone with a ton of success.,calm
My score per minute is terrible because I only snipe so asking the wrong person. Sorry dude,sad
It's a shame that so many experimental psychology studies are still using such dubious statistical practices.,angry
Thank you someone goodnight,happy
Hey /r/Hockey Bro! Sorry about the Sens. At least this made you smile in the dark times.,sad
...they were in the tree,calm
Almost heaven...,happy
I actually found mine today! I will give it to my 1 year old,calm
If he was a human being he wouldn't have subjected me to that song damn near constantly for a year.,calm
Grab her testicles,calm
someone is a fine woman leave her out of this.,happy
I hate that myself,angry
"""""""This is just unprofessional"""" lol""",happy
I like these kinds of multicultural projects. Very much in line with my feels about South Africa.,happy
The NHL has the best All-Star events. the 3v3 tournament is so fun to watch.,happy
This is truly terrifying.,worried
Good bot lol,happy
NOW she needs that scotch tape,calm
gaslighting!!!!! he’s manipulative,calm
I’m hoping! She wasn’t bad at all in this episode!,happy
I mean going on a dating show when you have a girlfriend though,calm
Thank you. I appreciate your kind offer.,happy
"lol wow missed that, it stays",calm
And then he calls the fans crybabies for saying his movie sucked. Just take the L dude.,calm
...by the same person even,calm
How dare they not have the foresight to realize he'll become a president we don't like decades later.,angry
This is the first person Australia has tried to do this to...,calm
someone ain't all that. Sorry.,sad
Put that back where it came from or so help me...,angry
thank you i’ll focus on education and just bettering myself to the best,happy
This looks like it was written by someone’s desperate to be “down with the kidz” mother.,calm
"someone bless you, fellow someone! What a wonderful testimony of the changes that someone can make in us. ",happy
"someone as a Giants fan and someone as a someone, I think I need this ",calm
I think she looked perfect beforehand. They're just too big!,happy
This particular clip had been posted dozens of times already. Still adorable but come on guys!,happy
I love chicken,happy
Wow thanks. Was hoping to see more exact same moon pics for the eleventy millionth time.,happy
Da’ts a beauty. Got sniped at auction with seconds left to lose someone from this summer.,happy
"Your question was is 4.2 inch small for an erect penis, my answer is yes it is. ",calm
I got hung up thinking like this for thirty years with my first and only love. Don't let it happen to you.,happy
Don't you fucken do it,angry
>Doctor: So do you cancel a lot of plans you make with friends >Me: uh technically no,calm
Really well said.,happy
One of someone elections revolved around his supposedly illegitimate child. Congress used to get into physical brawls. This isn’t some sort of untouched level for America.,calm
Totally fair. I would be sad in your situation. :( I hope you find it. You're not wrong to want those things!,sad
"Sorry for late reply Rosetta is an actual name, it is different than Noctis, Rosetta doesn't hit you like a cricket bat when you hear it.",sad
Then wouldn't someone have gotten sick too? As well as every other character who covered themselves in guts?,calm
OH someone THAT'S TERRIFYING SOMEBODY SAVE US ^/s,worried
"True love isn't something you find, it's something you build. ",happy
this reddit is so good man i feel at home,happy
"Oh, you thought I was referencing you ... you may well be right.",calm
It should go well with kratom anyway. I need to just eliminate anxiety and not have cravings,worried
"Tonight's attempt at installing gib on ceiling ended with me in tears, damaged gib and still 2/3 of the ceiling left to go. FML.",calm
I am someone,calm
Print outs?!?!?! You tree killing monster!!!!,angry
He’s such a thumb!!!,calm
Dang if that was actually what happened that does kind of suck. Thanks op!,happy
Yeah I've heard that every store is very different. I'm sorry to hear you don't like your current situation. :(,calm
She’s like a kewpie doll with them. Precious.,happy
Hail someone!,calm
At least you’ve got a top-notch pooch standing by.,calm
someone missed it solely because they've moved from the Rookies vs Sophomores format.,sad
Why are the campaign finance violations “innocuous”? Because you think the charges are fraudulent or because your chosen team is charged with them?,calm
"This artwork is amazing! Only thing that bothers me a bit, is that someone is wearing something that looks like Korean traditional wear as opposed to a kimono",happy
"I'm happy however those two don't get a ring. Would be overjoyed if it was at the hands of someone, someone, and someone.",happy
>Israel is literally an apartheid state It's literally not and the proliferation of that accusation is based on ignorance and simplistic understanding.,calm
This is so powerful.,happy
Put it in a box and wrap it like a present bring it on as carry on.,calm
That explains it. Who was it?,calm
Woo! New sci fi! Thanks!,happy
"It'll soon be loved, it's under control! ",calm
She looks like a televangelist.,happy
TB12 is the greatest,happy
"I had a breakthrough last night and i wanted to share, I hope this helps.",calm
Get Flonase. This thing work for me.,calm
"Get out, clown",calm
say it with me now super star,calm
"I live in Suiderstrand, which is past Aghulas, no option for fibre here unfortunately :(",sad
"The 4th line for Philly is trash, an all rookie line could probably handle them",calm
"The government is closed right now and nothing is happening at all. When they come back, they might just be pissed enough to let everybody through.",calm
"Did no one notice that it mentions Maryland in the title text, but goes on to talk about Massachusetts in the body text?",calm
He was having a nice stroll through the park then BAM a wedding blindsided him,angry
this looks natty with ideal picture conditions,happy
Naw man Asain men have an easier time. Most of my asain friend are pretty boy. Fuckbois lol,happy
Hardly heard anyone I know talk about it but Damnation was amazing.,happy
Nope! It doesn't matter how stupid you were being.,angry
Source???!,calm
"""""""They didn't get someone. They got someone."""" - someone on draft night That boy gud!""",happy
I enjoyed speaking to someone,happy
I wasn’t talking about them buddy...,calm
"Cheers, I enjoyed your announcers. Sucks we don't get to play again until next year",happy
Copy pasta?,calm
> their personal choices and clothing are distinct from their legislation and policies. This has got to be a fucking joke. What universe do you live in?,happy
This is good.,happy
I said bish wheeere,calm
Imagine insulting your wife and father then you carry water for the same person. someone is a basic....,calm
I can see Smileyboye receiving a someone award a few years down the line.,calm
They are both lame.,calm
Happy for you!,happy
Great news. Thanks for sharing Crunk! Donated...,happy
Sorry man. I didn’t know you were on reddit. Didn’t mean to steal your stuff! I totally would have tagged you,sad
Pls not granny :(,sad
off someone you lame ass I bet you smell like bellybutton lint.,calm
I did. He wasn't. Y'all lost. Keep living in the past tho.,calm
they called me after 2 days lol,happy
And often the failing is in the laws. Having to prove somebody is a danger to you is part of the problem!,calm
Thanks for finding out! That's cool,happy
that was absolutely beautiful,happy
"I'm glad I decided to watch this. Intense, entertaining football with an expert demonstration of how-not-to-use-VAR thrown in for free.",happy
"Everytime I wore white pants! Finally got an ablation after kids, best procedure I've ever had besides lasik.",happy
"Thanks, I’ll look into it ",happy
Oh I'm not denying he is a scumbag who should be run out of town. Just whether this individual thing happened.,calm
Good for that security guard! That's lovely to hear.,happy
why thank you!,happy
These are the kinds of comments we don't need here,calm
Have they nerfed the someone at all since Vegas?,calm
"It's crazy, the first day with icy, snowy roads it's scary but within a few days, grip and visibility sound like fantasy",worried
Lmao your posts are always good for an eye roll,happy
Did anyone else think he was using a bad filter from Snapchat at first?,calm
gross.,calm
someone fouled him. It's simple.,calm
Hope to someone i don’t end up like u,happy
"Hi from a former someone! Enjoy all the snow this weekend, we're barely getting anything in Iowa, which is frankly ridiculous. ",angry
This! is! Killing!,calm
Literally everywhere. There's nothing especially Texan about any of this. I heard all of this in freaking SCONSIN.,sad
This shark is so beautiful i thought it was one of those high quality animations,happy
You did so good for yourself though! If you had the mother you deserve she would have the sense to be proud of you. :),happy
if your favorite subreddit is the correct spelling of Zack then you’ll LOVE r/zach,happy
More like he stole a joke they made.,calm
I didn’t know there are different levels of “park”.,calm
"as a woman, I can tell ya it’s not uncommon for that to happen, haha. someone make it extra sad though.",sad
Me: I dont like someone My Mom: sHeS aMeRiCaS fAvOrItE lEsBiAn!11!!!!,calm
good luck!!,happy
"Hey! Go fuck yourself, you capitalist apologist bootlicking piece of shit",angry
"> someone My god we have to stop with some of these advanced statistics, it’s legit getting ridiculous. ",angry
WE LIKE SPORTZ AND WE DON’T CARE WHO KNOWS,happy
It seems some people on here don't like us disrupting their echo chamber.,calm
Not wrong.,calm
Women punish men who ***openly*** process their emotions.,calm
"This is the worst meme format in the history of meme formats, maybe ever",angry
Haha damn this put a huge smile on my face! Good job on handling that situation. This almost deserves it's own post!,happy
I was actually going CRAZY waiting for it to come out and had prepaid for it in advance and it was worth the wait.,calm
At least she can't use the old thyroid problems excuse for her fatness,calm
What do you do for a living?,calm
I miss them being alive,sad
"Lol your adorable, thanks for the humor",happy
Not tryna plug or anything but i use InShot to crop my videos and it works fine It just makes me hurt inside seeing a screen record not cropped,angry
AND they kept in Trinity's spiel about how Manila deserved the top in ep 7 i.e. 4 wins in a row...,calm
> +Beal from last year would have been a 1st/2nd I beg your pardon?,calm
That’s awesome man!,happy
Good to know. The little chapel in there is pretty gnarly.,calm
Below Springfield Illinois dweller checking in. Thanks for sharing the ILGuns sub!,happy
"The walls are repainted anyway every few years, so if you buy the paint you want, they will even do it for you with that.",calm
Check that rabid post history lol,happy
"I already told you, food poisoning or allergic foods. The real greedy snake oil salesmen are big pharma.",angry
wasn't that a while back?,calm
Has it really been that many games? How time flies when you got nothing to play for.,calm
I think you're missing a /s,calm
I mean it has history and culture which Boston rather lacks.,calm
I love reading anti gentrification comments. Because they always sound so stupid.,happy
140 lb man. I could stand on it no problem. Jumping off would not be wise. Clearly.,calm
The top half of the dress looks perfect. It’s the bottom that’s bad.,calm
Thank you someone master,happy
At least it made for hilarious responses by people being aghast by the price.,happy
> LEGO Star Wars The Complete Saga Best lego game easy tho,calm
No doubt about that,calm
> While less than 1% of DV accusations end up being unsubstantiated I find that incredible.,happy
I would go to bed early and I would have nothing to do the 3-4 nights a week I play tennis lol,happy
This...is just beautiful,happy
Expert peep fan here! I’m not gonna attack or defend I just wanna say that kids a little Bitch,angry
I still don’t understand what did someone do? Lol,happy
What a nice moment. Being in nature is super helpful to me for these moments :),happy
Currently have 2 points. One is from when my cat died and the other is from a really bad migraine.,calm
Love me some Clash,happy
"Have you ever, you know, tried not reading something that pisses you off? Just downvote and move on.",calm
Happy cake day man!!!,happy
hello there¡ That one time i said i liked sex.,calm
I think it should be a felony. Kind of crazy that illegally entering a country is such a minimal offense.,angry
Sexual frustration.,angry
Not the mud bees!,calm
"I mean, it's just a happy birthday post",calm
S A T I R E,calm
"Ladies and gentlemen, we got him.",calm
"Haven’t forgotten, but let’s get his ridiculous defense up to par. ",angry
i'll be waiting for your post about having a crush on a straight guy tomorrow.,calm
This made me chuckle. I hope it is raptors v warriors in the finals. That’s gonna be a fun series to watch.,happy
"I'm pretty jelly now, lol. Esp. The pear shape 😧",happy
"MI-13 was uncontested by the GOP, too, but the numbers probably work out because Tlaib beat the Green Party candidate 81-19.",calm
Good to hear - I am glad you at least have that choice.,happy
Oh i had it where whoever you didnt pick becomes the mastermind,calm
Hit up skull forts if you are looking for the fastest way. But just play and have fun.,calm
Watched Batman vs Superman and been awed by more someone references then New Testament?,calm
"whoa, mama mia, boy",calm
Boston Children’s Hospital has these!!! Love it!,happy
She is my favorite model from American Eagle store. Such beauty and so positive.,happy
I don't care what anyone says I love someone.,happy
"The concept, design and artwork are gorgeous. I would love to buy this skin if it was available in game. ",happy
But perhaps it opens a door to your escape from a lifetime of dealing with that. I would call it a fortuitous misstep.,calm
"I mean, someone really is downplaying the guys’ friendship. That’s suspect to me.",calm
$1 drink specials and ya got yourself a brilliant business plan.,calm
"And once NYC is finally underwater, ALBANY SHALL RISE!!! MORE COAL FOR THE FIRE JETHRO, OUR DESTINY AWAITS!!!",happy
My body is ready for our Tank Commanders return!,calm
"Hi, I'm not someone but I do have a question. During the term of your education were you ever required to do any research?",calm
This may be one of those 'pick your battles' situations. Him not paying tithing is HUGE. I would take that as a massive victory.,calm
I love how he does the someone shirt-pull because he is captain.,happy
Oh. You’re one of.... ^*those.*,calm
It's mooching. Tell him not to be a freeloader and get his own Netflix lol,calm
What are the chances that someone actually reads the report when it comes out?,calm
Tell your wife you accept her offer to find another woman and suggest she start baking.,calm
Ayyy 6 days !,calm
I’d be damned if she isn’t the one cleaning up that mess,calm
"Wow this is the first I’ve heard of this. You should go tell /r/hockey, I’m sure they have no idea either.",happy
"Well, I knew that a lot of people don't trim their bushes in the eastern suburbs, but that's ridiculous.",angry
This is about as close as I can get to singing IRL. It's fun.,happy
Call me biased but St Kilda's clash jersey is the best thing they've done on and off field in the last two years.,calm
"Great protest! Not being discouraged by the weather or paternalistic criticism, good on them!",happy
"I'm sorry, there is no way this guy is Canadian.",sad
What in the actual fuck....,calm
He's also a chaser and is convinced that shouting at someone is an escalation from a shooting spree. He is incredibly dumb.,calm
I’m happy for you two. Cheers!,happy
It pays well and I enjoy it. I travel 6 months a year. For the last 16 years.,happy
"""""""I can read again and again if I want to """"talk"""" to him again"""" - my dude that brought tears. """,calm
I miss someone butt.,sad
"We only seem to hate them when they espouse murderous political philosophies responsible for more than 100 million deaths. Weird, huh?",angry
Twas a joke ❤️,happy
"so you can't state it definitively, therefore you think it's a possibility so i was right all along. i thought so",calm
"""Sure, but no reason to assume that person has only ever heard """"polyam"""" and not """"poly"""" and would use one over the other.""",calm
Wait.... What??!,calm
As far as I can tell that's not real. No announcement yet and people on twitter saying it's false,calm
Ah well I still feel a bit bad for the parrot but at least he won‘t be harmed :),sad
Thankfully. We have highly responsible gun owners and our gun control is fairly effective. We have way less violence and people generally can still enjoy them.,happy
Is your PC beefy? It looks like Battlefield god damn,angry
Thank you for those words. Your message made me feel better!,happy
"Which really gives a ton of insight into their psyche: they see interpersonal relationships as retail transactions, and then even beyond that go all choosing beggars. ",calm
That matress smashing into his head at the end just kills me,calm
"thanks mate! yes, will buy some protein shakes today.. fucking expensive but better than starving i guess",happy
"someone Palestine like, IBERVILLE 1995! YOUD THINK THAT WAS AIRSTRIKES ON OUTSIDE",calm
came here to find the person who hasn’t seen this movie so i could feel bad for them,sad
It's too small of a traffic circle to make sense,angry
I think you both lose because they're at .500. I hope you both enjoy your Leafs pint glasses! Edit: thanks for Reddit Silver mysterious stranger!,calm
Suck really hard and hope it ends soon? And don't swallow!!! Bleck - sex is so much better with a woman.,angry
He's been amazing tonight,happy
Same! I love to crochet and this just made me giggle.,happy
doesn't the fact that it was used for general studies prove my point :) (and i think we're around the same age),calm
"I can write in cursive, so that guy can go fuck himself ",calm
"ADA does not apply in Canada, not sure if you saw the edit.",calm
Cheers! *clink*,happy
Hard pass on this!,calm
So Green Bay doesn't get him... I'd be sad for the kid.,sad
"Thank you, you are blessed",happy
someone ran out of her way to butt into the conversation with someone and someone. someone . I can't stand someone,angry
$100 says your boyfriend is miserable.,sad
That’s someone son’s college tuition money!,calm
Makes me sad at how brain damage effects boxers so much,sad
"well, i've never had an outbreak or a cold sore. i have had chickenpox, though, but they have yet to reappear",calm
That look of defeat.,calm
Ive took a basket home by accident once... basket for life?,calm
Sucks dude. For social creatures we're pretty inept at socialising and helping each other.,sad
"You don't have to, but I find it dissolves faster so I assume that's why he's doing it.",calm
Imagine getting woken up by it trying to beat down your door,calm
You suck at trolling. It's way too obvious.,angry
Haha! I realized that after your comment. Definitely not trying to walk in Loubs with a peg leg LOL,happy
You’re welcome 😊,calm
"This was posted at the exact same time as another guy posted it on here, and that scares me.",worried
A buddy of mine took his exes ring and taped it to the top of a firework mortar then set it off. It was glorious,happy
Lol I’m sorry for your dogs ears,happy
I just love the look of most benzos. Bars of course the most. But a handful of 10mg valiums or 2mg klonopin is also mouth watering :),happy
"I only ever see crerpypasta reads, and they always give credit.",calm
"""I read """"Driscoll"""" as as """"Discoroll"""" and assumed this was in NC.""",calm
"he's a fantastic director, i've actually never heard of memories of murder! definitely will add that to my to-watch list :)",happy
"It's not about the prizes, OP.",calm
"""No....""""burnt"""" together, just planted in different areas!""",calm
USE GLOVES YOU MANIAC,angry
I'm so happy for you !,happy
You could just omit the walking part.....,calm
"It's a time thing and also I don't want to get pricked. They are covered in those tiny, tiny spines. ",calm
I just use undercrackers or crackers. Knickers/panties sounds weird when I say it,calm
"The people I went to school with work the checkouts at my local one, no escape.",calm
"Oh yeah, thanks!",happy
Not really.,calm
You sound scared,worried
I’m afraid too. It’s the not knowing what will happen that scares me.,worried
someone doesn't get a vote someone! Get the fuck out of here with this nonsense.,angry
"Lol. Yes! someone and his $14,000 suit love you but please don't touch him.",happy
I think he’s likely to be a platoon player with Mad Max this year.,happy
Good looking calamari.,happy
"It’s totally my hardest game, too! Congrats to us all! :)",happy
Sorry pal but your just England’s b team,sad
"Now, I'm trying to figure out who someone could be in my memory banks. ",calm
I had the same problem,calm
Her skin is glowing! Love the eyeshadow too.,calm
"""""""five minutes of fame""""... someone lmao. Ok, whatever u say kid.""",calm
The classic artifact player response to criticism: you just dont understand it loool,happy
We can do this son. You don't want to miss someone win his first Rumble and become the new top guy.,happy
/r/nocontextpics is the truegaming of pics,calm
How to delete spam: Learn how to punish sigs you fucking idiot,angry
Damn. I want to see some of those comments!,calm
This never gets old for me!!!!,calm
I recognize this YouTube channel... They make beautiful furniture. This has to be at customer request. I have no idea how to explain it otherwise.,happy
I feel the opposite. It was gripping and I loved the pace of it all. Very well made. To each their own I guess.,calm
"dude,,, same i cried today because i couldn’t go to the gym bc my foot was too swollen to wear shoes lol",sad
Congratulations to your organization for having good management.,happy
I bet they're the kind of teacher that says something totally wrong and then power trips when one of the kids calls them out.,calm
Thank you good sir! I didn’t know this was a thing!,happy
I had a friend ask me what kind of sweats do you have a good week,calm
Lmao I'm sorry!,sad
someone consistently being the guy with most energy. We need him on the floor more.,happy
Let him be happy with this thought! Karma would break his ego sooner or later !,calm
"I know, which is why I said it hasn't been referenced by any *living* characters on the show.",calm
Maybe next time... Hold that 40 pt L for now.,calm
It was nice knowing you all.,happy
Idk I always hear thing about them like they’re all monsters,calm
"Love the top logo although I’d gladly take the bottom one, the goat head, or a poop emoji any day over the buffaslug.",happy
The only clown that make me laugh.,happy
"I don't see how a NBC journalist's departure is relevant to the SCW, especially since he didn't cover Syria on the ground.",calm
No cocaine? London will collapse.,calm
...says the opioid addicted narcissist with multiple untreated physical and psychological ailments and is completely unable to work with anyone but his own clone.,angry
Beautiful shot. It goes through my back yard every day.,happy
"That's a minor to moderate concussion for sure, with a possible skull fracture.",calm
For fun!,happy
Thanks someone.,happy
You misunderstand. I'm referring specifically to activist groups who mean to put women in elected office.,calm
I just discovered her channel recently too! She's hilarious and I love watching all the diet tryouts.,happy
source:,calm
Because our capitalist system is creating ignorant voters by design.,calm
"Yaaaaaas! Also, your username is awesome.",happy
Soon to be the 5th best prospect.,calm
You are a god among nurses.,happy
Great anime though. someone awesome.,happy
There are drugs for that...,calm
😂😂😂 YES and she fired all her bridesmaids because they didn't text her to ask if she was excited that her wedding was a week away,calm
Autistic space AIDS,calm
You dirty abo,calm
"I think that was someone, but I'll see if I can confirm that.",calm
It kind of was for some people.,calm
Just here to try out my flair Edit: nice,calm
Who do you have in mind?,calm
Was impressed til I saw you main someone,happy
Without US attempting to do a regime change by funding jihadists in the first place there wouldnt have been a syrian civil war.,calm
"Welp. That sucks. I always check left and right when crossing an intersection, getting T-boned is one of my biggest fears.",worried
When in the past 4 decades has anything changed due to a march?,calm
"To pay a merchant that accepts Bitcoin and doesn't accept ERC20, for one.",calm
You should eat real cake today too!,calm
Does this have any association with KPW?,calm
Welcome back to H town!,happy
"Except trophy hunters, although take away their gun and see how well they fare then.",calm
Looks like they couldn’t figure out how to keep the handle on,calm
most of the time i have my phone in my hand so i can always look there when walking past people gets too uncomfortable :|,calm
Oh no this is cute,happy
"“I don’t need no more sisters, I got enough last year” *cut to shocked mid drag faces in the werk room*",angry
Would have been faster to seal it and then pressurize the tube so the kitty gets shot out like a cannonball.,calm
Well the post wasn’t anything new. We’ve had these posts for pretty much all offseason.,calm
Such a good one,happy
Yea he messed around with a 33 year old man dating a 14 year old children. Alabama is one of the main stream media lies.,calm
You ride the Bus and Train? I so wish MARTA was as good as other cities Transits. I mean they don't even operate past 1am :-/,calm
And happy cake day.,happy
Are you serious? Open up a fucking history book,angry
"In the wild, it’s expected that something unexpected will always happen i guess ",happy
..... That would seem like the ultimate way to get rejected and never spoken to again.,angry
Glad she's not living in a bubble then....,happy
Honey get me the napalm,calm
Man.. I really loved that team.,happy
Iss all good now but thanks!,happy
"At the time, pregnancy out of wedlock was a stoning for having extra marital sex. ",angry
"someone fucked up with this line up. Why do you change it, if everything was going good? Idiot! ",angry
"Because he's a couple years older and not as good. If the trade is someone for someone, then sure...",calm
happy cake day,happy
"Speaking of the weddings, someone straight up stole someone and someone wedding. Not exactly wholesome. ",calm
You can read the report she was pretty busted up. You can restrain a woman without leaving her bruised up.,calm
Even silk is something that will chafe the fuck out of your sensitive parts.,calm
#welcome to Doordash lol We all quit Doordash,happy
The same thing used to happen with Cowboy. We've been that team before.,calm
"Nah, I'm good. But thanks.",happy
I bet there is an army of married couples who did the same exact thing.,calm
Heart races everytime I get a match. Oddly enough I don't feel that at all playing offline with my friends.,calm
lol You could have saved even more time by not making a douche comment,happy
Imagine being so retarded that you believe someone is a sadist.,calm
Never surrender mate,calm
UNCLE RADITZ IS PISSED!!!,angry
Mo bam a or sicko mode,calm
Because I've lost control of my life.,calm
thank you so much. i needed this.,happy
You smug fuck,angry
"Hey man, its your roommate; I need to borrow your shaver!",calm
"I mean.....I know far more people who dabble with things like alchohol, weed and psychedelics than I know who are weekend warriors with opiates....",calm
"someone won't think they are bad shots cuz they are open threes. Unfortunately, we cannot hit them consistently. ",calm
someone had some pretty harsh words.,angry
I hope they remain long time friends and can look back on this as adults and have a nice giggle together,happy
He would like to speak in third person.,calm
"It’s horrible for me, way worse than your situation. Be Glad that you aren’t me",worried
I almost thought this was gonna turn into a story of your tissue you'd been reusing for months. I'm glad it was not lol,happy
yes but how many new characters were there? Checkmate atheists. :),calm
That’s about all you can ask for these days.,calm
It's clear you dont know what you're talking about.,calm
I’m just in awe because this will actually get so many people up in arms.,happy
Suck Fat Women.,angry
your first mistake was trying to make something look presentable while serving it in a tupperware,angry
I appreciate that. :),happy
I watched that game while coming down from a shrooms trip. someone was magic. Still wear his jersey to shinny :D,happy
That’s is 100% the noise. Perfect!,happy
You have to walk before you can run,calm
Okay thanks. I'll see if I can find out how to do that.,happy
That kid would be so young that he'd only have a chance to appear and fight in a sequel series.,calm
This sub is turning into r/childfree so fast. I actually love kids and want to adopt someday. I want to mod this sub smh,happy
I'd say it's at least a little ironic given that Artifact is modeled closely on the pricing model of MtG's cardboard edition.,calm
PLOTFORCE PRISON!,calm
Well then town is flummery for not guilty'ing the mafia lol,happy
Pedes hate him!,calm
I like putting myself in the girl's shoes so I love romances.,happy
Now you’re repeating yourself. Boy bye #wasteoftime. Have fun trying to call this company and their products bunk when everyone loves them haha,happy
Can confirm stop interrupting our Shaman bites with your reckless cent behavior,calm
someone mom is Puerto Rican,calm
Are you new to drag race skits?,calm
Another rich person to hired for him to be killed.,calm
"This is from just down the road from where I lived at uni in Liverpool, I'm not surprised by their reaction at all.",calm
Family had a little to do with it,calm
Not at all. I wasn't offended in the least. Thanks for the promotion!,happy
I'm so effin' proud of you! You handled it beautifully!,happy
"""Yes, which is why I hate the term """"ranked choice voting"""".""",angry
someone looks like one of the best bigs in the league when he plays like this,calm
...and that's the second time I got crabs.,calm
Awesome; two steps back then one forward; so many big devs these days.,happy
Not really. Lots of young adults are living with parents because renting/leasing or even applying for mortgage is way more expensive than it used to be.,calm
"Dude, I can't express in words how much relief this man brings to my soul.",calm
"They're on the list, still have a few of these to knock out ",calm
North Central exactly... Poor dude's name is someone. Popped right back up and finished the game...,calm
Same. Ugh,angry
Bring back someone and someone or Admin 2: Electric Boogaloo will be non existent,calm
"""I'm not sure she says """"my"""", we'll have more occasions of hearing it again though :)""",calm
you just use the word weird like that's all there is to it. weird isn't the issue. the issue is garbage,angry
"He seems to have a really cool fashion sense, maybe he can do something with it one day, maybe go to Paris?",happy
"I’ve only gotta PC, so I legit googled this thinking that this was actually what happened hahahahahahha",happy
"Thanks for the encouragement, it means a lot! Glad you liked it, seeya around 👌",happy
"> a GURPS game, inspired by anime and taking place in space yikes.jpg > I got pumped hahaha ok",happy
"Thats nice to hear, glad I could help.",happy
"I moved here a year ago, this is the second time I've seen a flipped car in this sub",calm
Complain about it.,calm
"""Also the sneezing. The dog is sneezing which is canine for """"this is a great game""""""",happy
Wow. someone is a giant POS. He'll be really happy being single and dying alone.,happy
"OK, I think I can binge and rebinge the entire run 20 or 30 more times before then, PHEW!",happy
I tried at a joke that relates to the post...,happy
"Related question: is there a level cap? EDIT: I mean for the account, not the characters.",calm
People use condoms with their spouse? Are you guys an open relationship or what?,calm
"That’s a bold move, someone. Let’s see if it pays off. ",calm
Lmfao i don't know why this is so funny,happy
Don't forget fluent in sarcasm,calm
"someone with 8 mins, someone with 30. Disagree.",calm
It's been pretty mild in New England but we got a massive storm coming to change that at the end of the week,calm
Now give me a LPT to stop getting mail from the old tenants of my apartment,calm
"""Calling him a criminal isn't an opinion. That's like saying """"the six foot tall someone."""" It's either true or not.""",calm
Squeak the toy! Ball makes everything better!,calm
She's blindfolded too! It's like they're trying to write a shitty remake of Blackadder with these cunning plans.,calm
He's becoming a more subtle someone. I like it,happy
"Ha, I just saw that highlight. nasty",angry
You two are perfect for one another.,happy
Thank you! Definitely listening to this one.,happy
"""""""Just let the kidney stones take me, I'm not taking any risks"""" """,calm
I believe they shot him through the door in the back.,calm
someone gets a little overwhelmed and starts holding everyone. I thought we had a penalty for sure!,calm
I know they finally gave Return of the King best Pic but my favorite out of the three was Two Towers. They are all great though.,happy
We aren't 4th anymore since our goal difference was just destroyed. He's not going to be sacked yet but losing to Huddersfield would be inexcusable,calm
Literally has a sign on top of the screen that says OUTFRONT...,calm
"Right, like what was wrong about a backhand there?",calm
"Hey, 3/4 of BB20 was amazing. ",happy
"Whoa, watch out everyone, Mr. Moneybags over here with 20 pairs of smart wool ",calm
"Either that, or his wife is *really* attractive. ",calm
Kinda weird to continuously shoot at Police too...,angry
M'goodboy. His mommy better give him plenty of tendies and honey mussy for his good manners.,happy
So hit Seek and Indeed.,calm
I wouldn't dance if nobody is watching! :),calm
I'M LITERALLY DEAD,sad
I like it!,happy
Me and the hubby watch every friday. Lol,happy
I'm REALLY glad the guy saved him but seeing him so pitiful and scared really lingers with me. :(,worried
Well I just love it when my Squad Leader puts the order on the Opponent's starting flag for the whole round while we lose everything else.,happy
I'm on episode 8 and this is where the show has gotten boring af for me.,angry
"Thank you, that means a lot.",happy
When I was her age I had 3 jobs... oh you have like 18... get off my lawn!,angry
I'm getting old. :/,sad
I’m stuck at work tonight so I missed it 😢😢,sad
Interesting. My AP is probably more my opposite than my SO.,calm
" 🎶 Hark to the tale of someone, and the boy he loved so dear. They remained the best of friends for years and years and years. 🎶 ",calm
I liked the slug :(,happy
Better a pseudopenis than a lot like the same thing.,calm
We could cure child cancer and pictures like this would still make me happier,happy
the only way to forever libertarian utopia is by crushing liberty someone. Listen to yourself.,calm
So sorry that was his response. I hope you're able to get free soon so that you can begin to heal and move on.,sad
I literally received the ready up bug while playing solo yesterday.,calm
Gotcha. I'll do a little Google-fu and see what comes up. Thanks anyway!,happy
Your comment reminded me of this,calm
I like this one.,happy
he looks pretty average to me. like many guys i've seen on the train.,happy
I love the north east. Can’t say much for the rest though,happy
"“someone make y'famous tonight, buddy!” 🤣 Anyway, no manger for him!",calm
"Well, the bill was about 100+ per person. Must be amazing lunch there.",happy
I love the outfit that someone is wearing,happy
Here's a great essay by someone regarding the Skripal farce that I've just run across:,happy
Right? I'd launch myself at him. Beautiful looking guy. <3,happy
"Happy New Year to you, too!",happy
Her name is someone.,calm
It developed because of my childhood and robbed me of a good bit of good stuff as an adult.,sad
Now you’re reddit staking me? Don’t comment on my stuff dude.. gtfoh,angry
Im 13 I can't get a job..,sad
If you buy a membership for yourself and your friends you can easily buy tickets to most games.,calm
"Prove he harassed them. If there was actual evidence, I would imagine at least one of the kids would’ve put up a video. ",calm
This joke made me want to walk right out of the Dumbledoor.,happy
That's the most obvious lie I've seen all year...,calm
That’s my favorite aquarium! Wish I saw that though lol,happy
Have you not seen a lotion and toner before?? My someone.,calm
Can you repost this as a Brokeback Mountain meme? “I can’t quit you [someone].” ;P,calm
"No way that was word for word. While I admit that wasn't original, I typed that from memory.",calm
"I can't stand when a team member has no shoes, the sound drowns out other sounds for me and its just incredibly annoying to listen to all game",angry
i love the crocheted romper look and i don't care if i'm wrong,happy
Removed due to being wtf question.,calm
It's super funny 😂,happy
My soul twin must be someone because I’m terrified of water!,worried
"Sounds like you have the situation firmly under control. Keep maintaining boundaries, focusing on the things that matter, and ignoring her need for drama. ",happy
"damn, Now THAT's detail.",calm
“kindness and compassion” someone,calm
Anyone that emotional that passes on gains because of some grudge he holds for a coin shouldn't be involved in crypto.,calm
You sir have put into words my exact feelings on this matter.,calm
"Oh, I wanna play through at the same time. Have a mini race to the finish vs someone. ",calm
I'm really excited for this. I loved the sense of adventure / danger in Sunless Seas.,happy
I have had a gf for a long time but still FA (no friends),calm
Old news in Canada.,calm
I took in a friend of mine and creating a vanity for her (she loves to do her makeup) is honestly one of my more cherished memories.,happy
Seriously. A lot of small businesses especially rely on federal work. I hope this gets solved soon.,happy
"Dammit, I thought I put it at the bottom. Sorry.",sad
It will work this time!,happy
"So happy for you, enjoy ",happy
Our mod is an awesome mod,happy
Another why someone is so valuable moment. lol Let's go someone And someone has a small penis,happy
Unfortunately not. 😏,sad
"She'll probably never be seen again, I fear. Thanks for reminding me of her name.",happy
So because you are abnormal in you saving and spending habits you are unilaterally deciding no one else should strike when not getting paid.,calm
Those are separate issues from the sample size.,calm
Haha enjoy your life sweaty. Haha,happy
I still love Asian women. They will always be number 1 for me (exlcuding someone of course),happy
Its 100% copy paste.,calm
someone loves (the taste of) people,happy
"It's a lame, timid city on a beautiful harbour.",happy
I feel your pain...,sad
"Sorry this is the first time I saw it, I’ll delete it.",sad
"Nice of you to jump in for no reason, very cool.",happy
There is this story of a woman who got pregnant from anal due to some rare condition:,calm
Burn it into your soul,calm
"The Swiss military used pigeons until 1994. are cost-effective... Anyway, sounds like DHL is your best bet.",calm
How so? Even if she stop talking to him he'll just go talk to someone else.,calm
Big game tonight,calm
Right now it's >you're dead ***or else completely reliant on maybe getting help via violent redistribution***. You only think that's better because of your fetish.,calm
"Just a reminder that Ayr vs Talbot is on BBC One at 12pm. Or get it on now, someone is making some lovely looking quesadillas ",calm
"Oh no, someone is in pain",sad
Just tell them cheating is part of toxic masculinity and they will immediately crack down on it.,calm
"All this, for *one* kid? How fucking selfish.",angry
That's crazy. Glad you got your money back though!,happy
"Interesting, thanks!",happy
"This guy is bigger than someone, maybe. But I've never heard of him.",calm
That's more like someone. Breakdance vs Capoeira.,calm
I mean every team could use a few vets to help the kids. I'm not saying to sign him to a four year deal or anything.,calm
"Oh sorry, I'll do that.",sad
Underrated comment.,angry
"Congratulations and by the way, you’re not fat, you are down to earth.",happy
"They want to live like ordinary someone and the superior suburban mainstream way of life, not like a bunch of downtown elitists. ",calm
It's pinned on the sub.,calm
Yeaaahhh... *blushes*,happy
I hate waking up. Being asleep doesn’t last long enough. Being asleep is so peaceful.,angry
"I don't believe it is. like other posters have said, you can do better. I know it's hard but you are strong. ",happy
I constantly feel like I'm my husband's best friend and it's just a matter of time until we break up :(,angry
"But if the dentist makes you wait more than 15 minutes, you are legally allowed to leave. ^I'm ^just ^kidding, ^you ^probably ^should ^stay.",happy
"As a kid, I was way more excited to see the someone truck.",happy
I love crows!!!!,happy
I'm humble.,calm
Thank you thank you!! I have a feeling I will be reading for a while!,happy
This is the big one. If he gets away with this he'll get away with anything. People need to do what it takes to prevent this,calm
I enjoyed that someone kept saying someone last name wrong over and over.,happy
My grandmother does that.,calm
"Well modern first world commies don't do anything, so that's good",happy
"Thank you, this makes a lot of sense. I know i need to trust them and not try and read behind what they're saying... ",happy
"I love how that's pretty much all they can do, literally beg for him not to run.",happy
I would like to do that but imagine how weird it would sound to them if they didn’t do it? 😂,calm
"Last three times have been lost Final, won Final, lost ECF, which is insane. Just a shame that's over the course of 17 years",sad
Thank you. I really appreciate the help,happy
"We have enough places to start a convo with someone, but others have better pieces.",calm
Go to the movies with people not related to me.,calm
His fingers have swelled with pride.,happy
100% yes,calm
We'll let history show us what happened here.,calm
"That actually looks super, super cool.",happy
She going to run once she knows there is no money.,calm
"someone wore them today. Trying to be like her crush, someone. It's kind of sweet.",happy
Fuck yea!,angry
"There’s a lot of us ladies here, unfortunately 😔",sad
It's just a hug,calm
"""Thank you. Apparently simply stating """"it's from a comic called """"supply side Jesus"""" wasn't pedantic enough for that guy.""",happy
Seriously I hope she drops dead from a heart attack.,calm
It is the truth lol,happy
"This sub has two rules dude, how could you miss #1",calm
Gotta get out on someone,calm
"Probably banning tons of people who dared to question anything. Even for conservative reasons (guns, someone leaving). ",calm
Me too!!!,calm
Believe me if they were there I would go for it.,calm
"Wow, that’s fascinating! I’d be interested to know the rationale (or lack thereof) for a someone. ",happy
Looks pretty dope.,happy
The guy that waived a future hall of famer. Hard to get away from that decision.,sad
Ahhhhhh someone had to finish that. But beautiful pass from someone,happy
rich people usually tip the worst lol,happy
I kinda wish people memed him a lot more because he has so much comedy potential. I hope my words inspire to meme him more,happy
This is his 2nd marriage that he has cheated in. She refuses to see how much of a snake he is.,angry
"When you make excuses about what you're buying, you're the one calling attention to it.",calm
Eh I kinda won't him less now. I like the chase,happy
"I mean all marxist obviously praise someone, and would hold meetings with someone.",happy
Taylor Pork Roll vs Taylor's Prepared Ham. There were variations over the years.,calm
"I would make a terrible partner. Fuck, I'm not even a good friend. ",sad
"Yet, his recoveries on attacks are abysmal.",sad
This just really motivated me. Thanks,happy
"Yeah, too many blind assumptions. I'm just happy that we're getting four additional characters to pad the roster with.",happy
"What's he whining about, I am only 52 and stuck on SSI now and only getting 1400.00",sad
When it comes to cooking thermometers are your best friends.,calm
I guess you were hoping for love from someone who is not well enough to offer love.,happy
The fingertip save against someone in the Champions League Final shootout is forever etched in my brain. What a legend.,happy
"hey thank you! any time I can help someone, I'm more than happy to:)",happy
Thank you for fading,happy
I love how this is transgender men not just men 👌,happy
This is awesome. Thank you!!!!,happy
Cheers to you,happy
"Its cool, looks like it has a dish drying place built in too",happy
"Ok but why won’t that guy stop petting the Sea Doggo? He’s obviously not that into you, sir.",calm
Take the compliment you good egg x,calm
I think its hilarious that you can't seem to understand the joke of the headline.,happy
That sounds fun. I think I can make it. I have tickets already. I’m excited to see someone play as well.,happy
I know! I would absolutely do this as well. I’d love to to a AMA with him to find out more.,happy
I did something like,calm
He does look old. Could just be a poor rendering because someone doesn't look so good either.,calm
Which doesn't excuse the fact that he wanted to see sexy pictures of a 16 year old. Gross.,calm
The fact that 34 thousand people upvoted that painting truly blows my mind,happy
"Oh hahaha, is it a reputable vendor?",happy
"I remember being so excited when we got AAA back, even though it cost us Fournier...man, that sure went south. #ThanksShaw",happy
"Like I said, most loved and most hated for now. We'll all get over it eventually. ",happy
"According to imām someone, zanadiqa should be killed with no opportunity to repent. ",calm
And then you finally hit it only to drop it off the end table.,calm
"I feel like you should, in commemoration.",calm
Still pissed we didn’t hire someone. He would’ve brought someone 😭,calm
I still like to think the combination of alums not donating and the TA strike caused them to reverse their decision on SS.,calm
Even someone got sick of grunge,sad
But all this does is hurt the average person not the right way to raise money.,sad
I think it’s because of his “Don’t Go In There After Me” Dundie award winning bathroom trips.,calm
Love this answer.,happy
I love the snail's smile. It makes me happy :),happy
"I think it’s funny, especially those eyes! Lol",happy
"Oh good grief! Put it away, someone.",sad
"good start someone. MORE! MORE TRADES! GET WHAT YOU CAN! SELL, SELL, SELL! #BurnItDown #NobodyIsSafe #ShapeUpOrShipOut",happy
I HEAVILY VIBE WITH THIS,happy
someone that bottom picture. the brows mixed with the hair terrify me 😰,worried
"It's been a long time since that was true, but thank you.",happy
The mom looks like my great aunt when she was younger.,happy
*Ugh..* You are 23 and not married - leave.,angry
Thats it I am out. This sub stinks.,angry
Wow. Racists are really coming out of the woodwork to excuse and defend racism. How sad.,sad
Keep any hat you find.. Now for only 100 gold bars! -Rockstar,calm
Wow. That scene would’ve made knocked up much better.,happy
r/choosingbeggars boy is it frustrating yet hilarious,happy
sad that the Euphoric tipbot is no more,sad
someone is a lefty. It's the reason why we had someone punch him out in the division series.,calm
That’s nightmare fuel right there,worried
"We're out of the environment, it's ok.",calm
But he was so *hurt* when someone acknowledged that homosexuality is a sin.,sad
Pretend it's a multiplication table. Memorize a bit at a time.,calm
This is scary to know that you went through. People like this are one step away from coming home with a gun or knife.,worried
let me emphasize that word *storing* not eating out of,calm
what a great idea.. i suggest they use it to insulate all the homes of the someone administration and of someone!!,happy
His head bounced on the hardwood. Damn.,sad
someone play fake mad is great. Sitting there starring like he’s the most hardcore fan there is,happy
>She was very normal LMAO This got me,happy
She didn't hit any of the notes but I still love someone so much.,happy
Funny how the someone leaves the most important item out of their article headline.,happy
What are those things it's vomited out?!,calm
"This is seriously disturbing. Even more disturbing, is that we aren’t doing anything about this, and it’s going to expand. Watch. ",angry
"Really glad the US just passed transparent pricing for healthcare providers, but it's just a first step.",happy
you’re acting mad pretentious lol there’s nothing wrong with wanting to live in Cali,angry
Yikes. I admire your patience,happy
") /sorry, the Excel formula part of my brain was driving me insane.",sad
I am glad your okay.,happy
Roasted Brussels sprouts with they get kinda charred!! Nom nom nom,calm
Regulars on this sub are generally a bunch of brainwashed dummies someone cabinet probably exhibits more independence of thought,calm
Saying babcuck should be fired = woke gimme updoots,calm
There are going to be designated periods where you can make team changes. We just don’t know when those are yet,calm
Good answer -- thanks!,happy
"oops, my bad.",sad
"Oh, sorry bud. Didnt mean to be rude",sad
"I dont mind these people dying, what bothers me is that some random bystander could be smashed by this guy should he fall",sad
Paws come flying out from the dark,calm
Yeah someone is actually really cute and nice but best boi and best girl goes to someone and someone. Just kidding. someone all the way,happy
someone sent her! She had to thank him publicly for this outlay!!!,happy
"Post on the someone and listen to info wars, you shouldn’t have an opinion on the Internet and you should not share it",calm
"SS: Collapse of the west, and re-birth, all in a beautiful video.",happy
"Was broken up with, still live together 2 months later, and probably will for another month. Studio apartment, 1 bed.",calm
Many people. We just don't always hear about it but I've done some research on that in the past.,calm
I've never been this sad in my life!,sad
Still no!!!!,calm
There are no reasons to visit someone. They're lawsuit-happy corporate scum.,calm
"It’s not that they MAY not become priests, it’s that they CAN not become priests.",calm
Google image him. Hes NEVER had a good haircut.,sad
this sort of creativity is awesome to see. play calling done right. chargers going to stomp the pats this weekend,happy
When they figure out a way to hoard the wealth created by marijuana it will be legalized.,calm
"I work from home and live with my daughters. It's so serene, but also a lot of fun because we have great times together.",happy
My mom assumes that every guy I hang out with is automatically my boyfriend or someone I like.,calm
"No I mean those long winded nonsensical blabbering. Like the one with 300 confirmed kills, gorilla warfare. It is usually just to troll or annoy.",angry
"""Well this beats the whole """"someone tried to convince the front office to take someone at 1"""" narrative""",calm
Probably the thief trashed the place,calm
There should not be enough nurses against vaccines to hold up the stupid sign.,calm
The fact someone could read your post and literally go and do this saddens me.,sad
"Their faces tho, LOL",happy
Where did you get those tunnels? I love them and would like some myself!,happy
"Oh boy somehow this got political remember every ONE, HOLY, APOSTOLIC, AND UNIVERSAL",calm
"It sometimes works on yoda doing the same thing, hilarious seeing that wee dude fly ",calm
True. I just always enjoyed the atmosphere of that place. And a couple of the sandwiches weren't bad at all.,happy
Do people really have that big of a problem with border security? Lol fuckin children,happy
Getting the second one out of the way as well 🙄,calm
"Didn’t intend for it to be, just having a bit of fun because the dog was ironically let loose. ",happy
I’m a millennial and my mortgage payment only takes about 1/5 of my after tax earnings in a month. Feels so good.,happy
Thanks! I've just been so irritable. I am proud of myself and my husband too.,happy
I hope so. Either someone or someone deserve it the most,happy
MmMm I love me some microplastics.,happy
He'll pull back into his shell before anyone gets a chance to hurt him,calm
That sucks. I had to deal with something similar. Sorry you go through this.,sad
"A one-line whip is still whipping against, although it is a pretty disappointing decision.",sad
9/10 our managers side with us because if they don't we get angry at them. The guestomer will never be coming back but the employee will,calm
I sorry didn’t want to disrespect peep but as i said i needs to be dark and about something i like,sad
"Hoping. Regardless, its true.",happy
like 2lbs worth of potato and toppings at her grandmas every damn day. I love that show as well,happy
Only good commie is a dead one.,calm
All of it,calm
"But she spells oddly well, and these aren't small words. It's a bunch of interrupted/disjointed thoughts. ",happy
*We're allll in this together~*,calm
"When ever I’m feeling depressed or alone, I’ll just image you and think “it could be worse”.",angry
The only reason people are there is because they dont know someone is fired lmao.,happy
"May someone SWT bless you, protect you, guide you, and keep you active in this faith. Welcome to al religion =)",happy
Now THAT is a murder by words!,angry
I liked someone...,happy
Found the apologist.,calm
OHH this is what Reddit finds ridiculous about this situation.,angry
And todsy the crips are up 3 points narrowly beating out the bloods who only rose 2.5.,calm
No surprise that the game series is gaining traction!,happy
Ask and you shall receive. Thanks man,happy
"this has been an issue ever since, they already know and don't seem to care",calm
"Ok, hope you are right",happy
Another deluded soul who has been caught up in a depraved world.....,calm
Wtf is that,angry
As a teacher it would be lovely to eat lunch in this room instead of where i do. GTAGE,calm
"Most FBI agents never fire their weapons and spend more time looking at excel sheets, lol",happy
It's just you. Nobody has ever noticed. Except this and [this person.,calm
"I bet you're part of the gangs sneaking illegal, murderous drugs to other countries just to keep your family better fed than someone elses family. Fucking psychos",calm
Thank you! That’s good to hear. I like presenting the place as it is.,happy
Gotta wash your ass somehow. It makes it more funny that someone is as offended by it as you though.,happy
You sound like a douche.,calm
I'm right there with you on the acting. Never thought I would be able to pull it off.,calm
that is the saddest damn yogurt ive ever seen,sad
Low life basement dweller buttcoiner says what?,calm
This is fantastic!,happy
He put up a 7 WAR season at age 22 I'm blind to that shit if he with us lmao,calm
"someone just saw ur cosplays, you prove that attractive people dont go on inceltears. Thanks for the chuckle my insecure friend",happy
This is my favorite wild memory,happy
>I just wanna let you know your beautiful I don't appreciate being lied to!,happy
"Lmao, okay little buddy. Have a nice day. ",happy
"""""""Those someone can't take an empty gesture.""""""",calm
"Hi, someone! I hope you have a wonderful day! -HappyFriendlyBot",happy
Yeah it wasnt like we had girlfriends,calm
I know and that made me sad!,sad
In what manner?,calm
I think that's what I'm going with. Thanks guys! u/krazyM,happy
Now there’s a thought...,calm
Lol love it.,happy
Do not diddle kids,calm
Lol same.,happy
"Damn well I would love to eventually monetize, right now I’m drawing custom thot portraits on Fiverr but no bites yet lol ",happy
"There it is. Knew it was ‘H’ something, had a brain fart",calm
someone pissed off the establishment when ripped off the insurance company and pleaded the fifth.,calm
It's not as if she was my supervisor at bestbuy lol.,happy
Gone Girl 2 looks like it's gonna be great.,happy
Yes I'm sure lol every god has flaws that's what keeps them balanced,happy
"One time my 1 stopped right in 91st, I was able to get a good photo of the platform since they have some lights along it.",happy
"I mean, DC metro area has ***three times*** Pittsburgh's population, so. Again, relatively, Pittsburgh's is worse.",angry
"No, she tried and failed lmao",happy
"Your opinion = fact, other opinions = hurt feelings. Gotcha lol",calm
not what his post history says,calm
I'd argue they are advocating not fighting the fire in your house when the entire neighborhood is engulfed in flames.,angry
Should be best right now. Speculating on what might happen in the future is pretty pointless.,happy
"Yeah, at least carry a ziploc bag of dead cockroaches with you for this purpose, like a self respecting meal scamming scumbag. ",calm
"someone is pretty dry but he's great for down to the facts videos, I love his voice.",happy
How dare you disrespect my boy someone,angry
You are BOTH awful people.,angry
Heaven forbid you do some actual research.,angry
"If someone has tithed 10% their entire life, fuck off with requests like this.",angry
Can’t fault you there,calm
Lol nicely done,happy
"Even if I close the app, mine still pings.. It's maddening",angry
please don’t make me have to bring up fire emblem in trader joe’s again i can never go back,sad
You’re welcome!,happy
Just rubbish.,angry
Hell yes!,happy
Nothing will ever top In the Mouth of Madness (which isn't an actual adaptation but come on).,calm
Thank you Burger King! Source,happy
Just don’t buy a sports car and you’ll be fine,calm
"Here is someone, a member of parliament saying someone was a socialist killmenow.jpeg",calm
Man.. all I know is if I’m with a girl and she whips out a condom from her FUCKING SHOE it’s a no from me dog,calm
"At the time it was a steal, and all the players we traded have basically been worst case scenario for the A's.",sad
such a deep and powerful tweet,happy
Yeah my girlfriend hates it when I joke about her weight. She needs to lighten up too,happy
All I saw was someone,calm
Thanks I love him,happy
"We left the church, but it'll probably take awhile for him to unlearn all the bullshit",calm
But you might not be special for them. You can't make someone love you.,happy
"I took him at the start of the season when he was recording some assists, stopped playing after a while :p",calm
Guessing you didn't read the article cause I ain't said anywhere that I think someone should be fired and also talk about the roster shortcomings,calm
Hahaha perfect.,happy
Lmk if you do this shirts hilarious and I kind of want one,calm
Viva la tank,calm
"""I think you missed a """"ba""""""",sad
The point is still moot tho so whats it matter,calm
i love his face for that split second after he is hit,happy
maybe next time you should do some fucking research. prohormones will shut down your test production,angry
someone is like 16,calm
Thanks for the suggestion!,happy
"Oh dear, you are entertaining. Please, talk more to me. ",happy
He has a kid that he pays child support and my 2 younger siblings that he also calls leeches,calm
He's a piece of shit ratting out his piece of shit criminal buddy.,calm
Forehead for days.,calm
> it's not the fault of the mods or uses of this sub. They are the people enforcing it. Why wouldn't you blame them?,calm
Dad's Army! Lol!,happy
only suckers believe this don't be a sucker,angry
Glad your a Liberal supporter.,happy
I’ve seen him on the facebook page! Thank you!,happy
"Yeah, that was all you though. Goodnight and happy new year ",happy
I would have liked this period to go differently.,calm
"It's my monthly luxury. I don't go to Starbucks or eat out, I instead go to Disney lol",happy
This would be a great meme format,happy
:) I like this.,happy
My #1,calm
oh right that was a huge leap my bad,sad
That what a highlight reel moment that will be played for years and years. That game is on my rotation of games. Great game all around.,happy
Dude. Same. That would just be... Devastating.,sad
"Some could shake out and slide down your pants leg, good call.",happy
I’m totally having a fantasy about publicly shaming someone for giving their server attitude right now. Sweet justice.,calm
Rec and Red just need to die as teams. Fucking joke of a performance here considering how much funding they are both getting.,angry
They shout it near the end. Listen for WAAAAAAALLLLLL,happy
"""The """"richest"""" country in the worlds royal palace banquet hall filled with cheap mass produced junk food and they love it.""",happy
She needs a raise.,calm
That didn't go the way I thought it would,sad
"Buff *Nurse*??? Lol, this has to be some god-tier shitpost or something",happy
Arrogance of the highest order.,angry
Did you read the post?,calm
It's good,happy
"That pedo ring that developed under someone tenure makes him the worst owner of a sports team ever, bar none.",calm
we love critical impactful discourse,happy
Photo taken by myself today in a subway car in Bucharest.,calm
"this ain’t it cheeeifffff. love is love, don’t matter who’s on the receiving end",calm
You've been banned from /r/chicagobulls,calm
I'd be ok with someone if it guaranteed we were firing someone,calm
Ahhhh BURN 🔥,calm
"LOL thank you for this, it made me genuinely laugh. They're so weird",happy
"> the heartbreak of a nice older truck being ruined Lol, the truck was new when this video was made.",happy
Now let's see the samples!,calm
"Snorting them might be what kept her from having a lethal overdose, snorting benzos is pretty much a waste as most of it barely absorbs.",worried
Ha you're hilarious. Upvoted,happy
Oh hell yeah. The Don is perfect for when someone rounds into the second half of his career after he’s collected a few rings.,calm
I'm sorry to hear that things went down like that. Good luck with everything.,happy
Oooooooh!!,calm
Stop playing dumb. You know what an incel is.,angry
We aren't even buying it's loans and still nobody has been signed,calm
It's good to know that I'm not the only one lol,happy
I like my coffee like my women.,happy
“That’s not my someone” someone,calm
"Great, but we can't just assume that that's the case and allow everyone to DevientArt the whole subreddit",happy
I’m guessing theyve been together for a few years and once she was no longer a teenager and it wasn’t as risqué he lost interest.,calm
You legitimately sound like a hipster.,calm
What a waste of plastic.,calm
That’s my favorite insult ever,sad
Useful distinction - thank you.,happy
Can you fucking not,angry
"Yes,on top of that feel like vomitting,can't breathe and thinking I will faint.",worried
"Dude was okay?! Oh thank god, i figured at best paralyzed from the waist down",calm
The fact that this hasn’t happened to someone yet in this day and age is simply incredible.,happy
someone is gorgeous and so are you.,happy
Not surprising.,sad
I loved my LCR. It made me feel like a police chief from the future.,happy
Me too. It’s my favorite. His cadence in saying it is so perfect lol.,happy
That's someone for ya',calm
Hahaha I was gonna put one of those but I couldn’t remember what they were,happy
oh thats a good one ;),happy
Can't wait to see this badboy in season 8 😍 😍 😍 When someone listed him among Dragonpit characters i was so happy. ,calm
Fuck no i wanna kill the living shit out of someone,angry
It's fascinating how each language originated isn't it but the how it happened is beyond my scope.So I don't dwell much upon it.,calm
Hmm. My sister is halfway vegan and she loves oreos because they actually don't have any dairy in them.,calm
"Thats a red flag that you're a big part of his son's life after 5 months. This all seems very immature, both you and him.",angry
And..the reality of it hurts,sad
"*fingers in ears* LALALALALA EVERYTHING'S FINE. Check out someone twitter feed for similar attacks. r/Alberta is definitely slightly left, but distrust of someone is spreading.",calm
> for solo players Play. Mercenary. Playlist. :),calm
I related to someone so much in this moment. I hate that someone gone when he reaches for him.,angry
"Thank you very much, I'm glad you found it easy to follow!",happy
"Sameee, if I got a dollar for every time I’ve gotten that comment I’d be able to end world hunger",calm
"Sorry, I meant C",sad
I cant believe we elected this goon,angry
"Yes, the Raptors need to stop committing dumb fouls.",angry
Because someone has been active for 4 years and every time he makes an appearance at their police station someone is somehow conveniently not around.,calm
Nah you bunch have the lot cornered on making your problems everyone else's,calm
I love how defeatist we've all become.,happy
"Yankees, Nets, and Giants, all the best!",happy
No you wouldn't,calm
Perfect place to get flame grilled by the church then. Bring it on!,happy
Happy Cake Day Baby!!!❤️❤️❤️,happy
You got more upvotes. Now you are beating me.,calm
Thank you! :),happy
I know but it just sucks to feel like this,calm
"Eastern suburbs, the mullet never went out of fashion.",calm
Very true. Apologies if it came off that way.,sad
HAS THE WHOLE WORLD GONE CRAZY‽ AM I THE ONLY ONE WHO GIVES A SHIT ABOUT THE RULES‽ MARK IT ZERO!,angry
In the cap era no goalie has played as much as someone has the last 2 years on a per games basis,happy
"You mean FUStrated, it's someone here :)",calm
Blind kid throes better first pitch than someone,calm
Piracy is going to have a massive increase in the coming years.,happy
For Citynews dot ca that is really sad.,sad
I would get up and gently wake the guy-he could have broken his jaw-,calm
"Kill em with kindness, as they say",calm
"Alright then, I'm glad to hear that. I hope it's handled in any case.",happy
I bet we have a scene of the new girlfriend fighting with someone,calm
Does it contain like 5 members like the real one? lol.,happy
"ahhhhh ok I thought it was the other way round, thanks for clearing it up.",happy
So I suppose they’re more like the flying monkeys than the wicked witch?,angry
Pretty cool.,happy
This is actually funny,happy
Population control in russia,calm
Jurisprudence fetishist gets off on technicality.,calm
Griefing your oponents is amazing fun in a pvp game. *Cheating* to grief is the problem being addressed here.,happy
Speak for yourself. YOU don't care.,calm
They're probably usually too fixated on how they look to even consider their surroundings,calm
You kind of look like someone. Very cute.,happy
"""The movie with crispy Lord someone. """"Good Evening, someone.""""""",happy
"Even one second gets you killed against focus fire, especially if you're discorded, which is almost always in this meta. ",angry
"someone is the only one of those 4 to win a playoff game as a HC Keep in mind it was on a last second play, still counts",calm
gardnier has been a turnover machine tonight,calm
I suppose you would take on somebody else's terminal illness if you could. That makes you the opposite of a coward.,happy
"""You are like 2 years away from being Mr someone.... """"eeeeexcellent""""""",happy
"This is Reddit. These idiots don’t read articles, let alone one from *The Atlantic*.",calm
She's a ~~chill cat~~ woman of few words.,calm
You don't even deserve my attention anymore. Bon voyage sucka,angry
According to you lol. MBTI could potentially be all of those things if applied correctly.,happy
>People can literally have conversations with each other just using google. My nipples explode with delight!,calm
Lol what do you mean ☺️☺️☺️,happy
"Thanks for clarifying, was definitely originally taught wrong then. 🙃",happy
Haven’t watched the new episode yet but the art definitely reminds me of someone MS Paint art.,happy
"Look at it this way: it's the Millennium Falcon, everyone still loves it. It's part of it's charm.",happy
"Right. It was wasted screen time. But oh no, we couldn’t have a Snoke flash back that was 30 seconds *at most*.",sad
Too bad =(,sad
Aww thanks :),happy
"I want to see someone and someone, fresh blood is gonna do us only good at this point",calm
Buying Bitcoin at it's peak is the equivalent of people buy Fyre festival tickets. I'm glad I did neither,happy
Lol I’m just joking the “we did our due diligence part” is prime lynch talk haha,happy
I love flying out of Midway because I feel like I have never waited more than 10 minutes for security. I love the lines at Midway.,happy
Haunt her forever...,calm
"Yeah, sorry I don't know British or Canadian.",sad
im driving and i cant stop screaming i need to talk to someone in sorry,sad
someone. And I’m not even trolling. I seriously love him.,happy
Can't wait to move out of the city so I can get a gun. No gun city living sucks,happy
I like this area when I go to the aquarium. It's a nice rest spot,happy
"Oh my gosh, my Dodger blue heart goes out to yours and your family. I am so sorry.",sad
Give it time. Pain like that needs to heal just like open wounds. I really hope that you will eventually start to feel better.,happy
"Haha, why are you still thinking about that? That's super weird.",happy
Weird flex but ok,angry
[Here you go] (,calm
Because learning another language is cultural appropriation. This people are pathetic.,sad
digitally executed lol.,happy
"Same for me, feels like i've been made alone just so my brother can get all the attention",sad
Dae anime was a mistake UPDOOTS TO THE LEFT!,calm
oh... haven't seen it.,calm
"ok, thanks pal",happy
yep he joined the wrong org,calm
"No, this is not polyamory. It's assholery.",angry
DRAG HER QUEEN,calm
Thanks... that's the laugh I needed today.,happy
Those are literally gremlins when you realize the orange aren't their eyes.,calm
oh for fuck sake someone,calm
Did someone funnel money to any paramilitaries?,calm
">Downvoted for sharing an anecdote, great subreddit this Sharing blasphemy about the someone emperor is punishable by downvote, heretic.",calm
"with his luxurious salary, nice pension and zero accountability for anything it does, its a hard old life!!!",happy
"Its not just kids being kids, stop being so naive",angry
On the next someone VS. Car,calm
Question of the century.,calm
Wow thank you so much for explaining all that to me! It sounds like you guys have a great system going on - very organized.,happy
I'm like ''The F*** have you achieved with the joint patrols you have done with USA? What you'll achieve with the ones with Russia?'',calm
"Oh thank you for the name, is there any way to get rid of them? ",happy
It’s pretty cringe,worried
"someone, I had. It *was* a repressed memory, thanks.",happy
"Oh gosh, I can’t wait to see how much you’ve accomplished Mr. Not Retarded Criminal ",happy
I'm so glad you're annoyed.,happy
Our father is looking down on this ugly world from the sky.,calm
Walmart is also a good place to look at the local fauna.,happy
"Choose wisely, you ....",calm
"yes, very sexist",happy
The world needs more Attack of the Killer Tomatoes memes.,happy
"""Sports obsessions are basically religion to some people. And those same people make fun of the """"geeks"""" at Comic Con... ERROR 404: Logic not found.""",happy
The dude with the eyepatch is fitting.,calm
That is a great idea! I will propose in in my next session.,happy
Okay will try to contact the restaurant owner/manager,happy
Sour Tangie!,calm
I feel like this is from Shitpostbot 5000,calm
"Thank you for answering me, I did ask him Straight forward but he just told me is busy ",happy
"Whoa, we need animal safe verbiage! Don't feed a fed horse.",calm
"I guess as someone grew up from ed edd n eddy, he uses plank as a weapon.",calm
"Then he'll spend your worth plus some, or ...",calm
It’s okay my mother in law left her Prius running outside my house for overnight and most of the next day.,calm
Just watching this happen upsets me ~_~,sad
someone.,calm
I put cheese on everythingggggg and I ain't even mad about it,calm
Mugging is just how we show love around here. Respect our culture.,happy
That poor girl. She wants to run in the rain and her mean ole momma won't let her. LOL,happy
this is retarded,calm
I just guffawed at work. I hope your lawyer takes him to the cleaners.,happy
Primary is what she has to worry about.,calm
🤷🏻‍♀️ As a wise man once said: he was a bastard in life thus a bastard in death ,angry
Is this someone working in retail?,calm
"I have scars, but they’re not deliberately self-inflicted. I am just a massive klutz. ",calm
Meh good introduction. Sadly I am a pro philosopher so know all of this,happy
It's not the thumb it's the nail I hate gahhh I can feel it catching and tearing back aaaagh,angry
Wait for real? That's how they met? lol that's both terrifying and completely fitting considering how nuts they both are,worried
OH SUCK ME SIDEWAYS,angry
You had a tough childhood :(,sad
"Which is why he's still in the league as a red zone threat, but the days of 1,300 yards 12 TDs are long gone.",calm
Are u retarded,calm
I was so sad when they took SG1 off of Netflix. I guess it’s on Prime now? I need to rewatch that show.,sad
"I'm going to pretend this question was asked in all honesty, and upvote. Besides the answer below is great.",happy
Should be nice to we can see full video clip how we died....,calm
"In addition to poor judgement, she is incapable of admitting she is wrong and apologizing. ",calm
"Unsurprisingly our closest competitors will try to capitalise as we stumble. Good luck to them, we have brought this on ourselves. ",happy
This looks normal to me,calm
This WILL work for you someone!! I have hope for you bro!!,happy
Ask him if he wants to a warm glass of shut the hell up.,angry
"He probably misread it as *gunst*, he didn't come here for gunst.",calm
"""This is the mildest of mild burns Title should be """"guy didn't know other guy was British""""""",calm
Definitely the second to be frank. I just wanna get the best deal I can on a car I’m pretty in love with.,happy
He's gotta be a robot or a test tube baby. Only explanation.,calm
Aw here goes!,happy
"""I love how the lab is in the front like """"shotgun!"""" .""",happy
"Brilliant! Like I said to the other dude, anything that's similar to this is a happy coincidence:)",happy
It's shameful that he has to preface this post with his bias. Couldn't just leave well enough alone.,angry
"This is what I assumed, but I haven't seen any confirmation of this anywhere.",calm
Does anyone know where it came from? I like it lol Shaq was big cactus,happy
"someone was useless, aside from bandaging someone up a bit more than she already did and treating someone, name one decision someone has made smartly. ",calm
"Holy shit, that's great!",happy
Wanna trade lives? I'd gladly take normal height with hair and have the same experience.,happy
"ah, thanks!",happy
"cliche as it sounds, it’s never too late to start. can’t change your past, creating a better future starts now",happy
Reported *Checks mod list* u/JannisT I regret nothing,calm
So pretty! Great piping!,happy
"""""""YOU BUNCHA BASTARDS"""" is one of my favorite quotes hahaha""",happy
Maybe not the only one but he is our best shot.,happy
"I do, and I've experienced a similar situation falling asleep. Like my mind is fixated on an object that keeps getting bigger and bigger.",calm
The problem is that rent controls and the prevention of urban infrastructure expansion is killing city renters. Which is what most cities do.,sad
nice one! but it‘s a much more underground one I think,happy
"Strongly agree, someone and someone have been outplaying him for about a month. He's about dead even with someone right now too.",calm
"Unleash your RAGE, my chosen children! Unleash your rage upon the someone, and bring forth the age of the YELLOW ",calm
"True, I am not a fan of someone or anyone really. I did not mean to make so many people mad.",angry
‘My Goddess went to prison and all I got was this crappy t-shirt’,angry
"Much appreciated. It's something that has captivated my interest and I have written on a bit, so I have a reasonable working knowledge. ",happy
Can't help that the president hangs out with the bottom of the barrel.,sad
"I know very well what Whole Foods is, which makes it all the more upsetting that I missed the joke anyway",calm
Leave the guy alone he’s making sidewalk angels,angry
Especially hard last night looking at Snapchat stories.,sad
Anyone considering bed - we all knew coming in that AO means two weeks of no sleep. Persist!,calm
"Excellent jobs, young men!",happy
I guess you could say that it was unexpected,calm
food pranks really irk me 😔,angry
Being gilded makes people’s days better. I love this.,happy
Thank you; I hope so too.,happy
I would never stay at a hotel that had people ringing a bell at the bar nonstop. Not to mention the gong,calm
Who would have thought people were going to be using the Padres for their fake news to generate clicks. This is nuts.,calm
At this point all you can do is put full faith in the man. Let him get creative,calm
"Haha look at that poor person slime, can’t even afford the wire hahaha",happy
"The trouble is that they are, in fact, very devout someone. ",calm
"I keep telling you, I just grow sorghum here. ",calm
These are the kinds of dudes that gillette ad is talking about.,calm
"This is very [serious], how dare you guys mock this [serious] science?!",angry
This makes my tummy sick.,sad
I have never seen a dog more excited than when a sled dog is about to go to work.,happy
If he breathes he’s ready!,calm
I’m still waiting for two of mine as well. This gives me hope that it’s still on its way.. :),happy
Made me chuckle.,happy
Imagine watching yourself back and still being unable to see why you were eliminated,happy
"Gone but not forgotten. You will be missed, you will be forever loved.",happy
She's passed away.,sad
"Wait, are you complaining about the second hit? Dude, you were totally within range. That was one of the least questionable hits I've ever seen",calm
"You know, I'm gonna say the n word.",calm
someone really about to get a trip dub against us lol,happy
For the love of someone do not ever link that again,happy
Tell me why I'm wrong instead of name calling. Grow up,calm
My least favorite couple: someone and someone.,happy
"What a beautiful message - it's all about love, and I hope it sinks in to some of the COB people who might see it.",happy
I’ve always heard that the two people you *never* hook up with are exes and roommates. That’s the only bad sounding part of this.,sad
"As a queer man, let me point out the heteronormativity of this statement. I very much sexualized various male characters at various points.",calm
If Ww3 breaks out in northern Asia as people expect. It will make things worse for you guys in the states - not better,angry
"Ofc he'd say that, he's already rich ",calm
Any that lands for us tbh lol,happy
"I was so scared, I thought the kid was going to backpedal into a street.",worried
"There isn't a paradox. If there is one, it is badly described.",calm
Didn't you just post this and people told you it was dumb and not meant for this sub?,calm
"It's also my 40th birthday, so bring a gift! ",happy
You ladies are awesome. Thank you all so much for your kind words.,happy
jeeez i've never seen a scorpion so bad it actually flipped the person up right,worried
U.S. are going to fuck this someone guy so hard...he's going to need help to remove all the stars from his rectum,angry
"From my experience, doctors are generally understanding and they study psychological issues as part of their education. Be honest if they make a wrong assumption, though.",calm
I guess you win *shrugs*,calm
i smell a sitcom!,calm
The contempt from someone in these threads lately is seriously disappointing.,sad
But it saved people with even more money lots of money. The owners of the teams.,calm
"But if we go to the FCS right now, and never play y'all at the cotton bowl again, we keep the hat.",calm
Similar to seroquel?,calm
"So police were banned from having holidays, not police banned everyone else from having holidays",calm
Love how he stops and embraces the pole.,happy
"""""""LOOK AT ME!!""""""",calm
Go on...,calm
What do you mean by gaps?,calm
I told them I’m not ETFSEC so they cancelled the call :(,calm
Lmaoooo how’d you miss him that close 😂 sweet justice,happy
Missed,calm
"Gotta share the love, have an upvote :) ",happy
"Wow, after the past 2 seasons that seems like it was like 6 years ago.",happy
"Yeah that’s what I was saying, thanks for pulling the stats I was too lazy to.",happy
Or the damn Tremere.,calm
If I got killed by someone while they're stunned I'd uninstall my game.,calm
Reminds me of this classic,calm
I still trust him. I don’t think old school republicans as stupid enough to break the law for someone. Hence they keep getting fired.,calm
No it’s not! It’s much easier to pull in to the space and leave it there.,calm
I like someone and I've heard good things about someone (I think his name is).,happy
I’ll buy every colourpop collab she does. Good formulas. I love supporting someone and it’s AFFORDABLE. What more do u want? 😂,calm
Likely frostbite advisory weather.,calm
this study is bull but only cos my waist is just 2 inches larger than my head and im still dumb as hell,angry
See there you go. Using the excuse to excuse the excuse.,calm
My bad! It looked so real XD thanks for the heads up,happy
"Then you'll be arrested, play stupid games win stupid prizes.",angry
Cheat - no. Disrespect her current relationship partner - heavily to the point of her ass deserving to be thrown out.,calm
"Great, thanks :) remember, just let it go!",happy
That's a great point that I never thought of before... possibly nobody has!,happy
"My darling, have you bowed down to worship the ancient one yet? We are very worried. ",worried
I think so. It’s one of my favorite someone characters and a fun trilogy. At that price point I think it’s really worth it,happy
That's what I thought! Kotake and Koume!,calm
"Ah, my bad. Always mix em up. Thanks for the correction!",happy
Orange man funny but concerning,happy
And that is what cognitive dissonance looks like. People do the craziest things when reality doesn't meet their expectations.,happy
One of things I loved about this subreddit is the use of the old school meme format,happy
I'm always paranoid of people following me when I am driving home. I would have pooed my pants yikes.,worried
I'm just happy anybody's talking to me. I'll listen again :-),happy
"Sack, shaft, and tip. The trifecta. ",calm
Fat dad=fat kid,calm
I feel personally attacked.,worried
for Inter fans because THEIR BEST PLAYER IS COMING TO CHELSEA THIS WINTER,calm
I'm scared because we don't really have any isolation scorers right now.,worried
"I love that ammunition. I want to make 200 of them, but I think you may be limited?",happy
"Depends. My first name for coworkers, middle for friends.",calm
"Can't have a triangle without 3 parties. That description is the exact same as my nex, too.",calm
"Yup. If they're brazen enough to not give a damn about the law, they're brazen enough to not care about public opinion on them.",angry
Thanks for sharing! I loved someone interview too haha. Looking forward to his on-court reunion with someone.,happy
I was picturing someone,calm
My DVR did the same thing as yours Damn them.,angry
Love ignores poverty,calm
The pain for the victims just goes on and on. He was outrageously vile to the end as he continued his efforts to flip the narrative.,calm
Glad to see that thoughtful doggo found a home here!,happy
I WaS KIddInG i loVE U lOLlOL,happy
The gospel ruth,calm
"""You know when I typed """"legal tender"""" I had a horrible feeling I was going down a rabbit hole.""",worried
"Nowadays I get nervous watching Steelers defense. Back then, I couldn't wait to see what they'd do next.",worried
If your team has no healer I really hope u get the heal talent,happy
Thank you so much. ♥️ that means a lot.,happy
Your meme is bad and you should feel bad,angry
Yeah no haha. Out of my price range tbh,happy
I couldn't think of a better definition.,calm
I'm not surprised.,calm
someone pulling in his inner someone,happy
i can't even stand up straight on a paddle board in the calmest water imaginable,calm
"Love someone, he reminds me of the little receiver from NE Edlemen (I think misspelled) .",happy
Wow those latkes look even worse than I thought they would.,angry
"You elect someone, you get what you vote for, Utah. Congratulations, you got what you voted for. Vote smarter next time.",happy
"There are other petty crimes that can be more heavily prosecuted, like unpaid child support. ",angry
That's the system we have in the UK,calm
Our best hope is that someone intends to outlast someone and serve under President someone.,happy
"In ten years, I've met maybe 2 korean teachers that actually spoke English in the class. Out of hundreds.",calm
Fake news! He only serves the Bigliest Macs!,calm
"the whole thing, it was just hard to describe/express given how it all happened and everything. ",sad
I love Fate too. I hope you have a great life and that everything goes the way you want it to.,happy
So what? The LW doesn't. want. more. children.,angry
THANKS ^(that was close...),happy
Pro-tip: the Press misleads you about what is wrong in the world.,calm
And always say I love you. My SO is an officer and we ALWAYS say I love you before we leave each other.,happy
I just can't get behind genocide. I hope you heal.,happy
"No, mom doesn’t like fights and my sisters afraid of getting hit (even though he doesn’t hit her)",calm
That's pretty much ALL complaining...,angry
"Honestly, same. I was miserable at my admin asst job.",sad
Well potentialy he lived in the same area and recognized him as the same guy he always sees in uniform.,calm
"Okay, thanks!",happy
He is a brave man to even have the courage to put this foundation on his face. I wouldn't have even if someone told me to!,happy
*Some restrictions may apply. Not valid in the United States. Void where prohibited.,calm
Well technically Point A is where you're starting from. So It can be both Home and Work.,calm
"Yep, all the mentally light-lifting folks will flock to that instead of her cautiously pushed out 70% tax rate.",calm
He goes after my Wisconsin teams all the time... so I live that one haha. Pisses me off but still love em,happy
"I'll think about prime, just heard a lot of negative about them that spooks me some.",sad
So beautiful 💕,happy
Lmaooo I’m sooo gonna use “As asap as possible.”,happy
Of course comrade! The question was intellectually stimulating.,calm
This game is actually worse than I was anticipating and I knew it was gonna be bad,angry
Then spend already! Go get someone and someone and someone. Bring up that young talent and dominate already.,happy
I’m sorry that happened to you but it’s I can imagine I know if it was me I would forever feel Guilt.,sad
I'm someone and I'll leave you with what we all came here to see ... someone!,calm
Maybe defensively but going forward kola over nacho for me.,calm
That is brilliant.,happy
You look adorable. :) I love your eyes. :),happy
Sexy Unique Podcast (SUP) for all your VPR needs!,calm
I was banned for criticizing the authoritarian mods and now I’m back! Feels good to have the subreddit return to the principles of freedom of expression.,happy
"If wishes were horses, beggars would ride.",calm
"Leave *my* sleep schedule alone, jackass. You’re the one that wants to change the status quo we’ve had for decades.",calm
Cheers to you for pushing through.,happy
"Thanks for the info! Fellow dry eyelids , I guess I'll just keep using my usual.",happy
"Just wait until you're 36 and in a solid career so you can marry a used-up foid who only wants you for your betabux, bro.",happy
"Do NOT disrespect someone. He is a beautiful, good man!. someone is far from it and not near as pretty.",happy
only take your shoes off if there is carpet. and carpet is nasty.,angry
Ok. I got it. But it was a house. Just seemed odd lol,happy
"I love these blobs, would have done the same thing",happy
"Cruz Azul choked? I never would have expected that from them, thanks for the heads up",happy
I’m gonna get downvoted but it’s 4 years,calm
Oh wow. That’s nice of New York.,happy
We're entitled to express our opinion that OP's opinion is shit.,angry
I really miss AG,sad
"I beta-tested Gwent. After all that and everything after launch, I'd still rather just play it as a minigame in Witcher 3.",happy
Getting your helping the elderly badge isn’t too hard when you are the elderly.,calm
Hey man you can outline whatever excuse you want to not go ahead with this. I'm just giving you information.,calm
Now that's job dedication. May we all raise a pizza roll to this cameraman.,calm
Used to be the same with someone,calm
Can we get a Chargers coach for someone. They always seem to coach up their players in that position.,calm
"As long as someone isn’t a judge again, we can be optimistic",happy
"On my RX480 it gave me 15+ average FPS, when you're hovering around the 60-70 mark, that 15 can be huge.",calm
Some of them really seem to be embittered by their own paranoia.,calm
i just giggled like a girl.,happy
Man that sure is one fun kid. He's more fun here than I'll ever be my whole life 😞,calm
My man!,calm
Dammmn girl them make up skills! Your eyes are so wonderfully icy!!,happy
This one is cute,happy
"If this continues for V7, I'm gonna start getting *real goddamn salty.*",calm
That’s the silver lining of this. Fuck Veracruz.,angry
Sounds like she wanted it done regardless of doctor,calm
Its nice to have time to be able to get a job and a new apartment before having to start paying back those loans.,calm
"Sounds like my SIL with me/hubby. But she's a bitch and we never liked her anyways, so neither of us really care lol. ",angry
I think we're passed the point where he'll ever have a full health season again,calm
I think I love you. That pun took my broth away.,happy
What was the drama in Dallas? I didn't hear.,calm
"I def think someone has a lot of upside still, but yeah just a bummer that he's no someone.",calm
They’re so angry!,angry
"I think there was a review saying it didn't go far enough with its pro-environmentalist message, maybe that's what they are referring to.",calm
He’s actually a ghost. He died of that flu and his ghost is still cursed with the symptoms to this day.,calm
Much appreciated !,happy
"Okay, I see where you’re coming from. I guess I’m a RAW kind of guy so I tend to think that way.",calm
Cute! And similar coloring to mine. :),happy
Nice job.,happy
"I'm glad for that. Once that check comes in, I only have about $3000 to work with.",happy
"in the words of someone: As big as you're gonna get, so enjoy it. Had to give you a career to destroy it ",happy
"I apologise, I'm a bit hot headed at times, especially on this account.",sad
"Well, I never thought it was entirely coincidence that we got bad when someone went to Ireland and got good again when he came back.",calm
Absolutely amazing how people think this is anonymous.,happy
One of the most memorable games I’ve been to. And I got some great seats for an even better price.,happy
> traffic through there in the summer is awful because that’s where everyone wants to be. your life starts to revolve around bridge time.,angry
And what do you find in the mist in subnautica crystalized sulfur. So I believe this is definitely what they modeled the lost River after baddabang,calm
What a goal,happy
Also checkout the forkdelta market:,calm
I have but she wont listen.,calm
People who attack vigilantes.,calm
My liver CRIES watching these kids. Weeps into a warm cup of steamed milk.,sad
She just wants to make sure she has good casting for her character in the Lifetime movie.,calm
It certainly is if the title of the meme is Buh We Dindu Nuffin' wouldn't you agree? That sounds like a racist stereotype to me anyway.,calm
Happy New year!,happy
"Now you're thinking, 'I hope that's shepherd's pie in my knickers!",happy
That’s scary,worried
"On top of being cheaper and a better power curve, devo gloves synergies with crit builds, since you’ll get huge chunk of lifesteal. ",calm
"""Oh, I stand corrected -half a million people is """"almost no one"""". Bloody hell mate. """,angry
We love you here.,happy
"I'm thankful every day I was in school before the Internet, smart phones and social media.",happy
It changed 6 years ago,calm
I really applaud you for your patience...,happy
Haha. Yeah there is a vaccination now. When I was a kid my parents did the same thing. It hadn’t been developed yet.,happy
Absolutely nothing! LOL,happy
I love those moments where someone finds a teammate opens and whips the ball at them but our guys are tuned out and don't expect it.,happy
"You’re braver than me, thank you for your service O7",happy
This was not on night sight Not OP but also used Pixel 3 to take similar picture from springs with binoculars carefully in line with camera,calm
". . . Uh huh, interesting",happy
You are very welcome. Happy growing. Keep in touch with your success.,happy
By someone! By someone! It's the grand Champion!,happy
okay thanks!,happy
Umm... I am.,calm
If the wealthy behave as if its fine to discount the future then its fine for the poor to take from them.,calm
ITS A GOOD BOI!!,happy
Well isn’t it pretty much just standard goblin lore? Not like she came up with gold/ greedy goblin background on her own.,calm
It’s supposed to be. But ol someone snuffed a few out that he could have otherwise put clothes on and sent home.,calm
"""They get pissy about """"automatic defenses"""" for property. I mean, *REALLY* pissy.""",sad
I love how there isn't a single legit trade in this thread,happy
"MEEEEEEEEE. Most people don't get my humour, but every now and then somebody does and we non-stop laugh together. ",happy
The best music for the best voice....epic & timeless 🎶❣️,happy
You can't demand historical accuracy 'at all' then. It's logical fallacy.,angry
That is NOT a firecracker..,calm
So it would seem,calm
"Congratulations, you can into geolibertarianism",happy
if someone got a divorce he would stop doing this,calm
Haha my cat does that as well. Had to get round door knobs.,happy
Damn someone great move,happy
"Yes, very sad but that's the reality of competitive online gaming right now",sad
Nothing wrong with that! Sounds awesome :),happy
I've had sleep paralysis once and it is really bad.,sad
She was carrying all my burdens >:((,sad
I test ENFP and I relate to this thread so much.,calm
I’m not crying.. You’re crying!,sad
You people are awful. Those are *Haggisus Australis*. They're a protected species!,angry
My one regret is not making an account sooner. I lurked for a long time because I felt like I didn't have anything worth saying.,sad
Love this - beautiful penmanship,happy
What a shame... she was passing really well too...,sad
You shot my hair....,calm
# SOMEONE GIVE THIS GOLD!!!!!!!!!!!! #,calm
someone is such an iconic runway model 🤣🤣🤣🤣🤣🤣🤣🤣🤣🤣🤣🤣🤣🤣👍🏻👍🏻👍🏻👍🏻,calm
"Play stupid games stamkos, win stupid prizes",angry
You don’t see a parallel between the two scenarios?,calm
Thank you!!,happy
"are you printing labels through ebay/paypal/other online service? You get a discount there. If you're paying retail, stop it. ",angry
Oh that’s so sad that she thinks anyone cares about her opinion,sad
Don’t get me wrong. I laugh so I don’t cry :’),calm
That definitely hurt,sad
I hope you like it-,happy
She looks like one of my exs always feels weird seeing her about,angry
"Not just a faux pas, it's outright rude and inconsiderate.",calm
"No, but we have beer and whiskey ",calm
Oh great now Soda is screaming again just what I needed.,happy
Gotta love Alabama School Fundraisers. You know that dad paid big bucks with how excited he is,happy
Look at this guy with the research.,calm
someone is worse but biden gropes women and little girls,calm
"Let's be real though, the waifu is probably younger than his kidfu",calm
Thank you xo,happy
"...not enough headphones for someone? Also, someone looks like a New someone.",calm
That's awful. But I am proud of you for calling him out.,angry
"Welcome to the family! Don't let toxic fans, especially Twitter, get the best of you. Let's go canes!",happy
depends on who im with lol. I became an Entp for a short while then went back to being an introvert.,happy
Thank you for the references!,happy
Thank you for being proud of me!,happy
"The game felt like an awesome sci-fi TV series, with each mission feeling like a great episode. The pacing of this game was damn near perfect.",happy
Well done Kepa get in!!!!,happy
Thanks for the feedback! I will certainly keep that length range in mind.,happy
Found his burner,calm
"That's a stock photo, bud.",calm
Lynwood gets shady AF after dark.,calm
Edit: Four on Five now man! Woo!,happy
What the hell are you on about now? Those are some weird examples to go with your clarified opinion.,angry
"Auch, that's gotta hurt...",sad
This is fucking hilarious,happy
"""I love this one too """"I like to be spoiled and will spoil my man as well"""" Men translate this into """"Pay me for sex""""""",happy
You should educate yourself on HPV. You don't contract it from being careless.,calm
Thank you so so so much. Best of luck to you. We deserve the kind of live we give others.,happy
Guess you don’t understand that the Citizens United vs FEC ruling came around 26 years after someone was president.,calm
"I hope someone, someone, and that wonderful, talented, someone QB defeat the Pats.",happy
Say again?,calm
Keep moving!,calm
Old Firm game also on the same day. Media won't care about the rugby.,angry
he is lying to you,calm
Thank you. I’m glad the club acted responsibly.,happy
And then they claim that being incels have nothing to do with their personalities.,calm
"Hey, that's awesome. I'll be sure to think of some questions for you in the future.",happy
Thank you!,happy
"No kidding, this dude is trying to drown some serious demons.",calm
"Hi, yes? Ok, one moment... Hey OP, yesterday called and they want their post back. ",calm
It's tasty. Had one on bone marrow once. I've had weirder things before,worried
"someone first event was IW, not last year. So you're comparing his second year playing professionals on LAN vs Cells first time. ",calm
"Thanks for posting OP, much love to the someone out there.",happy
"""I've met very few """"bad"""" people in my life. Most people I arrest are ok people who made unfortunate mistakes.""",calm
Desktop link: ^^/r/HelperBot_ ^^Downvote ^^to ^^remove. ^^Counter: ^^231652,calm
WE can't always have what we want. I see them losing.,sad
When people don't understand things they invent gods. how little we have changed in all these years.,angry
###someone NOT ONLY IS THIS A REPOST OF ONE TOP r/jokes POST...ITS A COMBINATION OF TWO!,calm
"Doesnt matter where it happened, retail companys will find any excuse to throw their employies under the bus",calm
This might be my favorite scene in the whole series,happy
Champaign’s a weird town in that aspect..,angry
You are welcome mr/ms someone,happy
I think he's probably (hopefully) more interested in the URL of the page... :D,happy
Probably because every day several people ask the same question.,calm
This is almost a r/ATBGE situation,calm
I drew that Godzilla!!! I'm OPs friend btw.,calm
I had a crush on this guy ever since I saw him as the mad hatter on OUAT.,happy
"holy shit I got mad at those 4 points you made someone, playing someone like that would be literally hell.",happy
Damn that is impressive. Can we draft an entire o-line from them?,happy
ohhh....,calm
This kid in the future,calm
You're welcome! Glad you're enjoying them.,happy
Thank you. Should I ask them to see the report I gave to the cop so that I don’t mess something up?,happy
I actually liked them. I love the idea of Conqueror being a rabid and maniac dog.,happy
Thanks! Will give them a call!,happy
"On the bright side, anyone dumb enough to do this would quickly be buried in a hail of well-deserved poor reviews.",calm
"Yea gotta get that sweet .05% on $3,000. Gonna retire with it!",calm
"Saddle up, partner.",calm
Damn he has a kid with evan rachel wood too. He gets all the honies.,calm
Spilled sperm and allowances are non returnable.,calm
Thanks! I'll work on this next time!,happy
Could also be an overwhelming guilt in the heat of the moment. Probably hard to stay rational when you realize you've killed your own friend on accident.,sad
I use to work in an office near a 24hr McDonald's. The smell of the place when walking by at 7am was stomach churning.,angry
That dude popped a viagra and got stuck in his neck.,angry
Well hopefully we’ll find out how hard her life was tonight ☺️,happy
Ahh got clingy huh.,calm
From one eating disorder to another. That's not recovery that's just sad.,sad
"Hopefully with in this day and age where there ar rapid technology improvements, this child will be able to live at least a semi normal life",happy
Just split for gods sake before kids are born.,angry
Repost with a better title,sad
Change the size.,calm
Omg someone he’s there because you don’t listen. You ass!,angry
exactly. you're a child. you make personal attacks when you lose an argument. I feel sorry for you.,sad
"If/then. Not if/than. “If this happens, then that happens.” “I have more than you.” It’s never if/than.",calm
Thanks! Thank you for sharing!,happy
Every. Single. Time.,calm
Can’t be worse than last week,angry
"Oh wow, cry me a river. It's not like he's testifying against a someone.",calm
"You are grieving a hard loss, and might benefit from some grief therapy.",sad
"No, just dont show off your books. ",angry
Just forget about it and act like it never happened. It’s not the right way but it’s what I do.,calm
FINISH ON HER!! Seems way more appropriate for a sex doll,angry
It's both we only have like 5 good players and two of them are just a rookie and a sophomore,happy
They are worth the time it takes to write them. Thank you for returning!,happy
"Great. So increase prices 20% overall, give the waiters the extra money. I'm happy with that. 20% is a great tip.",happy
Geez. The guy had a bad day over a year ago. Let it go.,angry
You’re welcome,happy
"All my brother, I'm not talented haha I just steal the credit. ",happy
"> you've absolutely just generically described absolutely everywhere and not just Scotland. Nope, just the difference between scotland and sussex is staggering. ",calm
I am just utterly disgusted by it all,angry
You deserve it <3,happy
I had an ex like that. I know why I couldn't function with his way of life. Totally unproductive.,calm
I feel like the cameraman is having a seizure or something,calm
WITH not without,calm
someone damn fruit booters.,angry
Aww that makes me happy!,happy
At least I can get laid in my natural state.,calm
Quick! Go get volvo involved!,calm
Worst winter ever :(,sad
there is a whole youtube channel about this issue in russia just search for STOP HAM,calm
Maybe she recognized you and didn’t want to hear your (obviously) stupid comments.,calm
"O don’t know man, I think they’re doing this for him, that looks great",happy
"""He can barely speak, but he still pulls off the perfect """"yaaaa someone""",calm
"Well, that sucks",angry
I like how adamant you are that you didnt woosh yourself,happy
"Funny, I don't know a single MRA who's been accused of sexual assault... but I know plenty of feminists who have...",happy
Fuck you bro,angry
What I figured but needed some clarification. Thanks!,happy
someone!,calm
Done Please spread the word. Invit your friends,calm
I thought for a moment the one mongoose was dead after watching the other one drag it.,calm
Go to your room!,calm
I love salty popcorn. and sweet and salty popcorn. and tomato and worcestershire sauce popcorn. and chocolate popcorn... I'm just a fan of popcorn =D,happy
"- There is no such thing as moral capitalism - Seizing the means of production is a communist thing, not a socialist thing. ",calm
Maybe she misheard thirteen as thirty. It's a possibility.,calm
LETS GO WE SACRAFICED ALL THOSE OPEN THREES FOR someone someone TO HIT THE CLUTCH THREE,calm
Man I love that flair.,happy
Minimum wage hurts small business more than it helps the poor.,sad
They were on the losing side of WW2 and unconditionally surrendered.,calm
>Ordinary Men by someone Thanks for the recommendation. Got it ordered on kindle from Amazon.,happy
Steeler 4 life lol,happy
"r/ThirdSentenceHappy My eyes swelled with tears as I opened the door and watched all 8 puppies, overcome with joy, as they were reunited with their Mother.",happy
"I've never heard the insult 'Galaxy-Brain' before, but it's a wonderful! I'm gonna have to use it more often.",happy
someone is the most useless phantom thief change my mind,angry
You got this! One day at a time.,calm
tHiS iS wHY TruMP wiLL wiN!!!!!1!1,calm
This is murder,calm
That's a big meal.,calm
Stop attacking me.,angry
"You're didn't vote for her you are obviously a racist, sexist, homophobe, you're the worst kinda person.",angry
Maybe try to do some little thing you really used to enjoy. Even if it's just for 5 mins it's still a small victory.,happy
now i wanna know what their username was. was it worse than /u/JusticeForShangeIa lmao,calm
Lol every time I complain we score like 2 min later. I will wait 5 min,happy
So many insecure balding guys itt.,calm
Some tournament organisers pay the orgs and allow them to pay their players. Hence why I was curious.,calm
? I'm a dude so I was asking how often she feels like guys listen to her. Not sure what you're asking,calm
"White Oleander is such a great book, I haven't thought about it for years!! Adding it to my kindle to re-read.",happy
Actually if they formally organize in any way then they face discrimination charges for not including enough ethnic/ religious minorities.,calm
I guess if you want to ignorantly label people you know nothing about then I'm whatever you care to imagine me as,calm
I would’ve LOVED to be a part of something like this as a kid!!,happy
Also a tacklebox is what you keep fishing gear in. Not sure if the football thing was a reference to that.,calm
Nothing. He can hold the SOTU wherever he'd like. someone uninvite is just political theater,calm
I'm sick of them eating my cheddar.,angry
"I love your your moment, too many favs I but first that comes to mind is someone finally suits up as someone ",happy
stepped over that dude like he was someone!,calm
I'm nauseous,sad
Might relax you a little bit but definitely don't expect some amazing buzz from just 1 15mg pill. 15mg might feel like 5-7.5mg diazepam.,calm
Feed this mans!,calm
She's supposed to be 20-something but is played by a 34+ year old actress.,calm
"She is smiling in the picture and, to add insult to injury, seems pregnant in the video.... ",happy
It does with PIA,calm
I hope you’re okay. I’m here to talk if you need someone,happy
Like what?,calm
This country is an absolute shithole. Our police are no better than the filth they should be catching!,angry
"People with autism are awesome. Atypical, interesting, passionate, expressive, and awesome.",happy
"""What a fucking moronic jackass. """"This is what happened with my piece of shit dad so you have to experience it too""""""",angry
Does it tickle inside your nostril? I always imagined it would be annoying.,angry
someone and someone are playing scared today.,calm
Well with how often the VPD turns a blind eye downtown I promise you vigilante justice is coming.,calm
Happy birthday!! Lots of love and hugs from a stranger in Hanoi 🤗🤗,happy
SEVEN parrots? Wow. Bit of a hoarder there.,happy
We need someone to review this...,calm
If you plan on doing more then do leo next. Hitting /r/Tekken with the gender mixup.,calm
Great documentary on that: Grandmas Boy.,happy
That sounds delicious! Looks like I’m making a trip to the supermarket today.,calm
You dont know how much that boosted my self-esteem right now. Thank you stranger,happy
"Most police departments have something similar, and it's the name.of the big LEO sub.",calm
Im tiddly at beer oclock. Hello from taranaki new Zealand.,calm
"Oh sure, that makes it much easier to pay your bills with no money. The money will just come at some point in the future! ",calm
#13 PhDs,calm
I always thought of the sound of lakes freezing on cold nights. It's pretty surreal in itself.,happy
"In this case his hands were up, so the solution is them keeping their hands up, and not beating innocent people. ",calm
Sodaman going sicko mode,angry
*I love pressure. I eat it for breakfast.*,happy
Relevant:,calm
"You can, but it won’t do anything for your ugly personality.",calm
I think he has way more to fear from someone than from U.S. people.,calm
That's so amazing! I am happy for you both!,happy
Get that hole ready for some bricks.,calm
Welcome to the new normal.,happy
Stupid play.,angry
"No, she was just under investigation by child services.",calm
You ok?,calm
"I get all my cupcakes from Randalls, however I wanted to try Central Market recently but interested in how I would get scammed.",calm
"Hears hoping, best of luck",happy
Heart of darkness,calm
Damn... That means a lot. Thank you!,happy
It only points out that when only men can change things concerning gender inequality there is an obvious gender inequality.,calm
He likes an old song and is young DISGUSTING,angry
Great work brother!,happy
I feel like someone smart will go pound bama on the ML right now. But that person won’t be me lol.,happy
Really someone learned after a summer.,calm
"It would still be like hardcore then, you start a new life but retain nothing from the last",happy
Ah someone trying to save the faith by strawmanning amazing.,happy
"Yeah, this seems weird to me, too.",angry
"Ah I see, thanks for the insight",happy
Lots Of Love,happy
The stories where he meets and talks shit to someone are some of the best!,happy
"I could believe it's natty transformation, just not in so short time-frame. Hence, juicy or time-frame is closer to 2 years.",calm
10 mg Trintellix and 1.5 mg Vraylar,calm
I'm looking at that scene like a tribute to TWAU2's demise,happy
"""The admins do not recognize the """"np"""" link. They've said so.""",calm
And they haven't done that either. You're speculating with no basis.,calm
someone said it best. Un-fuckin-believable bro,angry
I hate y'all too,angry
"Yeah, thank him for helping support this legislation",happy
FUCK YESSSSS CJJJJJJJJ,angry
Sounds like he wants to strongly pretend he's not paying for sex.,calm
"Old school runescape, make an Ironman. It changes the game and makes everything so much more meaningful and fun :) hardcore if you enjoy stress",happy
I'm having a woosh moment here.,calm
dude stop your gonna make me cry. This is horrible please don't do this STOP right now. Dont it's just not worth it,worried
It makes me feel good. Wholesome is a very subjective thing.,happy
"LPT: As soon as you wake up make a repost, your virtual internet points will make you feel better.",happy
"Very little, and yet, some days, even that is too much :P",calm
"99.9999999% of sugar relationships involve sex. If you're not interested in sex, you should not sugar.",calm
Bali this year,calm
You're taking all of this WAY too literally AND making a lot of assumptions.,angry
Thanks yeah that sounds good,happy
I'm so happy this post blew up because this is so true,happy
"Pay, 69k each No, I was pirate legend before doubloons we’re in the game. Thanks!",happy
Man they must really hate someone out of position at SF. But let’s play someone at SF that should work.,calm
Try to contact someone on Twitter. She is well known for such things. And the good thing is she is the external affairs minister of India.,calm
You're pointing at me You pointed first I'm signaling that's not pointing Stop pointing at me!,angry
Good luck my friend!,happy
The crime here is using the shaker parmesan crap.,calm
My favorite parody in fact.,happy
I love posts like this because they make me feel so much better about being vegan.,happy
He should be banned from the nfl. I can’t get behind this.,angry
"Damn, politics *does* make strange bedfellows.",angry
Not saying it's bad. It just initially looked like the kinda thing you use in resection to stuff,angry
That actually looks so fire,happy
"Oh, hi, we doing a greenhat circlejerk rn?",calm
That’s an early contender for title of the year 2019. Bravo.,happy
"He might have disobeyed orders and taken big risks, but someone knows despite that, that he would be good leader. Thought this was obvious. Edit: word",calm
Oh there goes gravity,calm
As I understand if our Libel laws had been as shitty as the ones in the UK he could.,angry
"*Now* he wants to negotiate? We don't believe you, TЯeasonous TЯump...",calm
Did you miss the massive throbbing erection the Dems had over the no fly no buy thing?,calm
"Ah that makes sense, thanks for the quick reply. I'm new to the world of working so I have no idea what's what. ",happy
I know a guy who knows a guy who gets things.,calm
Honestly it makes me sad but someone does need less time:/,sad
I have this shirt I love it with a burning passion,happy
"""""""We're the greatest country on the earth!"""" says not-Canada""",calm
i believe this is someone from someone on instagram!! her owners are so sweet,happy
What a totally innocent and integral part of our society! So glad our tax money can keep him company over his year long holiday!,happy
"I know what you mean and with me, I love animals. Do you have any hobbies you like to do? ",happy
"Thanks, i have to wake up early tomorrow ish.. i cant now but if i think of any other questions i will, ❤",happy
"wanting to kill other people doesn't? all i'm saying is, you wanna kill people - start with yourself. ",calm
I agree a congressional library of excuses already. fella should try to hit the trim asap and get over her asap,calm
No one gives a fuck about your internet points guy,angry
He broke the wheel so bad it's going backwards,sad
Sorry sorry sorry sorry sorry,sad
> WE AREN'T EVEN IN THE UNITED KINGDOM I was well ahead of you. It was the prices being in dollars that gave it away.,calm
"""Witness tells police he heard suspect scream """"OKAY I'LL CATCH YOU LATER THEN"""" while running away from the crime scene""",calm
So it isn’t pretty much the same? Glad you think I’m right then.,happy
Clubhouse distraction when you can't finish between innings and you still have to go out there with a full mast tho,calm
I really don't think healthy people with no other emotional issues regret having their kids.,sad
I don't see any shoes on his feet after he lands. Kid is fucking dead.,sad
I'll keep them coming!,calm
Driving drunk and killing people is where it stops,calm
someone was a strong candidate. I think she can win if it's an open seat race.,happy
**SHOW SOME CRYING FANS YOU COWARDS**,calm
Grow up mate,angry
My name is someone,calm
This is so good!!,happy
"I didn't delete it. Your moderators did. But that's what someone do, they ",calm
It's practically non existent. Im mostly afraid to initiate a hug because I'm afraid I don't know/forgot how to hug.,worried
Happy Birthday! ✨,happy
"Lol, pretty sad that even in your fake revenge fantasies you come across as a huge asshole.",happy
"Apparently measles are worse for adults, ironically due to stronger immune systems.",calm
lol eat your own farts Trumpkin,happy
"##EVEN IF YOU DONT WANT TO WATCH IT, GO TO 40:20 AND WATCH FOR 20 SECONDS, I SWEAR TO FUCKING someone YOU WILL LOVE IT",happy
Dude what's wrong with you? 4 years in a secret relationship.. you shouldn't be in one of your not comfortable telling people,angry
Just wait until we sign someone this off-season! Best front in the league.,happy
Its not... your fault,calm
"No kidding, one way or another they'll get much better this year.",happy
No. Everyone going through the temple that day -- living and for the dead -- all got the same name.,calm
"when they finally do eat a decent meal, the will blow up like a balloon!",calm
I love snow! It means snow days!,happy
900 IQ Play by that tracer to use her 300 Damage Ultimate on a 600HP Character who has a healing/damage resistant ability.,calm
"someone, I hope your plot armor is strong enough to save someone from a ship crash.",happy
"""My dad makes that joke """"I have to fight anorexia"""", his BMI is 31...""",happy
There always seems to be some genuine dislike of someone whenever someone talks about him.,calm
Fucking Synths. -someone,angry
Remember how we always joke about being willing to buy GameStop for like $3.50? Looks like the other corporations said the same thing.,happy
"What a manipulative, child of a man. Jeez, grow up.",angry
"What does your statement even mean? It's a game set in WW2, not the war itself.",calm
Everyone can tell when dudes do a combover and yet many guys do them,calm
Beak makes no sense. Well beaks make no sense anyway but this one especially,angry
Omg i probably need to get mint to drop some truth bombs,calm
I shower with the lights off. The first time felt really unnatural but now it's actually really comforting.,happy
someone kid got flyer shoes than the rest of us,calm
Needs a great winger to play off of. Without someone he has struggled to be creative on the wing,calm
"someone, someone, someone, and someone all at top tier make me happy",happy
Nice. Thanks for the original.,happy
Hope he enjoys the ticket he is going to get.,happy
"""someone: """"WTF, it's just a prank bro!""""""",angry
Columbus really gets away with quite a lot of interference.,calm
I love how the sun just decides its going to pull Australia from Earth and cuddle with us... If only it didn't burn so much.,happy
That is insane,calm
I love polo shirts,happy
I'm seeing the error using Chrome both on MacOs Desktop and Android. I'm glad it seems to just be me though. Apologies for the snarkiness.,sad
I love this game already,happy
It's so beautiful out. If only the sun wasn't so consistently low.,happy
They’re not just cute like everybody supposes,calm
Differently to whom? And in what regards? Most people are treated by others as if they weren't anything special.,calm
What are you talking about? Anything bad that happened was someone fault - only good things were someone doing!,angry
I would love it as long as the art style was mature and well done,happy
I'd get the call of the void way too hard here.,calm
That would be cool,happy
"Oh I didn’t realise, sorry for my ignorance ",sad
"It's a bit of a saying from someone. What I like to also say is love the person, hate the behaviour",happy
"Okay, thanks for the clarification!",happy
I'm saving that for when I can show up too,calm
So many great shows they killed because they didn't advertise them and put them at terrible air times :(,worried
whyyyyy !!!! ughhh,calm
Who gives a shit. Stay in your fucking car.,angry
"As far as I know, she offered quick snack to all of them, just out of obligation and two of them accepted that.",calm
"someone injury, someone coming back, leivo trade. Quite a few moving pieces",calm
"My aim in battlefornt 2 is pretty good = navy seal, elite unit",happy
Black goodness 😂😂,calm
Same. Not being hateful to the op but I don't see the connection.,angry
I'm going with 720. She is like someone!,calm
I keep telling everyone to watch it. It's such a fun movie and the directing is great.,happy
This is brilliant,happy
>testing teenagers for four mystery roles Oh good lord. This is going to be even worse.,angry
You’re in a sub about getting someone elected.,calm
"I love the enthusiasm inherent in the scream. I never saw anything wrong with it. Not to mention the most innocent, innocuous dancing video ever.",happy
someone bless that batch tagger extension,happy
I like how she spins away it's too late.,happy
F for our fallen comrade,calm
I have pretty bad anxiety and have recently adopted two kittens. I definitely feel less anxious when I'm around them as they are such sweet animals.,happy
And then everyone clapped and cheered.,happy
It's still usually allowed if the first thing touched is ball,calm
This genuinely made me angry. He and his sociopath of a wife deserve each other.,angry
"Haha, only one species. More the Cockatoos",happy
Sure! :D Thanks for requesting ^^,happy
Shut up nerd,angry
"This is a huge stretch, but I would enjoy seeing some tweets from her hubby about it...",happy
Reminds me of someone from the documentary THIN who purged food through a feeding tube in her stomach. This sounds dangerous.,worried
"I’m still using a laptop from 2008, and until last month I was using a phone from 2013. Actually felt bad upgrading the phone.",sad
I may have got lung cancer and hiv but at least I was around when someone was haha baby-boomer win!,calm
Poor and lonely.,sad
Lmao. Idk why this made me laugh out loud so hard. Ig cause it’s actually true lol.,happy
No worries girl it happens hahaha,happy
They blew him? That's a hell of a deleted scene....,calm
"What a great read, its interesting to look at things from that perspective. ",happy
I read this In his singing voice. Amazing.,happy
someone is from the Bay. I'm sure he believes someone is the greatest of all time as well.,calm
Gay boy here. someone is overrated imo,calm
Yeah totally not trapped by belt and road /s,calm
"Had a quick listen and it could potentially be my jam! Thank you, kind someone :)",happy
Ps mad love seeing that the block has a baestok bighead,calm
"Keep spreading the word fellas. Wishing you all a great 2019, love you guys and the whole community.",happy
I'm just saying as far as having incoherent political worldviews goes... it's ironic...,calm
Thank you! :O,happy
"This what happens when you run a lineup that includes a cold Galloway, GRIII, and Brown",calm
You are wrong but people shouldn’t downvote you for that. Downvoting people for trying to become more informed is what leads to an ignorant community.,calm
I’m doing my part!,calm
Literally never in my life. But I’m only 19 so like,calm
"‘Twas not MRSA, just ick, apparently.",calm
My pleasure. It pays the bills.,happy
I really like the hot pot at Lucky Bamboo. Their dim sum made me sad.,sad
And somehow everyone in the sub is a saint who would never do this,calm
That's every cat's idea of fun!! Tasty human hands!,happy
"someone can get the web action, ja feel?",calm
Didn't Canada have more guns per capita then USA? I think I saw that in Bowling for Columbine. But someone seem pretty chill about it.,calm
She said that? Wtf?? That's fucked up. I shouldn't be surprised. Hypocrisy is common with this bunch.,angry
"someone And someone were someone in the ND game, they both need to be investigated & executed ",calm
This was beautiful!,happy
Omg yes lol,happy
How could you ever get bored of place that is getting more and more enjoyable as you are there,happy
"I was afraid things would if we kept seeing each other, which is why I brought this up to her now rather than later. ",worried
"Ignore him, he is a spiteful little rat who is mad because someone did something good and it reminds him how pathetic he is.",angry
Nearly every malicious compliance is a petty revenge story.,calm
I love Fish Stick,happy
this 'bug' has caused me countless death... i always used rifle primarily and switched to shotgun after rifle shot,sad
"It doesn’t really matter what you mean, it matters what you say and do.",calm
Dude nsfw this damn,angry
Aaaay someone unite against the magical sky fairy!,happy
And those poor kids are still paying for it. And we have actual grown adults that are bullying them even today.,sad
Saved this. Not OP but I feel like you just threw me a life jacket. Thank you.,happy
"Oh ya, that’s someone!",happy
It's so difficult keeping track on who is friendly with who in the Middle East. How are Iraq:s relations with Turkey and their own Kurdistan nowadays?,calm
It’s weird knowing that someone swears,calm
"They should build the wall out of someone emails. After all, no one can get over them.",calm
>New Years Penis,calm
is there a satire flair for this sub? because this one needs it,calm
In the post fight presser someone was making fun of it and asking how long it’s going to be around,calm
They aren’t really being choosy.,calm
I’m going to be laughing for the next hour!,happy
Tbh I love someone but for someone id be willing to see him go. someone gives someone the best chance he'll ever have of competing.,calm
someone the only one who’s still part of the organization here,calm
I lost it at the 5th panel.,calm
"Come on someone, time to step up",calm
Relax it's a joke. Everyone does some 90's at the end of their videos. Otherwise people will assume that you aren't sweaty enough.,happy
Because it would be beneficial to her cause if he were. someone scapegoat mechanism in action.,calm
Thanks!,happy
"Wow, this is terrifying.",worried
someone is scared out there. Didnt want the ball,worried
Damn that’s a big F from me :(,angry
"Bam, it's suddenly fixed! Thanks that was great. This is all happening in Bizarro World.",happy
I'm still happy about it and will be for the entire offseason.....if not longer :),happy
The man literally elevated any role he touches.,calm
"Apologies, sir",sad
It can be uncomfortable to be honest but after a while you both find your sleeping positions.,calm
Hard Candy. You're welcome.,happy
"I think it is simply that all the stress got to someone. He is human after all, and he apologised for what he did, IIRC.",calm
They've done that with quite a few presidents before after all.,calm
where’s that tashy bastard,angry
Now to get a new husband!,calm
"Damnit, now they're ruining IKEA too.",angry
Do I complain when the for profit website is linked on here daily?,calm
Magic city is a strip club in ATL if you didn't know.,calm
I like him,happy
I'm crying.,sad
"Thanks, didn’t know there was a term for it. That’s how I handled the first and last episode I saw lol",happy
You also gotta be Japanese. If they were into interracial shit with white men that niche would already be filled.,calm
"When they touch my arm or shoulder while talking. Usually they do it with no sexual intent at all, but it still gives me butterflies. ",happy
It was or I’d have walked out!! Lol!,happy
Congrats bud! Hope it was a good 21st!,happy
Min Gung in Glastonbury also has all you can eat sushi. Always a good time!,happy
Fucking Instagram normies,angry
I very happy with my character. I took my sweet ass time picking one that I liked.,happy
That is incredibly disheartening.,sad
It only got things right that were in the email leak,calm
Now I get why his videos are always on this sub. He's posting them himself.,calm
I hope for his sake his name isn't on it. It would be much simpler legally if it isn't.,happy
Doesn't even make sense. You don't say dollars 5 so why put the dollar sign in front,angry
I told you you’re right it’s silly anyone would care about foreign intelligence attempting to influence elections. What a silly joke.,happy
He also does not care much for his mother because she knew Dr. someone was lying. Just your typical leftist bully who hates his family.,calm
Hungover lil chicken,calm
YOU SUFFER ON YOUTUBE WITH THE REST OF US.....or you buy their CDs and rip em onto the computer <3,angry
"They're just excited! About everything!! It's the best when people do this in professional emails, too!!! ",happy
I feel fantastic,happy
"I love when they send in the wrong meat, it’s only happened to me once,",happy
Big if true,calm
Mexicare for All.,calm
The title gives a pretty good rundown in my opinion.,happy
Is there a source link? Id like to put it as my screen saver :),calm
"""We had a great thread of egg jokes in Slack this afternoon, after the whole """"can this egg get more likes than someone?"""" thing.""",calm
I’m that skinny and have so much trouble gaining weight,sad
"Funny when I hear people claim a breed is dangerous, I automatically assume they are trash.",happy
"Then later, when you're using alcohol to drown your sorrows, at least the guy in the mirror is a friend that you can drink with.",calm
thats terrifying. how can people do that to their own citizens?,worried
"And bigger than that. Her house, her rules.",calm
"FREE FRIES FOR EVERYONE, we splashing out here ",calm
Go and feel it so your body can let it go.,calm
Nothing to worry about. 4 inches is fine. You will do well because you are a nice guy.,happy
someone just needs to split it up more resting him earlier,calm
Whoa I'm impressed he returned the pillow to its original spot. Awesome parenting.,happy
She just turned her kid into a stew,calm
"I love how adgag laws are legalized illegal activities, look it up!",happy
"That explains it, I rarely report people anymore This Khajit informs the other Khajit that it is welcome",happy
Doesn't state strangers either. Assume some more.,calm
"It's a people problem, not an evil man problem. So if their perspective always paints men as the perpetrator, their perspective is flawed.",calm
Nailed it! I'm sorry you've had to deal with it. This whole mess sounds awful.,sad
Racism. They're talking about racism. The hate is the new KKK sheet.,angry
"It was not my ex, I just watched her in action.",calm
"I have a lot of fun on pre-CU servers, but I like to grind and I love the Star Wars universe",happy
That unconvincing bottom right though hahaha,happy
"Welcome to The World of... Mobile MMOs. Where power can be yours, for a price.",happy
I was just scrolling down and I screamed when I got to the feet,angry
Donteee blowee my coveree lmao I actually like how she talks,happy
Shit she doesn’t want = “curated beauty box” 🤔,sad
I loved this look and it was good but this comment..,happy
Yeah transgenders are stupid.,angry
We have had luck with a ok to wake clock for quiet time! May be worth a shot.,happy
"At least you get sunny on Netflix, they took it off in Canada :(",sad
"Says millennials are afraid of hard work, dismisses the hard work required to get a fit body.",worried
Fuck you're cool,happy
"""I know this was coming, so I phrased it as """"**my** past relationships"""" not as my **EX.** Anyhow, thanks Bro""",happy
"Yeah, a couple of quick ones. Seems to be back now (obviously).",calm
He’s better than someone.,happy
Removed? Damn no respect.,angry
It's always something with AM though isn't it,calm
That was my favorite character... :’(,happy
Imagine ur mom doing that I’m crying,sad
"Just recked him, totally and utterly. ",calm
So we should put all children in the school at risk?,calm
"Haha imagine if that limo in Vancouver where him, someone, and someone were shirtless had a dash cam.",happy
Found someone.,calm
"Who cares, most people will be on their phone anyways.",angry
Begone demon!,calm
This is yummy. I hope mods dont remove it,happy
Same. I only use my controller on my pc for dark souls and other rpg games,calm
No spelling and grammar errors. Oh my someone better than the other repost.,happy
"Nice try, officer.",happy
Wow thanks I would've never figured out that you were sarcastic without that /s,happy
You’re repeating yourself now,calm
Really hope the best for him. Couldn’t stay here but hoping he keeps that girl far away from him and gets it together.,happy
"Oh, because his sideburns were shaped like stars!",calm
Let’s see if it’s a thing r/unexpectedjokers Edit: why am I not surprised also first try,calm
Would parking still be free on the weekends?,calm
I know many bf who would be excited for that,happy
someone has been a lot better since he stopped doing Xanax with someone,happy
For a second I thought he was on shrooms,calm
The best part of adult snow days is no make-up!,happy
Ah I love when I’m looking at a random thread and find you in the comments. Hey someone!,happy
"She did, but she forgot she had them in her bag.",calm
someone with the truth that reality show does not = relevance.,calm
"My brah, someone on the line up! Fuck yeah!",happy
"If he does well, do you guys think that's a sign that we could flip a senate seat? I like someone a lot.",happy
Shoulda told her to come watch it at ur place,calm
I love Wayfair! Just started using them and am impressed. Sounds like UPS sucks. Enjoy your couches! Haha,happy
He does look much better,happy
The name of the site in the title.,calm
That's the best treasure I could every hope to find,happy
someone hasn't proved he still has it. Remember Celtic legend someone?,calm
I’d imagine so.,calm
I like how bro is just underlined for no reason,happy
This is the most adorable thing I've seen in a long time. I hope the intro went well.,happy
My heart is breaking for that little girl.,sad
"Your post is cogent, rationale and completely confirms what I have always to some degree felt deep down. Thanks for sharing! ",happy
My favourite goes back to one of the first battles ever on YouTube:,happy
You know I’m sad the someone hype is over because I actually think he’s been really good for us overall. I still trust him.,sad
I love people that will go out of their way to save a small animal from traffic. Always help the cute ones! And they're all cute!!,happy
Sounds like a fun game. Our home game around here is .05/.10. Its fun but not very exciting.,happy
deserved better :/,calm
"On this blessed day, we are all KQLY.",happy
It is the internet. It's the place these guys call home.,calm
Narrow guage is great!,happy
Way braver than me. Hope you have a great night. Cheers!,happy
"Ah ok, will do, and thanks!",happy
He looks like a toddler who got to dress himself.,calm
"Not really the point I'm making, but thanks.",happy
I double dog dare him.,calm
"That, the fact that the photo was taken on someone's phone and the fact they couldn't be arsed to crop it properly...",calm
Who’s fucking a shark !?,angry
I'm totally the last one!,calm
"""sub banner is a giant neon """"BOTTOM TEXT"""" hmmm I dunno, man.""",calm
"I was a huge fan of the script ones but the new greens this season look pretty fresh on ice, too. I like bringing the red back in",happy
Beverly Hills and Wehoo👍,calm
I still miss the north hills bottom dollar :(,sad
Looks expensive. Hope you enjoyed the game!,happy
me too thanks,happy
And yet none of ya'll are willing to even let 3rd party candidates in the building. Got to love the hypocrisy,happy
The fact that this dude spent a good hard several working hours to get fake internet points from strangers tho,calm
""">Turkish someone You are right except """"someone"""" part. I could not found the attack but there was a someone someone who was involved..""",calm
Games like this are just demoralizing for our players.,angry
"Or what Midnight's players should have requested. Midnight are now in the driving seat, the players have 0 control ",calm
I completely despise bixby with the intensity of the sun.,calm
someone is also a Vikings fan. I'd love to have him on the longboat.,happy
But how can a someone?,calm
"that’s a brilliant photo, your torny looks younger than my one! so cute",happy
I have a launch xb1 and i have maybe crashed twice since the game came out. I have almost 8 days played btw...,calm
Whenever I have felt it would work. I wasn't always right but it never hurt to ask.,sad
Funny way to oppose fascism - since they are themselves fascists,happy
Honestly it sounds exhausting being married to him. Maybe it will be better for you in the long run.,calm
Oh jeez really? Now I just feel dumb. That must've been so much to clean up,calm
I've seen pigeons do this. I thought they were injured or dead until I checked.,calm
someone is incredibly loyal.,calm
You don't. Ever. It's robbery.,calm
"No matter what, he won't have to decide until April. Until a GM calls him.",calm
"Just the CW thread, I don't think I've noticed bias outside of it.",calm
That poor snek :’(,sad
I'm too scared to start Black Mirror because it honestly seems like we might not be that far off from some of it.,worried
"Either they're back together or they have to pretend everything's fine, until the show ends.",calm
I guess they never miss huh,calm
"Sorry, I just got to give you an extra upvote for 'twat waffle'. It really sums it up marvellously. ",sad
someone someone is like the 72hrs from console of course we like him wtf<3,happy
It positively reeks of an abusive household,angry
!RemindMe 24 hours,calm
"He was skinnu guy all his life, untill that transformation.",calm
"Yeah he is crazy early game, but as soon as you get a few items on an ap character, you just kill him before he combos lol",happy
I’m glad at least one good thing could come from my experience!,happy
The rest of the country is getting dicked by the cold weather meanwhile Phoenix had a low of 54 only.,calm
Day 1 Gollum Moment,calm
"Slowing down does not equal stopping, the answer to stopping this is at a government level, not praying that corporations want to leave possible profits alone.",calm
theirs a diffrence between interaction and literally forcing someone off the stage. The fact that you cant tell the difference shows how desperate you are,calm
"Ugh, this is so beautiful. The richness in those colors. It makes me wanna cry. ",happy
"I have that, but my room is right next to my fridge, so that's it.",calm
#QUIT HURTING THE BIRDS,sad
I just hurked a little in my mouth.,calm
Do they not have a tarp over them or anything? They just have to stand out there in suits and dresses getting soaked on national TV?,calm
You can make a new Reddit account.,calm
*it's free real essential oils*,calm
Thank you for that statement.,happy
For some reasons someone has never had a bad tank line... Runner is onto something,calm
And I’m not going to wait for League Play cause these clowns at Treyarch think seeker drones and razor wire are competitive.,calm
Am I the only one that wants to see your art?? I love calligraphy! You might have a client here!!,happy
"Lol. 'have meat on my bones and I'm thick'. Just 'overweight' will do, Captain Redundant.",happy
Is that meat or veggies?,calm
For a sub about motivation y'all are a bitter bunch haha,happy
"Bipolar symptoms tend to be very fun and exciting, but they can also be very bad and harmful. She should get some help.",happy
Thank you for your concern fellow conservative,happy
C'mon. Ship computer would *never* cheat on Geordi La Forge!,calm
"Also his Whirlpool seems to be bugged, sometime it stays for like 3more seconds even tho you don't get any damage from it anymore",angry
Thank you!! I really enjoyed the first song and the song by The Avalanches. Both were very melodious and charming.,happy
I really love watching this one more than the goals.,happy
"Literally everything. What has happened, what is happening, and what will happen, all at once somehow. ",calm
Very Cool.,happy
I daydream about putting them on. I let other people daydream about the taking them off part.,calm
"If she stole a wallet with an activated card, or something along those lines. Once it's purchased, it's stealable.",calm
I started with : - Anatomy of the State by someone - Economics in One Lesson by someone - The Law by someone,calm
You just need to yell Calibrations and he'll be right there,calm
I'm sad we have you at home this year. I want to make a trip to see Allianz.,sad
"He had that one goal last season against....someone, someone I think. He's in good health other than that.",calm
I get these all the time and sometimes just walk. Love downtown,happy
"""Also, on my phone this didn't show up as a """"cross post"""". Sorry!""",sad
Looks more like this was taken in the winter. If that was yesterday the sun would set more north over the sea??,calm
I love how people complain about too many midfielders yet still want someone.,happy
.. for now,calm
Nope. Sadly early 30s,sad
"Funny thing, I work at a restaurant and it happened today, which is what pushed me to post this. ",happy
January 19. At least we won't have to wait long for this one.,calm
Maybe someone will ramp up her awfulness before the wedding and get disinvited,calm
"This one is the worst, by far",angry
"We've got someone, someone. I don't think someone understands....",calm
"It appeared that she smacked her grape pretty damn good. Oh, and I chuckled. ",happy
Art Director in advertising/marketing design.,calm
Sad truth is you cant run away from who you are no matter how hard you try :(,sad
"Ah yes. Recursion. The backbone of Marxist theory. Glad you brought it up, chap",happy
Thanks. Some of the things just require a little tweaking so really I don’t think it’ll be too hard.,happy
At least I dont care about any of them.,angry
Women are dangerous as hell too.,angry
No. But that's really interesting. I might start doing that.,happy
I know that feeling man,calm
"That's awesome, good for you! This sub needs wayyy more posts like this. ",happy
All of season 6 is terrible,worried
Poor fish :(,sad
I mean it’s a default subreddit soooo... not really saying much lol,happy
Look up normal in a dictionary and stop being offended over a word like the speech police.,calm
I have a straight Lebanese friend (girl) and this happens all the time.,calm
I'm so sorry,sad
"I'm so sorry about your friends someone, I'm sending good thoughts to you and your friend. ",calm
I’m sorry to hear this. Unfortunately online dating is trying to find the bits of gold in a pile of pyrite,sad
> I know I should feel happy why,happy
"Man, I would cry tears of joy if my two-year-old cousin could just say my name, let alone say a coherent sentence.",happy
"Most of them keep it on the down-low, but, yeah, they voted and support someone. Only one of the brother-in-laws didn't vote for him. ",calm
The food clapped,calm
Thanks. 22-23 is about when Chabad bochurim tend to do semichah. And it's officially always done before marriage.,happy
Agghh this is amazing! Wish I had thought of something like this when I was leaving retail!,happy
Congratulations! :),happy
Talked about our demons after watching It's Kind of a Funny Story.,happy
"A pencil skirt is tight around the hips with a slit in the back, not swishy. Does that make sense?",angry
Amen to that!,calm
Lol I don’t think it’ll change anything.,happy
I would stay away from someone. Apparently his injury got infected and will require more surgery/surgeries,worried
He’s close. Flip someone to fish for someone Then go out and get someone,calm
First of all how DARE you plague this country with your USELESSNESS you degenerate smh,angry
I’d posit that there’s a difference between espousing generalised problematic views (as someone does) and directly targeting individual children,calm
Glad to hear. Thanks for the support.,happy
I hear lyft is better,calm
Screaming into a pillow afterwards,calm
(insert someone meme) THEFT?!,calm
"one's a rapist, and the other's a stingy yank a bit of a difference in situations no matter how much we hate someone",angry
"Hey easy there, she’s a nice lady ",happy
"OK this dude isn't over 16, good luck at prom",happy
"this is epic satire, too bad its close to much of what the right unironically believes",happy
Congrats to your wife and you! Hope everything goes well!,happy
Besides the fact that's it's funny she also looks like me witch makes it .5% funnier,happy
don't you hate it when that dogs are doing drugs behind your house?,angry
Cool thanks for the reply. Always keen to learn from the actual people haha!,happy
Yet again with the gross oversimplification of geopolitics as a romantic relationship. someone... pops up each and every thread.,calm
Hold it there you. Shouldn't be throwing stones after what your team pulled.,calm
Thanks a lot someone /s,happy
My man!,happy
Such a sad way to think of life all because these people believe there's something greater than this.,sad
Yea I have Columbia not peoples. Though I don’t think the therm price is much different,calm
"I already love someone. someone gorgeous, but just didn't charm me as fast Ms someone.",happy
Great for moderate sedation in the ER!,happy
Put an echo or Alexa under it lol,happy
Much better than I could have put it! Thank you for your input!,happy
"Lol, no.",happy
I'm more annoyed at the Labour MPs that didn't vote for it - I expect more from them,angry
"Yes dumbest person on all of Reddit, please make a youtube channel for all of us to laugh at.",happy
"Great video, not the same as the gilette ad but still full of a lot of information. ",happy
Look into DBT,calm
Thanks! Clearly I am new to reddit. Thx!,happy
She got me into it so not wrong lol,happy
No? Lol,happy
Epic artist moment,calm
Hope you had a great time!,happy
"Good lord someone, just don’t buy it",happy
How does this have the Braves at .450? Nothing about this makes sense.,calm
"Ahhh, my birthday month. I must go.. ",happy
"My holy trinity of someone, someone and someone all win!",calm
"I’m okay with the “expecting mother’s” spots. It’s not a women thing, it’s a courtesy thing ",calm
Bit odd because plan B was exactly the same as plan A.,calm
Thanks everybody!,happy
Thanks brother/sister. If I wasn’t so poor I’d gold you,happy
Same here! Although I just try to be happy whenever I am with my child.,happy
Love the place but be ready to wait. They really do take the time to make sure you look good and fresh.,happy
My inevitable famine is when I run out of pop tarts and get sad,sad
Yes Thank you ! Someone might try to sue me because they pulled out and got pregnant ... use full body condoms if you think Facebook should support your baybeeees,happy
"What’s with that woman waving not to record, thanks someone for nothing!👀😐🙄",calm
Ice in his veins... D'L❄,calm
What's the discord called,calm
That woman has a nice body,happy
"""Dear someone man! (Irony intended) You didn't say """"proof"""" you said """"evidence""""!""",angry
I just hope someone isn't pulling the wagon. Would hate for her to throw up.,happy
someone damit you got me! Take your upvote sir!,angry
That was the moment I fell in love with someone. He was also really good in Frier Fall (Free Fall).,happy
Through compassion and morality!,calm
Weirdly enough that's my favorite part of his videos: the ending sting/title card It reminds me of old school racing and fighting games with those over-the-top announcers,angry
"Congratulations, it is satire!",happy
There was a commercial about men encouraging other men not to perpetuate toxic masculinity. Of course the Republicans felt it was condescending and anti-men.,calm
Why is it not?,calm
"Thanks, someone",happy
Only a sith deals in absolutes.Fuck that guy.,angry
"That is absurd, man. I'm sorry you don't believe in the spirit realm. ",sad
I don't want *my* kids exposed to that information. They might get curious and want to try it themselves!,calm
If it makes you feel better im gonna be scrubbing out hard for a while so maybe ill see you round to give me another loss,sad
It is crazy to me that there are even people in this sub that think someone isn't worth his contract.,happy
That guy’s heart must be more broken than someone when he had the heart virus,sad
That's awesome to hear. Now withdraw every dime from that website and never go back to it ever again.,happy
My wife loves to sleep in over oversized clothes and a lot of times it ends up falling off one of her shoulders. Yes please.,happy
"Thank you, too. It's nice knowing we're not alone. I hope you stay afloat.",happy
He only said that to piss someone off because he wanted her to kill him and put him out of his misery. He’s a good guy.,happy
r/iamatotalpieceofshit call the police for destruction of private property gg ez clapz,calm
It’s not significant enough to be a bad move lol. It’s a push. Spalding is nothing,happy
Crows get hungry too you know and it's not like you were sharing,calm
The fact that you got a kill with the auger is impressive enough...here’s an upvote,happy
someone. is getting REALLY good!,happy
Thank you so much. Fur babies are one of a kind.,happy
The only difference between religion and religion in this regard is that on average religion are poorer and browner,calm
"Yep. Tough week for someone. Not shooting well, first ejection and fine, ripping out jerseys, first triple double and the DSJ drama. ",sad
I'm also enjoying it I like mixing the colors the most.,happy
thank god your not on the dev team,calm
Best summary of the situation right here.,happy
I wish they had what they advertised. The end of that era was sometime in my teens.,happy
I’m hoping so. I either make peace with it or I decide to move on,happy
I was expecting “little boys pants would always be ‘half off’!” But that would be in r/unclejokes,happy
Have fun in the farmer's league.,happy
"""""""UGH FEMINISM!!! SURELY THATS THE REASON I CANT GET LAID!!!"""" see you in hell """,angry
Ugh sucker punch,angry
"Oh man, I saw a White Forest Cake the other day and DEAR LORD I almost drooled.",happy
Ew. Being raped is not getting laid,calm
"ya man I could even have schizophrenia according to the doctor.pray that i dont brother,id rather be dead.",calm
That's incredible. There was 3000 last I checked just over 2 years ago.,happy
Your comment reminds me of that one satirical GTA V radio ad where the advertiser tries to encourage people to beat their kids. It's kinda funny.,happy
I’m sorry to inform you that this man is an imposter. I’m actually undercover atm.,sad
"""Or more aptly """"OHHHHH FUUUUUuuuck"""" As you see me run away.""",angry
Doesn't matter what we do. The announcers will trash the Wolves and praise the Lakers. I miss someone and someone.,sad
"He’s still a handsome fella, imo. ‍♀️",happy
This converstaion reminds me of this old someone cartoon. Apparently some people were upset by it.,sad
"Oh my heck, thanks so much for correcting me. 😆",happy
Thank you! I was wondering what to do tomorrow morning. Now I have something to go to.,happy
Work along with More like fill out an application form!,calm
someone I hate that I had to upvote this dude to the sub it is in. Every fibre of my being wants to downvote this atrocity,angry
"I'm just tired of feeling the same way everyday it's really grinding me down, that sucks about your summer school.",angry
Already taken haha,happy
That was oddly specific,calm
Who the fuck is that?,calm
ask one of them on a date,calm
"They were not really messing around, just more frustrated. They genuinely were trying to move specialists around to get the best out of people.",angry
"The double fist bump made me smile, her happiness was contagious",happy
Thanks for taking this on. My daughter's extended family on her father's side do nothing but indulge this crap and it's undermining everything.,happy
But I want to look cute as I eat myself into immobility and an early grave. /s,calm
I had this one! he was a precious little angel and I loved him.,happy
"Both sides have extended offers to end the shutdown since it has started, I think it's disingenuous to act like this is completely one sided. ",calm
A lot of girls who are hot don't want to date someone who can be more attractive than they are.,calm
You may have been watching a tad too hard bro lol No judgment here,calm
i think that bungie learned the lesson of Infinity Ward. Great job guys!,happy
He does hate someone though. And someone gets promoted.,calm
someone has such a weird relationship with his parents. It’s as if he’s 15 years old still.,angry
A lot of LGBT people I know just love D&D. Especially since character creation is just everything they want about self-expression and then some.,calm
Shameless karma whoring.,angry
"""Thanks for answering instead of """"but hillary"""".""",happy
im actually really pumped to see how someone does in Spain. hoping he gets some playing time to prove himself.,happy
"Raw, unfiltered athleticism...whoops wrong player *puts down someone player card* A real hard worker...could date the coach's daughter",happy
"Shut up, Mag!",angry
Cheers! Let's keep it going!,happy
Tell her to stop eating shit and start using mouthwash.,angry
reaper was getting self healing from dealing all that damage,calm
"When nobody can tell or force you to pay up, being in debt isnt so bad.",calm
So you want someone & someone to be like someone? That would be so nice.,calm
If you read the comments above I mention my sources.,calm
Ha keep him on his toes,calm
"I dunno, I've found some of my holy grail products through bloggers.",calm
"Unfortunately, we live in 21st century America, where this kind of behavior ensures that they will both be given high-paying jobs at CNN.",sad
Yare yare daze,calm
He didn't see him and afterwards tried to high five him but someone was walking away,calm
Aren't they designed to not go straight if you don't hold the wheel? Something about making sure they don't go too far?,calm
Yo this someone was literally pulling moves out of the Hitman games jumping over to your balcony. Thats terrifying.,worried
Way more intense than someone fans,calm
Total temple tourism. I have seen 3 friends on Facebook announce that they're going to Italy so they can attend.,calm
To calm him down I suppose.,calm
oh that's sexy,calm
Slowing things down now,calm
Love your /u/ so much.,happy
My neighborhood is majority Haredi dude. Getting upset when a minority moves in is bigotry.,sad
"I liked TB 18, too bad it tanked. ",sad
Don’t worry I gave him silver,calm
😂 thanks. I like yours!! Makes me think of yoga retreats but like in the best way possible,happy
Oh yeah...family chantel!,calm
This is wonderful. Hope to have him and that newly a Dad joy back on ice as soon as he's ready.,happy
I vape myself today to see if I still feel,calm
"Now take this, cut out 100% of the killing and you have the Swiss Army. ",calm
Because punishing the poor was why they didn't buy arguments that they should vote Remain because we're all prospering.,calm
"Imagine we hadn't spent money on Barkley, Drinkwater, and Bakayoko. The money there would've been enough to buy someone like Isco",calm
This is what happens when untrained people playing at being detectives and judges run into actual detectives and judges.,angry
Well good...opera is often beautiful..though it retains the stink of the upper classes.. I cant help but deride art that caters to high society to stay alive.,happy
"Unfortunately you can’t control YouTube. It’s pretty bad out there, you just have to finish the episode ASAP. ",calm
Couples call each other insane and crazy from time to time. It doesn’t mean they actually think they are.,calm
Brave move. Congrats and best of luck.,happy
Seems more first thought is to stop and make sure to call 911.,calm
"Shouldn’t have told them how much they cost, as they advised they knew they were expensive and that it was ok. ",calm
1200? I thought it was 12000! Ohhhhhhh. Dr. Now’s not going to be too happy with my weigh-in dis munt.,sad
Can you try rewording that?,calm
Nothing. Fuck the environment so people can think they saved a few bucks. People are fucking stupid.,angry
thank you guys!,happy
"I'll look into it, thank you! :)",happy
"I'll be making that bet, thats a closeer match than that, even for a hometown girl.",happy
Sex is more trouble than its worth just stay inside and send your mind to another dimension.,calm
This doesn't even make sense!,angry
Oh please lol,happy
"""I'm so disappointed you didn't include someone """"I'm standing under the source of the bull shit"""" someone""",sad
Idk why this is downvoted. Sounds like they were asking a legitimate question and was truly curious.,calm
"I love Wood Witch, still saving to buy that.",happy
someone is a brilliant player. Glad to see him get more time.,happy
"So glad for him, he's such a good man and deserves everything good ",happy
"Meta. If you feel otherwise, please speak now, or forever hold your bow.",calm
And it’s not like he was a bad coach. We’ve been spoiled from all our great seasons.,angry
"Back in the days when you didn't have to spend almost $10 return for a simple train journey. Thanks, IPART. ",happy
That’s not true*,calm
That guy had the day off when HI came in.,calm
No insults.,calm
I would be like pay me than or I won’t do anything for you again!,angry
Thank you! On the positive side I’ve gotten a lot of work done after panicking and giving up looking for my pill pack,happy
Wow! This is an old one! Everyone knows atheists don't have A holiday. They have ALL of them!,happy
"Internalized misogyny is very real, too.",calm
Did nutmeg trip once when in high school. Unbelievable how trippy it was. Made time to super slow too. Key word: ONCE,calm
"They must've been inside a tornado or something, might be what caused the tree to fall behind them.",calm
I suppose someone listens to the screams of his mother before she gets shot(?),calm
"During someone and someone cross examination, someone never contested the finding of the key. Never accused them of planting anything. ",calm
"Oh, with that title I thought the crocodile was gonna- oh.",calm
i love folksy cities skylines man,happy
what would be the point of that I already told you I was dumb my little vagina looking friend,calm
I think this is one of my favorite Aquaria looks ever!!!,happy
"Safety Dance in Naxxramas, WOTLK. My favorite boss fight to date",happy
He needed to back off a little. He’s forcing it too much. Give her a second. You’re practically a stranger.,calm
"thank someone that period is over, pretty sure the lightning had like -89 shots that period",calm
Lol naughty dog tattoo. Y’all done fuxked your reputation by letting your artist do this trash.,happy
"Fortnitecompetitive be like, cater to me instead of the people who make you billions.",calm
I like the mountain of health and guts thing about shugoki. Wouldn't mind if he get even more health,happy
I've seen people with their entire back windshield covered in snow.,calm
" funny, your asking for proof of something the moderators actively remove and then say ShOw Me pRoOf Or ItS fAkE.",happy
WWF/WWE had/has been on TV in the UK since the early 80s. And we certainly like a drop of beer. We don't tend to have disposal tables so much,calm
It was totally worth it.,happy
"I like the energy someone, someone, DFS put out.",happy
oof I hope he didn't break his arms landing like that,happy
I love him!,happy
"Weird thing, but my cat will go HAM on my earhole if I let her.",angry
I don’t see going to church in there,calm
"This, like it varies and fluctuates",calm
"Oh, tosh, we all know there's #fakenews /s",calm
its treason then,calm
"""> """"Death by Inches"""" Title of your sex tape!""",calm
The same as Unicorns to Leprechauns.,calm
Great reply as usual,happy
No because all you have done is paraphrased the title of the CMV.,calm
"Haha, actually grandpa did! Go figure ",happy
A condom cant protect your virginity,calm
Imagine your daughter running away from home. I think that's a pretty terrifying idea without some murderer or mystic horror,worried
"What an obnoxious, drunk girl. ",angry
"""Trolling video, old skul """"slav"""" humor... It's a joke :)""",calm
I use 3 different credit unions and all of them are great. Used Wells Fargo for a short while and hated them.,happy
someone rev up my tractor I got a cuzin to marry,calm
This made me smile. I watched it on YouTube.,happy
"Yes, someone doesn't like situations where he can't buy a victory. ",calm
"Who the hell thought he was dead, seriously.",angry
FIDLAR dropped their new album today (yesterday?). It is certainly...different. But I'm enjoying it all the same,happy
HURRY HARD!,calm
Yeah it’s weird bc in my family the basket case was my dad.,angry
"I really enjoyed Fractured But Whole, but I don't remember the meals being significant (it's been like a year). Can you explain?",happy
"Don't be mad, life is too short!",calm
I feel you. It's weird that we don't see someone or someone in the promotional stuff though.,angry
You made that up and are projecting your insecurities onto it.,calm
"yea, get back to me when the deal is done. ",calm
"Being with someone else means nothing, he seems like he might be abusive in the future. You did the right thing cutting him off.",calm
He did!,calm
I have soo many questions!,calm
Cray to the crazy,happy
~ someone,calm
good guy kawhi,happy
Great job thanks!,happy
"""And of course, instead of calling out the men responsible for this behavior, the """"Not all men"""" crowd has arrived in full force.""",calm
thank you so much! :),happy
"Yep. TTC, looks like queens park station ",calm
I'm not sure they know the difference between a mandate and legally binding.,calm
B-But big pharma is great! Vaccines everyone! Vaccines! We love big pharma! They never lie! Come on start circlejerking!,happy
Right but many people don’t as well. You can’t just assume that someone is gonna perform better...,calm
"Skittlez, I'm really proud of you. She's been jerking you around for ages! Stay strong, honey, you got this!",happy
Great trade for us but we're losing some forward depth in someone. Tbh though I would be willing to take the risk.,happy
Don't give away my zip code! Craft beer and fabuloso be dammed!!,happy
Scary that someone ASG effort looked similar to some of his regular season performances.,calm
"It’s just speculation, but...yikes!",calm
Wonderful sculptures. Love the expression of the Scottish mythology behind them.,happy
This guy looks like the real life someone,happy
"It's not really controversial any year, but he's commentating a game with someone in it. He has the counterpoint right in front of him.",calm
i think he did. of course i’m not sure since it didn’t happen to me but to a close friend,calm
Facebook starter pack: Post Condescending disagreement with juvenile name-calling Repeat step 2 over and over and over and over agsin,calm
Yo so friend canceled on me I got a free ticket today. PM me if you're interested!,calm
play chaos control if you want demolition then come back here and complain about getting spawned trapped.,calm
"Yeah, but are someone really willfully ignorant? Their beliefs come easy to them. ",calm
"The good news for him, is that he can join one of these many wars.",calm
Can't wait to die so I won't have to hear someone breath in my ears 100 years from now.,angry
I did this a couple years back. Daily binged on Simpsons. So Good.,happy
how many times are we gonna let them cut in like that,calm
Is L.A. Noire any good? I've been thinking about buying it lately.,calm
Why the fuck would I post something on r/niceguys and pretend to be the woman talking shit about myself?,angry
"The real villains are those aware of the cruelty of life, but then reproduce anyway.",angry
Imagine spending the day having to hear excuses from people slowly killing themselves. He's too kind.,calm
Shut up and stop trolling. You're not funny,angry
Lol yea I'm sure some were. High school girls are a little insane,happy
"Iunno, I laughed.",happy
"I bid my condolences to any player who did not experience release day action. “*Glorious battles, tooth and nail* *Noobs arrived, our matches grew stale*”",sad
I miss candlestick :(,sad
I’d pass unless he cost nothing of significance.,happy
> and no one but angry community fanboys have pushed back against his statements.,angry
My faith in humanity is restored. Your good deed has been noted on the Big Board of Doing Nice Things.,happy
That was such a good cast. Loved that year.,happy
Didn't you get the PM? Post to /r/CatsWithJobs instead. Edit: It's already been posted there actually.,calm
"Well now we know how someone and someone lip syncs did lol. someone is overthinking it, and have the second photo looks nothing like her?",calm
That solves it. Thank you!,happy
Banner price is down to 100k donuts. And I still don't have enough..... (sad face),sad
tfw the blood rushes into your penis,calm
"I did, I did!!!! Now I feel special ",happy
"Glad you are resting better, and as for your friend he deserves the brownie points. ",happy
It’s gonna be a large group interview in a shady office. Ghost em.,worried
"""No, you are just suggesting someone be at the """"perfect"""" level of looking for a relationship. Suggesting someone be the perfect anything is just sillyness. """,calm
Whisper to my worm,calm
"I think womens bodies range widely.. Water, silicone, coconut oil, amounts and frequency needed.. I think these things are largely independent of the quality of arousal..",calm
Well dang. Seems like there’s no tried and true method then.,calm
"I think you’d the one who’s a stranger to these here parts, *pardner*.",calm
"Looks like they’ll need to head to Turkey next, considering religious someone love their “grave worshipping” The irony is rich ",calm
Now you tell me! I’m heading at high speed towards a one-third-life crisis and need a change.,angry
"Oh sorry, i thought you were having a dig at him lol. ",happy
"Man, what a great post Edit: wow! Thanks for the kind, gold stranger!",happy
I smell a woooosh,calm
Yeah usually there are the c-1 but this go around this is what was handed. I like them,happy
It sucks that you had to go through that. I hope you're doing fine now (and your kids if any).,happy
That’s gunna be a no from me dog,calm
I am mad that I did not come up with the Toewster.,angry
I love her face in the second one. Embrace your waiste!,happy
You're welcome! Happy New year!,happy
AMN is absolutely good enough and someone is also very highly rated,happy
Lol get those pitchforks ready boys,happy
Will do! Thanks!,happy
They were bad times.,calm
How many times has this ‘football fan’ committed these crimes now. Someone should lock him up.,angry
Thank you SO much! This is so genuine and so helpful. Thank you so much for your time and your thoughts.,happy
"oh man clicking 2 buttons before you read an article, the absolute horror",worried
You know it! Just gotta find the right someone.,calm
Maybe one day you'll open yours and realise feminism helps everyone,calm
That would be a huge mistake on WWEs part.,calm
"I think we should, he is one of the best centers in the game ",happy
"Yea, I saw him live in Stockholm. It was awesome!",happy
this is amazing and you have the cutest voice i’ve ever heard :>,happy
"Good bye job, and ever getting on a plane for that guy",calm
"Hey, I share a birthday with a legend!",happy
This idea is brilliant.,happy
"I thought oh boy, I probably use everything on this list. Turns out, nothing. Fuck Nestle.",calm
Being so gullible is the frightening part. durr da durr he downvote me,worried
A surprise to no one. Absolute stud.,happy
"Seriously one of the best soundtracks. I always get chills from the organs, even just thinking about them.",happy
This is so me! ⚰️,calm
I miss seeing us capitalize on our rivals’ slip ups,calm
"They have other sources as well, just think about yearly Umra and Haj income will be enough to maintain.",calm
You've added nothing to this conversation and just repeated what everybody else. Thanks for wasting my time.,angry
Omg she's gorgeous!,happy
it’s just a nice gesture. don’t make it so deep lol,happy
Just smile and wave boys. Smile and wave.,happy
I actually like the progression of the someone story. I think he has a chance to have a fantastic arc between FC5 and New Dawn.,happy
I miss him so much during the NCAA tournament.,sad
LMFAO wtf that's great,happy
You were taken care of with stolen money.,calm
"Thanks for the reply. And I'm not gonna do that, no worries. I just enjoy getting knowledge about everything on the earth.",happy
"ah, ok! i'm afraid i do, i just didn't realise that's what it meant (so old i am going stupid....)",worried
"Not a particularly in-depth article, but I thought it was a worthwhile follow-up to the recent post about police ticketing people outside Tim Hortons.",calm
"""someone: """"I like being bad. It makes me happy.""""""",happy
"A girl bashed my then girlfriends head in with a cane, she didn't even get jail time. ",angry
"""""""almost"""" and """"nagging"""" not """"killed"""" and """"forced"""". Wow... When did roleplayers get so damn whinny. """,happy
this made my day/night. thank you,happy
I honestly would start at the beginning. Most things are still funny because you remember the events they make fun of.,happy
oh damn that’s a pretty good idea!! thanks!! :),happy
"Hah, I'd like to rub this in the faces of pro-forced-birth liars who preach the opposite.",calm
"Tried it. Failed it. Got mental consequences, my memory wont recover after half a year. You will regret it.",sad
WHEN I WAS,calm
"Fuck yeah, I eighteenth this. ",happy
oh got it😂😂😂😂,happy
"Apologies, got a little carried away. ",sad
Just carry a 20mm.,calm
Yeah I agree people on reddit are so extra it's annoying,angry
Just thinking about all the stupid stuff I did as a kid makes me very afraid for my 5 year old.,worried
Show me one conservative congressman/senator who is actively fighting climate change to break this stereotype,calm
Thank you! I'm going to do my very best. ❤❤❤,happy
"Drink off those hangovers boys, we have the best team in the universe to watch",happy
"Holy hell, that sub is nice.",happy
Close your damn mouth before it catches a fly,angry
"It was white, just had some black beads on the bodice. Thanks, that was really interesting! ",happy
"Leader is an aura perk so you can't be affected by it yourself, you can only affect other people with it. ",calm
"Damn, learning from Hungary real fast I see ",calm
Two horrible cunts,angry
I don’t see the problem,calm
My crush. 10/10 would love a morning hunt with her.,calm
You people really overestimate how much welfare actually covers. You act like one child is making six figures and giving their entire family an MTV Cribs lifestyle.,angry
They’re saying it was a sick barista,calm
Try using a different browser and see if it helps.,calm
I can't believe Pandora created scat. An icon.,calm
***Y'our*** so funny.,happy
"I consider everyone attractive in their own way, so everyone is intimidating.",happy
Hi baby!,calm
That is the stuff of nightmares...seriously.,worried
THAT’S how we’re getting to Tahiti,calm
Then he stabbed like five cops and hid in a haystack,worried
"For me, I tend to (over)share with friends, but also get offended at trivial questions like you.",angry
Funny you say that... krav maga is quite popular in Evanston.,happy
I wouldn't be caught outside after sunset anywhere in this city.,calm
Paula Weed is the best troll ever.,happy
They could have used the explanation of E-2 people vibrating at a different frequency. At least that’s previously established.,calm
We need to do something about someone because he's fucking my fantasy team up,angry
Prove it.,calm
I had to click to see :),calm
Which is why he wasn't the best at colonialism. You can't just murder the people you're supposed to enslave.,calm
That's a very interesting theory and it makes sense. How does it gel with the fact that we clearly know the timeline changed?,happy
Watch the ignorance of a variety of topics manifest itself as word diarrhea just falling out of her dumb mouth.,angry
"Yeah but i have hard time finding keyboards under 60€ that are blue switches with nkro, if u have some suguesstions please leave a link.",calm
PEOPLE LIKE THING AGGRESSIVELY BE PROUD OF IGNORANCE,angry
It looks like a quail egg and it’s actually on a plate a weird looking plate but still a plate.,calm
"Write a reply by all means, but be gentle and respectful.",happy
I like watching old shows and movies and seeing old brands and how the logos and stuff changed.,happy
"The Four Agreements is amazing and life changing. I don't keep that many books in my library, but this one has made the cut.",happy
*talks about someone* oh also the canucks have never really drafted and developed a star goaltender,calm
Just another above average looking girl who works out for a year and gets a million followers for posting her ass. We live in a society,angry
"I feel terrible but I do this too, or watch obese people doing mukbangs",worried
Indian : Malai kofta at Bombay house Also Balaji Caffe in West Jordan for some authentic South Indian fare,calm
"Now that I've seen this, I would like to petition that Warden is just another sentient suit of armour.",calm
like clockwork she runs off to twitter to get validation,calm
I’ll keep that in mind lol thanks a lot!,happy
"congrats, someone. you played yourself",happy
No. We all begin in ignorance.,calm
And the GOP will only care if they're boys.,calm
"Thanks for explaining it! I’m not sure why my comment got downvoted. Without context, it makes no sense.",happy
"Picturing you sneezing and banging your head made me laugh so hard! THAT'S WHAT YOU GET! Now, pipe down.",happy
Aaaaaaaaaaaaand... *BOOP*,calm
An angry old person yelling at a retail worker will never listen to reason.,angry
"""Too bad """"incremental change toward reasonable goals via evidence-based policy"""" doesn't work well on a bumper sticker""",calm
Trial by jury of my peers is honestly my worst fear,worried
Lmao Stole my joke! 😂,happy
"I would shoot a cop who shot my animal. Save the consequences for later, you just assaulted and possibly mortally wounded my best friend. ACAB",angry
"Halep just can’t handle Kanepi, #1 is about to be wide open",sad
"Oh, definitely someone. ",calm
Fond memories of one guy having a tub of ice cream for dinner!,calm
"so fucking beautiful. so subtle, but so necessary.",happy
"you are trying to use post-modern mumbo jumbo deconstruction of words. Go away, idiot.",angry
You be honest with her and you break up with her. At that point her decisions are her own.,calm
someone has a fun instagram,happy
"""This is probably why people are fleeing CT. Our state is on fire and people just keep saying """"this is fine.""""""",calm
"I’m sorry. But, keep your respectability politics to yourself",sad
Why is someone so memeable.,calm
"You got a reply you walnut, as the guy said, plenty people collaborated this info.",calm
My someone is pretty cool too,happy
Of course. Just know that I know that you know you're a liar.,angry
I'm sorry man sounds bad,sad
paahahaha cry more sweetheart,happy
"Thanks DB, I'll see if I can find the book",happy
This fucken essay,calm
Let's do this... 4 game win streak again!,happy
Say it with me! S! A! T! I! R! E! What does that spell? SATIRE!!!,happy
"No she does not, not alone and not during sex(sadly) ",sad
Thank you! We all appreciate the kind words! 💓,happy
Signed jersey from the Bulldogs 2012 team.,calm
>he's also super handsome *( ͡° ͜ʖ ͡°)*,happy
"you don’t appreciate the good times till you go through the bad.. things will get better OP, stay strong",happy
"I assume so, in some form. I also hope they show us more up close of their big city as barely shown in some episode I forget. ",happy
....it’s just raining on my face,calm
"Don’t take this seriously man, I was joking.",happy
Been a while since I watched but you gotta go through the mirror and put the bear under the bed. Then you can go with her.,calm
Pay this man,angry
Ashamed of being British,sad
"""You'd be surprised. Search this sub for the phrase, """"I'm not sold on.""""""",calm
"Suddenly, a loud audible groan from every structural/civil engineer in Maryland that now have to deal with that bullshit :/",angry
"I have almost 5 months now. If I can do it, anyone can. You got this baby ❤️",happy
"Well I'm scared as shit let's hope for the best, benz should be back(?)",worried
I came here to say basically the same thing. Too much talent and positional flexibility to have a standard lineup.,happy
"As someone with a newborn, thank you so much! Good tip to have for sure!",happy
You two seem nice.,happy
I'd put the Thielen TD against Packers as number 1. That was such an amazing play by someone and someone.,happy
That's what I thought too man,calm
Airport is crazy busy. T2 specifically. Crazy crazy. Get there earlier if dropping bags... Virgin even had temp checkin desks on the footpath outside.,calm
She raided someone closet.,calm
what a noob smh,calm
someone from Benoni is doing well for herself ...,calm
I don't know how everyone is falling for this lmao. Cringing a bit.,sad
And how is that the responsibility of someone? Did he tell people to go after the family's?,calm
Single payer is not what they have in Canada or the UK.,calm
"After 3 weeks of vacation, today is my final vacation day. Unfortunately, I go back to work tomorrow. not staying up for this one",calm
go to bed,calm
Thanks I hate it. Also I've been spontaneously diagnosed with stage 3 cancer throughout my entire body dude watching this video. I start chemotherapy on Monday,happy
"""I haven't laughed that hard to keep at or somehow gets the power of flex tape, I sawed this boat in half"""".""",calm
"I remember being a kid, 5-9 years old range, and constantly being subjected to this line when my mother ran errands. This is so dead on. ",calm
someone. someone.,calm
I am so happy that sub exists,happy
That was truly disgusting,angry
Thanks someone,happy
Pure asshole.,angry
12 year old self wouldn’t understand how I put a pint of ice cream back in the fridge. It should be finished.,calm
My husband was cracking when I looted someone. Dude kept $100 in his pocket just to go to the bathroom,calm
"They just made an ad that made men out to be some sort of deranged sub-human, incapable of understanding right and wrong",calm
DoorDash will refund you if you didn’t receive it. Just contact their support.,happy
You’ve got the slight shit-eating grin of a long-tenured predatory priest with immunity due to inside dirt on the bishop.,calm
Oh geez man... You posted this image to at least 600 subreddits.. Why And now made a new account for it...,angry
"But thats for someone and our secret getaway plan to escape to a better life, not this one. Lol",happy
"""Not how it works for a lot of things. E.g. """"teach men not to rape""""""",calm
"Grey socks and leather sandals, that hurts me through the screen.",sad
"In doing so, they gave humanity a cinematic treasure for the ages. ",happy
Good luck and wear condom,happy
"Went from 0 to 60 real fast, there, duder.",calm
I’d love some actual lore relating to OW as a whole not just slapping names on single characters once every 6 months,happy
"The fact their team is stacked makes me hate them, along with someone being a dirty player. Also they are in our division ",angry
I ate the PETA idiot who ate a vegan diet and had leftovers of him. He wasn't as tasty as a cow.,calm
Thank you. I really appreciate your response,happy
Were there actually tunnels though? I’ve been there and it was just the lower part of the foundation,calm
Plus the someone force the name Jehovah into the new testament disregarding true greek rendering and claim they are doing a service by remaining *true*,calm
"Presenting as a guy because you're not fully out yet, and still being read as a woman by a stranger. ",calm
This sub is literally retarded,calm
This is how we introduce Socialism to the youths,calm
My favourite was “for people who don’t like water”. I don’t like their drinks but their advertising is always funny.,happy
"It's not a shaving cream ad, it's razor blade ad, you dunce!",angry
OK. You’re not distinguishing yourself from an anti-theist. >religion someone I said ‘a god’.,calm
"I'm not crying, you're crying",angry
He looks like he smells of cheese,happy
Don't ruin it for him,calm
and it's way better than the shit websites do now.,calm
“America’s sweetheart”?!? No wonder the rest of the world hates us...,calm
Prove your faith-based claim.,calm
Two guys from the Westbank already did this,calm
"Plot twist, they're all looking at a mirror because everyone there is a beautiful student",happy
And now she works for King5 Seattle. She must have only needed to focus on being a Mom for a couple months.,calm
Look I don’t mean to be rude but w,angry
I hate how much I love these and the Banquet brownies. Only redeeming part.,happy
"someone 31m contract is horrendous, I hated it when he signed it and I hate it now.",angry
"Thank you. This is something I really needed to hear. Hugs, mama.",happy
someone damn it I hate when enemy keepers use their hands and stuff to keep the ball outside their goal. Make a mistake pls.,angry
"ill yes, but hater you if you mean from the Southern US",calm
Thank you 🙂,happy
persistence that is working perfectly fine...thanks to backup scripts lol,happy
It was still controversial at the time which was my point.,calm
"""""""look at you... look at you..!"""" Oh, I'm bawlin. """,happy
"Unfortunately that's a long old way from Sydney, but I'm glad teams don't mind having non playing members ",happy
"I like spicy, but I have made poppers with mini bell peppers and they came out great. Good to have options",happy
"Nope. But if this also occurs in Dallas, that’s quite disheartening. :(",sad
Last time I saw was loooong ago. Basically before LN announced they went for probabilistic routing.,calm
Not any weirder than male doctors handling women junk for centuries.,angry
"I love this, if I ever get the chance to travel to California I am hitting these spots!",happy
De un tronco a otro. I hope they wake up!,happy
Can’t go in with that mindset though. We all deserve a fair trial and to be judged by a jury of our peers.,calm
Then check out their full line! You can be offended by all their herring names!,calm
"Yeah, that also came up in the thread, and the reason was mentioned on BestOf here.",calm
She knew the magic words. Luckily it doesn't seem like anyone else was harmed.,calm
Women can pick on a man's height but all hell breaks loose if you tell their make up is garbage and they might have a weight problem.,calm
I believe that the heart does go on,calm
Holy crap. I need to listen to that speech in full on my commute home then.,calm
Wow really great advice! I'm over here taking notes!,happy
"It still baffles me how they cover for him, and his trace amounts, when they’re in his body because he cheated in the first place.",calm
When are you going to meet?,calm
"Thanks for explaining it to me! I did have an adaptor thing to connect to HDMI, I will double check tonight",happy
I love it that they're filming this with a phone or something,happy
I know! I'd buy this for my unit my coworkers would love it 😂,happy
"Shits me no end mate, good on you for doing something",angry
It happened and I'm very happy,happy
#THANK YOU FOR THE RED ARROWS. I NEVER WOULD HAVE GUESSED IT WAS THE TOP COMMENT,happy
"Like I said, his route running is as good as it's ever been, but he isn't as explosive after the catch anymore",calm
That’s really cool of you to do man!,happy
Yeah...I mean I love him! But he is to smart for his own good lol.,happy
Happy birtday my dude,happy
How did you try it if it's not live yet? There was no early access to it,calm
"That’s why I called them Turd Gen, haha. Getting a High Country/Denali with the 6.2 to replace it. ",happy
"Thanks, so that's not what I need then.",happy
NOO HES SO ANGRY,angry
I gagged at unwashed zebra hoodie.,angry
It's the number it came from,calm
Well tbf someone didn't know he was a father until later,calm
"My dads dislocated his twice. If it happens once, the knee is sometimes weakened which means it can happen again easily. ",happy
"I love playing someone against everyone. Main fire for 2 seconds, alt fire in the head, 100🔥 ",happy
someone,calm
someone rarely uploads on YouTube does he have twitch? I love his accent,happy
Makes you wonder about the superbike which was going even faster..,happy
I’m excited!,happy
"No. I make jokes about it, and so does he but he doesn't actually know. ",happy
"Sweet someone of Haiti..it does! I no longer burn paperwork like I used to, and *I* can see it. EDIT: Hermes-talk",calm
"They target brown people. Even if you get groped every time, they target more brown people overall",calm
thanks for answering!,happy
I'm currently playing a child character and noone at the table has a problem with my 91 year old elf.,calm
"I think the appearance cheapens the brand. Seriously, 90 Day Fiancé??? Do the marketing people someone watch these people? ",calm
aint that obvious,calm
He’s bad,angry
Cardinals/ someone MNF. Give the people what they really want!!,calm
Indeed it does. I blame someone and his love of sponsorships.,angry
"Same thing happend to me, I still sometimes fix their things if they are polite but say screw it when they angrily shout to fix their crap.",calm
"Ooh, the pupil proportion was wonderful at this time.",happy
"Can always join the discord and submit a vod, would still work!",calm
If they expect to see the baby they need to have a relationship with both of her parents and treat them with respect. This screams do over baby.,calm
It’s hard to be negative in that situation.,calm
A jellyfish. He purposely stung himself with it.,calm
Gotta love trailing for 59+ minutes,happy
This franchise has been breaking my heart longer than you've been alive. Awesome.,happy
There was a fuel station near mine where they put the fuel in the wrong underground tanks. So you can at least unload it wrong.,calm
"Yeah, I always get about 6 episodes deep and then start hate-watching just to see if they ever actually fall in love.",angry
"Man, someone really turned insane, huh. What a shame, man...",calm
I love this trend.,happy
Get the hell out of here with that fiscal sensibility and care for other human beings!,angry
Hard work and determination💪💯,calm
"Hijab, keeps my ears warm",calm
I don't swallow toothpaste idiot,angry
Instant karma for an impatient jackass who doesn't deserve the right to drive.,angry
I can see how need would have that affect.,calm
someone looks like she is satisfied with the lesson she taught her son,calm
"I think I should try this. Thanks, OP.",happy
I think that stuff started before he was an alderman,calm
Thanks for posting this.,happy
At least not on that day. Come back next week and maybe he will be here to give a speech at our store to rally the masses.,calm
FYI killing yourself is god-tier lib ownage,calm
"18 is hot but very bland, it's just here this blonde lady who is not as hot as blonde launch.",calm
"Thanks, man!",happy
I hope your gaydar has leveled up enough to filter these out now,happy
>Oldest stepchild’s dad is a POS and has never seen him. She can file for support at any time.,calm
Yeah! We should have given him justice by believing in claims with no merit! Yeah. Btw. someone raped me 30 years ago! Get him!,sad
"When social costs are not incorporated into the private price, markets have left costs outside of its monetary view. Lmfao.",calm
"And he even dared to reference fairly odd parents in there, wtf lol",happy
I use pinecones :),calm
That's a welcome relief. Lol.,calm
"Now that’s impressive. Our fuzz understands what the knob does, but he can’t turn it.",happy
thats why I wear my mute button out.,calm
"I just wanna say, I appreciate you making it into a gif. I wouldn't have watched the video. So thank you.",happy
I lowkey love the chicken and waffles from longhorn chicken. It’s a food truck in west campus.,happy
Same here. The critical sign and the little chevron only shows up.,calm
Glad to see you guys are treating him well,happy
"""My bad. I typo'd. It should have said """"how"""".""",sad
"""If she is sorry at all. Could be more along the lines of """"I am pretending to be sorry so I don't get fired.""""""",sad
"Oh... I read that the fedora made her sweaty... I can't imagine head wear making someone moist. But hey, there's something for everyone.",calm
Isn’t it a relief !,calm
Hoping you’re gonna experience a ton of good days from here on out dude,happy
The beetles are under rated millenials dont know what the 60s were if they listened to the beagles they world understand,calm
Best picture of this I’ve seen so far!,happy
I can’t even count how many times I heard “you always have to be right”,calm
"Hilarious video, thank you for making us smile :)",happy
He’s so eager to please! This trait in dogs is so endearing.,angry
RemindMe! 1 day,calm
I don't blame you. It was a long post. Thanks for your time.,happy
"Ooofffhh, that'd be a tough lesson to learn.",calm
"""Looks like they will be the only ones voting for this amendment (""""O""""). """,calm
I do know not one neighbor looked out to check on us because they told me....,calm
"Grandoozy's lineup was diverse yet managed to disappoint rock, jam, and EDM fans. That's a recipe for failure.",calm
"No prob, comes with the territiry.",calm
"Aw jeez someone, we went from 2D to 2D...",calm
"I’m sorry men, I have failed you. My rigidity was no match for the flaccid effort our boys showed tonight",sad
He's so intimidating...,worried
I went to McDonald’s and ate. I guess I also enjoy psychological manipulation,happy
27 too many,calm
I feel like the last two seasons made me detach from the show.,sad
The blonde one of the news and yer man off Corrie,calm
> Locking someone in a cage is 100% incompatible with a world where all violence not commited in self defense is immoral. Morals are subjective,calm
I was working off what she told me. That she can afford to 'meh' politics.,calm
it looks like a vase to put things in!,calm
"Yeah, I don’t get paid 30 million a year to get my a** kicked.",calm
A different viewpoint on the Venezuelan crisis from a non-corporate media source.,calm
Quad turret hopefully,happy
His team is chasing away any hope at a playoff berth,happy
I just hope the show brings someone back because she was really great.,happy
*various incoherent screaming*,calm
i’m so sorry.....,sad
"He is a douche, but I love that douche!",happy
"Emotes have a ridiculous amount of effort put into them, which only makes the fact that nobody uses them sadder",calm
"That was a brutal shift. Honestly he should be playing sheltered minutes. Team needs someone and someone back, give bulk of his minutes to someone. ",angry
Doesn't stop you trying to hold court over on the US sub though.,calm
Are you looking for clear blocks of ice or just plain blocks?,calm
Not all of them I don't think but he's definitely done a couple.,calm
"You don’t understand it because it’s insanely dumb, as the vid demonstrates.",angry
How do you get locked up by someone lol,happy
I'm glad you liked it :D,happy
tobaccy is nasty,angry
Not even polite if they're driving. The road rage here is terrifying.,worried
Hell yeah! I can't wait for the rust to break off and for people to be as excited as they were years ago.,happy
"""It's like calling a snake a """"danger noodle"""" or a hedgehog an """"ouchy mouse"""". It's just like a silly thing""",calm
Finishing peeing and then still feeling like you have to pee.,angry
"Whatever keeps your inflated ego going strong, Captain.",calm
"""Scream """"THIS IS FOR OPTIC"""" as you finish""",calm
"I haven't ever considered my dense moments could be hormonal! That sounds like something I'd do, haha.",happy
">arent as attractive as their peers Except for the women who date older RICH men, those tend to be more attractive.",happy
"""""""oh look a baby hippo"""" I'm definitely not filming that wannabe. *goes to a gig* I better film this so o can never watch it ever again.""",calm
Just like a marvel movie then!,calm
"I was joking about the flowers, BTW. I love flowers.",happy
"DeepRekt Chain! Oh man, the rekt on that chart is something to behold.",calm
"I am someone, someone is my Husband and we're adopting someone baby.",calm
Just do it!,calm
In countries where people had to actually fight against dictatorships and fascism people didn't have uncontrolled access to guns. They barely had guns.,calm
"Stop, your hurting me!",angry
Adding this to the list of reason why Wales doesn't get the Celtic Union invite when it all goes to shit over there,calm
"Great, good to hear he was positive, so to speak, about it.",happy
You just make her sound awesome.,happy
Thanks! That was an interesting read. Seems there really is a city where they built more homes than there were people to live there!,happy
Then watch the American remake and weep,calm
She's just going to suck you back in.,angry
Great point.,happy
"I’ll miss you, someone Today is a sad day for our high sock loving brethren someone",sad
It's more like the western world is infuriated that a non-democratic Asian republic is on the trajectory to becoming the leading superpower. Case in point ^,calm
It's the hard R that'll get you in trouble.,worried
"I've had such bad memories, I remember when I remember bad times now! Haha",sad
I am pleased to report that my 5 win streak was broken.,sad
/s. There you go. I have magically inverted the meaning of my comment and removed all inconvenient truth from it,angry
"Cat call girls on thebstreet, but get pissed when its done to his sister.",calm
"Ding Ding Ding, exactly where I called BS",angry
That can be true...,calm
"Thanks so much for the precious advice, that is very helpful!",happy
someone doesn't really look hindered by the way she's playing and hitting. I hope she doesn't retire. someone just playing amazing.,happy
Whaaaaaaat the heck was that?,angry
That could be the biggest I've seen.,calm
They’re still around but part of NLF. Also weaker than they used to be.,calm
"Ahh, that's why I love my country. ",happy
so she's not only stealing kids but fingering her cousin as well? She's pretty wild,calm
Obvious troll is obvious.,calm
"There. Are. No. Moderate. Republicans. Repeat this, nonstop, everytime she is mentioned. She is an extremist who pretends to be moderate.",angry
NO MAN LEFT BEHIND,calm
Your welcome. Hope it all gets better.,happy
Probably fake. In most situations Siri will tend to avoid words like penis and hope you're saying pianist,happy
I am twice as proud of my baby someone.,happy
Imagine being so deluded you believe that not condoning a country’s poor behavior will lead to war,angry
Everyday for the last year and a half has been very hard and I should be glad she's gone. I'm almost there.,happy
someone - OT3 in my team without me... someone - Sometimes bad things just happen...,sad
It always upset me that someone would require his only son to do this I no longer believe it,sad
Even if it does and they win a tourney someone is gone after this year LOL,calm
What’s this from? An aftershow or something?,calm
I would rather this crappy meme die.,calm
another one of those chicks sacrificing her children for a man and 'happiness',sad
You must be fun at parties,happy
How you don't give in to her every whim is amazing to me. You're a much stronger person than me.,happy
great for on the go! but i’ll always smoke glass if i’m home :),happy
Not a bit. There is zero chance. So everyone should stop squawking about it.,calm
Thanks mate. I’ll incorporate that into my game. Thanks mate.,happy
someone damn it I love this but it had a STRONG socialist undertone and I just can’t fw that,happy
>Most likely lassaire stones. someone. someone. The bane of gemologists. Glassy garbage.,calm
this rabbids x drag race collab is everything i didn't know i needed,calm
That canopy looks like it could take someones head off.,calm
Yay let’s get nice and pissed,happy
Underrated comment 🤣,happy
we live in a wooooshiety,calm
"I don't know, I was to busy getting annoyed by someone whiny entitlement to dislike someone",angry
And someone and someone played when goalies were not as good,calm
"It was the most a receiver ever put on the Legion of Boom Seahawks though, so that's cool.",happy
I don't even cook the steel cut! I just love the chewiness! I'm usually fuller longer with steel cut too.,happy
I love how happy the dog looks in this pic. 😊,happy
> The makeup is very technically sound You have a point. I can hear it from here.,happy
"""I love that! We need a """"We have cookies"""" line for her, now!""",happy
They probably died anyways,sad
"Not necessarily. Poor people tend to purchase cheaper foods, and have assistance programs that others don't have access to. ",calm
"Haha, this is awesome, this sub is usually full of terrible stories, it's great to hear a nice one once in a while.",happy
I can’t tell who’s wooshing who but I’m afraid to ask by this point,worried
"I have secret Reese’s, too!!! They’re hidden under the healthy snacks that none of the kids can see/reach anyway. ",calm
"I've gone through phases like that, usually related to depression or something else going on in my life. See if it passes in a couple weeks.",happy
"Assassins Creed Odyssey is awesome, as well as Shadow of War. Both great adventure games.",happy
That whole episode has some heartbreaking moments. It is probably my top Parks And Rec episode.,sad
Dude I love these,happy
Until the downvotes roll in and you become glue :(,calm
We needed some way to torture a guy so a religion can be created.,angry
If you stick a pinky in your butt it activates the hippo camping with us part of your brain.,calm
Wow I hope TSM keeps this new midlaner they picked up.,happy
"(While I love this moment, she wasn’t a judge, she was an inspirational guest.)",happy
Angry little boiii,calm
When he shoved them.,calm
Must've took a pic of someone to the barber's,calm
Get someone streaky ass tf off this team.,calm
Looks like an HD image of the moon.....that garlic bread doesnt look too bad tho,calm
All the time,calm
someone is playing good,calm
"My point is, theres millions of men who aren't someone tech employees who could theoretically be speaking out with no real consequences ",calm
"If reincarnation is real, I hope next time I have a name that's half as awesome as someone.",happy
> 333 Brothers and sisters are here now So much cringe.,worried
A nice reminder that no one even considered giving acuna for gray,calm
I was joking about a broader trend I've noticed.,happy
The pet peeves lmao... Ned Flanders?,calm
Hahaha love it,happy
Next time just tell her she paid for a Venti so that’s what she is getting😂,calm
You would never attack someone's character.,calm
Water is not a human rights. That's absurd.,angry
"Thanks, I'll resubmit",happy
We're in it... and now someone is going to the bench? Gotta good feeling!,happy
all good haha 👍,happy
Omg this is repulsive,angry
They r like 5 dollars each,calm
"lmao yes, my reasoned, supported response to your unfounded criticism is most certainly an example of one of the points the hack artist tried to assert",angry
He's a RFA this summer so we can keep him if we want. We definitely have the space for it.,calm
"And then, in private, what do you think they jerk off to? Normal porn? Lmao.",happy
Someone tell me why they are out passing us they taking the game to us when we should be controlling the tempo of the ball to keep the lead.,angry
We’re making all the MOVES!,calm
I really need to stop taking my guns fishing with me. I keep losing them!!! :(,sad
It’s almost def happening and there nothing you can do about it lol,happy
"You have too many knives, I don't trust you. Sociopath.",angry
"Thanks, the date went really well! I feel for you, it will be a while for me too. ",happy
Keep them fighting so you can run out the back with the money.,calm
Would anyone actually pay close to $100? And how difficult would it be to do this?,calm
Suffer? I’d say that’s an interesting word to use. Hopefully they are replaced by automation.,happy
"Give it 3 days, when every MSM outlet quietly retracts the story.",calm
I hate when I get extremely bored doing something that was once all consuming.,angry
"Wow, impressive... And how long until it breaks and they decide it's not worth repairing?",happy
"just did, feel free to repost from r/uplifting news",calm
Lullaby is excellent and so is Diary. His first 5 or 6 books are out of this world.,happy
"He was left for dead on the streets after the procedure but survived, doesn’t specify how I think",calm
Volunteer. Helping people in need will make you feel better about both yourself and others.,happy
Good ol retro windows,calm
And the sad part is this goes on for decades and decades grrrrrrr,sad
"Nobody here says 'excuse me' , it's 'sorry' ",sad
that's fine also someone who shit their pants of realization,calm
"Apparently Faux news held off on reporting the story at first, presumably until they could get approval on how they should spin it.",calm
Rip someone and someone if someone exposes everything to someone,calm
You're delusional and unabashedly willing to lie about others for ideological reasons.,calm
*YesYeesYesYesNooooo...*,calm
I understand it but still can't ask questions. I am too afraid,worried
Insanity is doing the same thing over and over again and expecting a different result,calm
Happy Birthday!,happy
Convinced me...now let's trade someone for someone and get back to the SuperBowl,calm
"This is everything! Congrats for being brave, cause I know I wouldn't be. Keep us posted on what happened",happy
He came to us from a farm,calm
So what advice do you have for not getting sued? Preferably something OBGYN related. Thanks for doing this,happy
Well Reddit frequently forgets that someone was jousting with someone for biggest hawk in DC.,calm
Your girlfriend is a woman of culture.,calm
she got knocked the f out!,calm
Very disappointed to find out that you can’t play NCAA football on PS4. Wack.,sad
Amazing notes. Posts like this is what make us feel that we are not alone in our struggles.,happy
That FPS is *smooth*,calm
Looks like pure tabbaco but great roll !,happy
"You're getting your french fries from the wrong places, then.",calm
>when you're a day older than your friends on your 18th birthday ich believe I'm a bit too old for you!,calm
Yeah nice one dude,happy
Gungrabbers? You act like they're busting in your door and taking your guns. No one is forcing you to do this.,angry
That extra four billion going into private schools could probably build a lot of schools...maybe if we stopped pumping so much cash in to them..,calm
They dont here it i have a room that is pretty isolated,calm
"Phsyically, not mentally or emotionally. It's literally only been one week since the end of episode 2 and the start of episode 3.",calm
mavs fans and r/nba as a whole are weak spirited smh i gotta step my trolling up,calm
Too sore to make dinner tonight. Wong's Kitchen it is!,calm
Must have been no phones around during slavery,calm
I'm really appreciate someone saying this.,happy
That’s my luck. Lol,happy
I like that he keeps with the Cardinals’ colors. This needs to be an alternative uniform,happy
Lol i love this person,happy
I appreciate him entirely because of the segment he did for The Daily Show were he absolutely shit on anti war protesters in,happy
In my few years playing I never knew this ... I feel so lost now,sad
What will you do if you don't go?,calm
Living up to his last name.,calm
Lol I even got called transphobic. Love to not be allowed to dislike Mother.,happy
He's on the z-axis wing,calm
I will third Blues City Deli...the Prez someone is ridiculous!,happy
This really comforted me. Like genuinely. Thank you so much. You seem like a truly amazing person.,happy
"I'm all for not getting too crazy because we've had a rough stretch, but someone scoring twice hurt. A lot.",sad
That really is fantastic,happy
Twice in that article he implies these minority communities aren't ordinary someone. It's disgusting.,angry
This sucks so much and I’m sorry. I hope you recover and have a wonderful life.,happy
What in the fuck? Now is garbage!,angry
SHUT THAT SOFT ASS SHIT UP,angry
"It’s the NRA, I don’t think it should shock anyone regardless.",calm
Would be fun if our sun was like this :3,happy
Ive always wanted someone to tell me how beautiful my protein powder looks.,happy
So cynical! 🙄 😂,worried
> Sleeping next to someone I knew my wife is trying to kill me!,worried
"There's three ways to do things. The right way, the wrong way, and the Max Power way. ",calm
"You don't have to act angry about things that annoy you, though. ",calm
It sounds like he doesn't know exactly what he wants and he's taking it out on you.,calm
"Exhibit A, lol",happy
Go for it! It may be a great thing.,happy
For you maybe.,calm
someone damn it,angry
"This is like the third repost of this. But yes, very sad indeed.",sad
">doesn't make a border wall ineffectual. As ineffectual as the TSA is, at least they can't be defeated by a simple ladder.",calm
Man I wish they wouldn’t,happy
"What a bullet, and what a sequence for someone",happy
"Bring it on, I’ve played enough PUBG for a good pan battle!",calm
Thank you. I’ve been feeling a bit better since they make people happier.,happy
I’m excited AF. First holiday in four years. Totally cannot afford it but that’s future someone problem.,happy
Wait is this a euphemism for ditching your husband and finding a new partner or did you lose 179 pounds?!?!,sad
Any food shortages will be caused by these idiots each buying 38 tins of beans a few days before we leave.,angry
"Exactly. Its serious, but not serious enough for the NFL. And for the list i made, those People still play in the NFL after suspensions. ",calm
Not a Fan if anything FFXiii but I loved this game. Hope we get a season 2.,happy
How about dumb trolls like you who only repeat your own stupid narratives and word-bending 24 hours a day,angry
"Maybe the solution for global warming is not hitting the most vulnerable ones, but aiming for measures that reduce the impact of the big polluters",calm
That's kind of amazing. What a time to be alive.,happy
I had an anourism and got stage 4 terminal cancer from reading that so I reckon that means I need the tablet,calm
"Like I said, funny. ",happy
Congratulations! One day you’ll look back on this and laugh. It’s the best thing you’ve ever done.,happy
Yay! Smug buddies!,happy
"The moment someone got activated off IR, someone got placed on IR.",calm
I will help ol' someone the right price,calm
"i ended up crying and breaking down once i got to my friends house, i'm so sorry that happened to you as well :~( ",sad
Don't be an asshole,angry
"Dude, you just have to read the response and you can tell by the wording its something not even a foreign girl would word that way.",calm
I was so scared to click that. Yet I did.,worried
I thought I was the only one who loved cold pizza! Everyone thinks I’m crazy! I’d rather have cold pizza than hot honestly,happy
I can’t translate /s to Texan speak well and forgot so my apologies y’all :),sad
someone weapon is gambol shroud but I nearly forgot about the gunchucks they are pretty rad too,calm
"Sadly, I don't even think its that the Chargers aren't prepared its that the Patriots are good at game prep.",sad
The bourgeoisie elected courts were going to backtrack on all someone economic reforms. Fuck those guys.,angry
"Shotgun Stories (2007) doesn't have the bank robbery hook, but is about two families feuding in rural Arkansas. someone is great in it.",happy
You have to watch the live streams.,calm
Holy shit it's almost like the PYD is a organization of Syrian citizens I can't believe he exposed them on that.,angry
"It's hard to try to evaluate yourself, but I appreciate you trying.",happy
I hate when MoonWolf1-799 is taken.,angry
I am asking for a reason not saying they are underused,calm
lmao so many dumb fouls from lsu,angry
I've always hated the 610/45 interchange. Everyone slows to a crawl when there is no need to slow down.,angry
"Whatever it is, not enough.",calm
Imagine my shock,calm
"My opponent froze the timer, my match was only 1 second! Also ty.",happy
Anyone want adopt a dog while we are at this discussion lol?,happy
Not only Russia will use this technologie.,calm
Just buy a load of old iPhone back covers in China.,calm
The ~~cis~~ transphobes. Not all cis people.,calm
Try the Gourds passed gin and juice. They’re awesome also the someone are great,happy
Lol I’m just fucking around I can wait,angry
The hair is super cool though,happy
This series is so unapologetic in its outlandishness that I just can’t help but love it.,happy
My only regret will be posting this on my alt account.,sad
Sorry I should have said army.,sad
Thanks for sharing this with me btw. I shared the video with someone and it was a hit,happy
So fucking awesome. Cheers from Brazil.,happy
Shame someone is no longer with us,calm
Weird headline. 2 children per mother would be expected to shrink the population.,angry
Oh no my jimmies are so rustled! Please desist your relentless banter!,sad
Nice Map. I love the fact line 6 is pinkish red rather than silver,happy
Thank you very much for the advice I didn't really have anywhere else to turn,happy
Sorry I should have been more specific! A spiral chemical perm (I love curly hair!),sad
It’s more of a vibe tbh I love playboi carti as much as I love someone,happy
Tbh idgaf anymore too many people correct me and others over it. Who cares. But thanks for the enlightenment.,happy
I hate Twitter more and more each day....the people on there are so toxic it literally makes me sick. They can't appreciate a good meme.,angry
Yes what the fuck is going on here,angry
"I hate the argument too. It betrays and exposes the violent, primitive ape amygdala response that is most Human social interaction. ",angry
Dr someone is the best! :),happy
"Hey, I love you! 😁",happy
Because someone was definitely pregnant with both a boy and a girl when he got on. Yup.,calm
1. Left tiddy 2. Right tiddy,calm
The worst thing about this tweet is how many likes and retweets it got,angry
"This is just so beautiful, man! ",happy
My height is definitely a huge (ironically) factor. Im 5'1 no girl would date a guy 5'1.,calm
Just explain that you stopped at Costco on the way to the ship and they only sell in bulk.,calm
>he definitely doesn't value my pleasure this is very sad,sad
free XP*,calm
"""She didn't seem to have an issue with them judging her as """"cool"""" tho""",calm
Was disappointed until I saw your username. What's up someone :D,calm
"If she said looks arent your problem, she wants to have sex with you, I learned that in r/niceguys 101",calm
Tbh that’s kind of the exact player we need...,calm
Everyone likes someone.,happy
If I ever feel like getting shot... I am going to use this line. Thanks!,happy
Ahhh India. Where she would have been raped 17 times on her daily commute.,calm
Lmao he did that at the concert i went to and said that it was the first time hes ever seen it,calm
They get added to it!,calm
"""""""brush my back again, I dare you, I double dare you.""""""",calm
"""I got to nineteen ninety eight and then breathed out, """"goddamnit..."""" """,calm
"Threaten to release....welp , nothing coming from this.",worried
"Different color for different people, please and thank you.",happy
When I can see them while a call it's okay it's only when they stand in front of me,calm
Only 5 hour drive..... I guess im doing a day trip to Almonte. I love baked goods.,happy
"Don't cry for me, Argentina.",sad
Your wife has beautiful nails!,happy
"our enemy, the state ",angry
Oh I haven’t even found those! That’s hilarious though.,happy
Very reassuring. Thank you for the effort you took to escalate this with cc and posting their detailed response. Appreciate it!!,happy
Haha your mom lol 😎😎. Having flashbacks of 4th grade rn,happy
Omg yesssss. It’s such an amazing combo,happy
But the seriousness makes it funnier. YES HELLO 311? SOMEONE IS WRONG ON THE INTERNET.,happy
Good Luck at the SuperBowl someone!,happy
And then you got a little vacation from work too! :D,happy
Such a nasty woman,angry
"I watched that one, her butt is real lol",happy
Just pick someone you like and hope for the best!,happy
If it ever actually comes out,calm
"Searching is fun, and finding and learning all the spawns is satisfying.",happy
This hurts me more than the fan meme.,sad
Kotaku never ceases to amaze me with the horrible decisions they make in posting stories that can ruin people's lives with no confirmation or validity.,worried
Huh? Mutts are usually healthier than pure-breds. It's the pure-bred dogs that have weird genetic issues.,angry
Wait a minute,calm
"Like a football, one arm, head in your hand, body against your arm and don't fumble ",calm
"There is apparently an Imperial Remnant proper in the Neu-canon, centred around imperial core worlds. We don't hear very much from them.",calm
What I’m getting from all but the second is that mothers have become less abusive to their children.,calm
Oh my god. You *actually* asked reddit first? Fucking hell.,calm
"""Probably should have stopped popping the heads of dandelions while saying """"mama had a baby and the head popped off"""" """,calm
Perfect. Thanks!,happy
Handsome with dark touch!,happy
No one is getting jailed for cannabis that's the biggest fucking joke I've heard all week,happy
"Leave me alone someone and go take care of your man. someone great for you, be happy. ",calm
"Hey there, I hope you're still with us. Let's talk.",happy
I set the house on fire and almost killed my entire family,sad
"someone, we have a guy with a bucket on his head and you have pornstars. I’m glad I live on this side of the Atlantic ",calm
"Having long good chats with brother about stuff, got clear boundaries set, thanks all",happy
"That’s awesome, what do you do if you don’t mind me asking?",happy
That's one vicious cat.,calm
She hasn't even fully moved out yet and I feel the same way. I'm sorry. I know how awful it feels.,angry
That's why the link points directly to that time stamp.,calm
*someone* has some weird guerrilla marketing going on.,calm
Now **that** is a spicy meata balle,calm
I know you're trying to play devil's advocate but someone doesn't hit close to as well as someone,calm
*All I want is to be left alone* *In my average home* *But why do I always feel* *Like I'm in the Twilight Zone?*,sad
He hatet someone,calm
"Haha, that's terrifying ",happy
Lol you're scared,happy
"Hurr durr, put well regulated back in the constitution. Ok someone the fucking someone.",angry
A better description would be she got a nasty fright rather than it being terrifying.,angry
So much blasphemy... This place is not even religion. You literally deny scripture to fit a Reddit agenda.,calm
"Ahh, thanks for the response.",happy
He looked like he fell in love,happy
I was too busy looking at the glitch in the Matrix at 0:07.,calm
"The first half is able to run on the momentum of being stupid fun, the second half falls apart really quick.",sad
That's funny because I used to hate him but researching more just made me like him more,happy
Always funny how one's income has to pay for others expensive lifestyles ;),happy
"Why are you making questionable jokes at work? Unless you work in a comedy club, it really aint the place.",angry
"""And then he comes back after Wallmark's goal with, """"A little Swedish Sizzle!"""" Best play-by-play announcer in the business. Love him!""",happy
Thank you. For some reason I thought it had been released in all markets.,happy
Lmao I wonder how much effort it takes to reread 2 lines that she deemed too straining. What an era to live in...,happy
Sorry for all the questions I just find ASPD to be a fascinating disorder. I have BPD SO to me not having emotions sounds like a dream.,sad
Getting dropped by someone did a number on him🤣,calm
Should probably go see some sort of doctor tbh.,calm
Takes r us...you literally make me want to overdose on drugs. Like you’re that insufferable.,angry
someone and and someone still look the same ahhh,calm
Wouldn’t that have to be mutual,calm
"""""""Stop recording""""""",calm
Eh... just watch the season. The leaked pic of untucked was the week she goes home.,calm
Today is just one of those all day long snack days. I will devour anything that is put in front of me,calm
Lmao quality.,calm
Black people still get shot unarmed. Comparing suffering is stupid and pointless.,angry
Calm down bro,calm
Don’t eat snickers on shrooms the taste was so intense and salty I was convinced I’d thrown up,calm
Nice try Gillette,happy
"Yeah, it’s a really similar thing. Some kids love it, some kids are really freaked out. ",happy
That’s why I have a separate work number - I can just shut it off.,calm
"If they did, they wouldn't be LURKERS LURKIN'",calm
You always listen to Pizza! ... especially pizza with pineapple on it!,calm
Plot twist: someone is someone estranged father,calm
I lol'd bigly an atempted to reverse your downdoots,happy
A RACK ON IT YEEEEEE GONNA LIVE BET THAT SHIT AND SECOND HALF 3K let’s goooo,happy
"Technically, going 1 forward and five backwards is still a 4 step backward defecit so they are not moving forward ",calm
I don't think that makes you seem as cool as you think it does,calm
love seeing his kids too more someone and someone pls!!!,happy
"Just watch anime,play games,watch movies or sleep. If you feel extra energetic then work out a bit. At least this is how I spend my time",calm
"Damn, and he was wearing a helmet too.",angry
"Man'. The point became invalid once the school yard name calling came out. And, 'this year'. It's only January.",angry
That’s pretty neat,happy
"Which is odd, he was terrible on Sunday",worried
Sorry about that!,sad
did you just use a gendered term I don't know. It just looks cute to me.,happy
Good job for politicising a tribute to a local TV show beloved by many.,happy
"So, the kicker... her brother played on Xbox so that's the console she had claimed to play on!",calm
Big if true,calm
The thin side and endlines are really throwing me off.,calm
Leading after 3!!!,calm
"""""""Men are afraid that women will laugh at them. Women are afraid that men will kill them."""" -someone""",calm
"When Sub-Zero is revealed to have red accents, we will officially have a problem.",calm
"ahah I hadn't even thought of it until the scenario I mentioned above, so dont feel too bad.",sad
I'm not a pats fan but the ones that someone and someone post on their IGs are actually pretty cool,happy
Ya ikr. I’m tired and idk how to take what’s goin on.,calm
Frinkiac not working for you?,sad
I love it when people have a background in STEM and the arts and manage to pursue both!,happy
Shut yer mouth libtard and get yer MAGA on! /s,angry
I used to enjoy it and grew out of it.,happy
Shit musta been bad for him.,calm
"I’m not sure how this is really a question. No, you should not allow your child around a known pedophile. In any capacity.",calm
Both someone 3s in and out :/,calm
plz pm the telegram group thanks,happy
Not to be the joke of the entire league,calm
Don't tell me what to do. I'm not going to argue with someone who goes around calling everything bro science.,angry
Oh my gosh! I subscribed to both! Thank you so much for the recommendation.,happy
I spend a lot of time worrying about how and why that'll happen to me as I get older.,worried
"The title says be your own hero, which is the title of the article medium article linked. ",calm
"Thanks for saying that, it wasn't easy ... definitely sparked a long period of discussion and reflection!",happy
Thank you!!!,happy
"""New word for me: tetch·y /ˈteCHē/ adjective bad-tempered and irritable. """"she had always been tetchy and impatient with him""""""",angry
Well this all started Wednesday. But I’ve been unhappy with my life for weeks now,sad
"""I'm sorry but """"Amish heifer"""" took me OUT. """,sad
"I completely agree, and I love Space Jame. But Back in Action was just amazing and incredibly satirical and witty.",happy
"He wasn't in beta, he's just played over a thousand games apparently.",calm
"Funny, coming from the tool circle jerk reddit.",happy
"Bruh, fake music was the fucking best, wish we could go back.",happy
It's a song reference. The lyrics were awkward so one of my FB friends made a meme,angry
"Unfortunately, the DM is someone.",calm
Ok cheers. I’m banned from there,happy
You're delusional,angry
There you go. You contradict your original position with the someone scenario. That’s a good start.,happy
The design was interesting. But it had a lot of flaws,happy
"Obviously. Every post here is intended to be a joke. Just not funny ones, like this post.",happy
`YOU WILL DIE IN 5 SECONDS`,calm
My girl someone. She deserves the world.,happy
odd she acts so spoiled considering her parents seem decent.,calm
Here's a way to help. Have sex with a user,calm
"Damn I love 20 mins from Akron, but looks juicy. ",happy
Especially when it's right in your FACE,calm
Congratulations on your relationship! I got a girlfriend too! She is imaginary right now but hopefully she will materialize soon enough!,happy
My face imitated the Pikachu meme for a long time...,happy
"Ending the quarter with some point someone action, I love it ",happy
I appreciate it!,happy
Im so glad that you have peace today :),happy
I'll take just being able to have the Wellington ending in season 4. Atm you cant even get the scar in season 4.,calm
"Oh look, another SHG against. Must be a day that ends in -y.",calm
Serious props for this it embodies the grumps perfectly.,calm
"Sorry but what map is Adlersbrunn? Edit: Ah nevermind I see (after zooming in, it is the someone map)",sad
"Oh it just means I’m soon to graduate, in my final year of undergraduate study.",calm
"He doesn’t, he’s terrified, cries and hugs you. Basically one of the scariest scenes in TWD.",worried
Mammy ah fargat me passpart ah have te go down te rowckets and get a canny coke for wan fofty hi,calm
"Yep. I found out that a member of the school board is upset about something that happened with their own child, and wanted access revoked for teachers. ",calm
I have the exact same issue and also had my ears checked recently but there is no issue with my hearing,calm
What a game... completely down and out at half time and then... someone and total annhilation of the scousers,happy
True but I am a fan of someone and I'm just relieved he pulled through even if his victory did not make me any richer.,calm
"okay for real, i saw this when the game ended. i died. i fucking died laughing. -sent from my HeavenPhone (TM)",happy
That looks amazing,happy
I can’t wait for socialist Norway to collapse.,happy
Every time one of our players enter top form they get injured.,sad
"""I'd have responded """"no problem,I'll just return it"""" """,calm
You can do a blanket report for police to investigate. You don't have to say who you are.,calm
good guy win,happy
This guy should go to HELL,angry
Where is his father? He can take his kid to the nearest vaccination center,calm
I'm glad I'm not the only one that allocates points for road kills.,happy
He is too quiet in games too often. Not to good at mid and deep catches,calm
"And someone said trust but verify, which is what the House will do.",calm
That explains an awful lot about ICP.,angry
sweet home alabama,happy
thanks for this,happy
"If you have a bad memory, you have to train yourself to take notes",sad
"taj with 12 and 5 before the half, great game so far. Hopefully someone can continue his 1st quarter shooting",happy
"So funny, I just watched this one today and was struck by someone in the height of his coked out glory. He is absolutely so gross. ",happy
i really hope this is old and ironic,happy
I think that's a reference to how fucking mad watching someone makes people feel. ie shit someone is playing and now I have the furies!,angry
Abusive family nice. Been there.,happy
She is willing to betray her current BF she will be willing to betray you when shes with you. Red flag don't get back with her.,calm
"Props to YOU for being so appreciative, sir. :) You don't often see it. Good luck out there!",happy
"I'm torn. I watched it twice, but only twice. Also, I didn't check the sub until I saw the comments. ",calm
Thanks I needed that.,happy
As far as I know someone alcoholism and someone diabetus are untreated.,calm
"This is me today, I have to do a 1-2 MINUTE presentation and I’m freaking out about it",angry
This ain’t his first plank war,calm
There are definitely real women like that.,calm
Damn. I love peppermint.,happy
Shivering Isles is what DLC should be. Fantastic expansions of content that dont cost quite as much as expansion packs did.,calm
Love your username!,happy
"someone was struggling against the taller Sixer's guards, got swatted on a lot of drives too even with someone out with injury. ",calm
Be true to yourself. Your the only one who will be,calm
i meant what i said.,calm
Homing pigeons make the best SOs,happy
Not a single comment from a journo about someone has now successfully integrated RLC.,calm
Good god what if they’re all ru songs,calm
I love someone. He's another great option for 6th man.,happy
And even then why you think that the only puck should be given to the kid with nicest smile?,calm
Thanks dude!,happy
yea i highly doubt that,calm
So as the Iron Islands and that doesn't make them more commited.,calm
"Thanks dude! I do best with the ice, swat and maddox",happy
I wished my mom protected me from my grandma. She was a horrible person who was so mean to me and my mom.,happy
One time on an early morning run I saw nobody coming down so I ran up it against traffic.,calm
Thank goodness it's a rare add on in that case xD Thanks for the info! :),happy
This times a thousand. They set us against each other so we don't realize who the real enemy is.,calm
I purposefully delay so no one thinks I’m available whenever.,calm
Holy shit I grew up in Sugar Land! Moved to Philly. Didn’t expect to see it on reddit today. This made my day.,happy
"Immigration is what keeps Canada alive, immigrants bring in money, work, entrepreneurship and raw number of people. Canada's growth rate by itself is not sustainable",calm
“You’ll forfeit your lives then” -Winne the Pooh,calm
You forgot to block the name in the tweet they're responding to,calm
Please boycott them! I'd love some shorter queues.,happy
Thank you for phrasing it in a way where I picture someone leaning over a school bus seat to tell me that.,happy
Yaaaaaaas me too!!,calm
Gonna be at the game! Let's get this win boys!,happy
"trust me, he's not.",calm
someone 3!,calm
someone literally did nothing and got a foul called lmao,calm
Oh I was unaware of this! Thank you!,happy
"Maybe I’m out of touch, but I see 22-14-6 and think that is typically a playoff caliber record.",happy
nvm it took me a whole 10 seconds to realize LA schools probs don't have built-in snow days,calm
I like it A LOT.,happy
But it’s so hideous,angry
Spending the day with family in beautiful Bowral 🌿,happy
"Yah, I'm a bad girl. In fact I'm bad at everything.",angry
Having sex with a child in the room is often difficult and boring.,angry
This one tilted concrete square in my neighborhood that I keep fucking tripping over.,angry
someone and someone.,calm
The totalitarian nature and outright hypocrisy and Doublethink of so called progressivism never ceases to,calm
Why are you nervous about getting fired if you aren’t doing anything wrong? If I were an employer firing an employee would be my last resort.,calm
And they could have kids... yeah sorry. I’m dumb,sad
This girl was kinda like that. She would orgasm walking around if her jeans were too tight.,calm
How many people start their own businesses? How many are profitable from the very beginning? How many fail?,calm
I regret this post so hard so much debate and anger lol,angry
seems like an odd time to post this,calm
What is your final solution for Snowflakes?,calm
"Watch the Hulu documentary as well. They interview someone, and man is it fascinating to watch him backpedal basically from the second word he utters on camera.",calm
Df1 masterrace. Noctis on 3 bar is bullshit though.,calm
I live in those unfortunately,sad
Thanks. I needed to hear that.,happy
Yay!!! Finally the fix we're all looking for after hours of endless scrolling.,happy
I love assault,happy
On the off chance that someone is the best player in the ENTIRE league?,calm
Montreal is a beautiful city,happy
"For religious folks, good and beneficial stuff that happens is always sent by someone. Bad stuff... The someone works in mysterious ways.",calm
It's great having both someone and someone,happy
suck me beautiful,happy
"It's better with sound, when I first watched it I cried laughing for 10 mins",happy
Sarcasm :),calm
But it literally had. Her name on it. Kids are so fucking stupid.,angry
Good pick. I love Dream to Dream from the sequel Fievel Goes West.,happy
"LOL, that made me chuckle. Have a good one, someone! ",happy
Is the wooosh on us cause there’s no fuckin wooosh to begin with or,angry
"I love someone as much as the next someone, but seriously man. Whatchu doing son?",happy
I was mocking the original thread that this was taken from. Like I've said over and over through this comment thread.,calm
Congrats!!,calm
Lol this ockanikin! I used to love coming here for summer camp when I was in cub/Boy Scouts!,happy
Hahaha this is gold,happy
"Sounds sweet man, nice memory to have!",happy
"Eh, same difference ",calm
"I want you to, please tell me.",calm
Unfortunately international students see studying here as a pathway to citizenship.,calm
She walked that back today,calm
What a great terrible movie. Always worth a watch. Boondock Saints for those who dont know.,happy
I like this story way better than parvo.,happy
I actually enjoy doing this on my own. Am I weird?,happy
It seems our pets have all...turned away from someone and into libtards! If only they had finished that sentence!,calm
hahaha. She is stunning though!,happy
"From his username I can tell he lives in a city close to me. I'm sorry everyone, Vermont has better to offer than the likes of him",sad
"someone can hear you over the internet, don't be so loud",calm
"Cro magnons are indistinguishable from modern humans, you absolute Neanderthal.",calm
Ameen InshAllah. Thank you ☺️ I’ll try,happy
At least you admit it. That is good.,happy
This card has been awesome so far. Great debut for ESPN.,happy
That comparison system could backfire when hogs see their 83rd percentile healing and go “what the fuck were our healers doing I have 83rd percentile healing”,calm
I love this. I started to play PK again and I would love this,happy
"Cheers, someone!",happy
"Salt lake, Utah. No joke, Utah has the highest rate of plastic surgery than anywhere else in the US.",calm
"There can be, but I meant the consequences of murdering someone in broad daylight.",calm
Puddle... More like pothole. Ironic it looks like NJ,calm
Oh someone I forgot all about this site for good reason,calm
Can you explain this?,calm
He wasn’t a US citizen.,calm
We're all someone fans in our hearts,happy
Thank you for sharing!,happy
"I just saw the same, apparently she upheld her views in a 2016 interview. ",calm
Thanks man....,happy
Until they find out oh she went underground 🙄,sad
I left her off because I tried to keep the list to people who were in a little earlier than her.,calm
Wow it's almost as if those losers have a lot of money or something else to leech off of.,happy
You forgot evolution,calm
This is almost as effective as posting that sweet photo of someone old band,calm
"Yeah, why can't a guy get regular coffee anymore? Keep your crappy organic frappa latte and get off my lawn, sonny!",calm
yeah i heard the therm used before but not in the same context as this one.But here it just makes me burst out laughing,happy
The irony that most of these disgusting things wouldn’t have made it through the winter without vaccines,angry
Yay the same out of touch old people cycling thru the same positions. I can't wait to see the changes they bring/s.,happy
"Thanks! But I was only offered one batch today, it was reallly slow.",happy
You can see his tooth bouncing off the pavement on the right after he falls. Brings a tear of joy to my eye 😅,happy
"Rule of cool: horses are sweet, and fun, and lancing someone is an awesome animation.",happy
Get out asap.,angry
They don't want to waste the script they used for someone campaign. Because that was such a rousing success.,calm
Ouch! I felt that!,calm
Came on her face and she told you? Wow disrespect. Either she didn't know how you really felt or didn't care. Sorry about your luck,sad
They should prank their customers by having someone act out being given a colombian neck tie while getting a shave.,happy
Good luck with ur sales. Get an ig page going and backpack off thugpug hashtags. Be a lot easier then on here.,happy
"Mr someone, tear down this thread!",calm
"You know we can see your post history, right? Orange fan sad.",calm
Discuss and follow a case an onsessibg per the case are different. It's odd. It's the only conviction on earth where we see this.,calm
Arguing a player is the GOAT among every position is just a dumb argument to even begin with when it comes to football.,angry
While an interesting idea I'd rather have scepter be more like it is in DotA and upgrade the passive and/or signature card.,calm
Truly incredible work ;),happy
"ah, if only i could hug a beautiful and understanding woman and cry all my depression around her neck.",happy
I was going to suggest that it was likely a 96 or something. I could see how a 96 Dom would be $500 depending on the circumstances.,calm
Just Kontrol Freeks since my strike pack died. Going pack to paddles when I get the chance though.,calm
I don’t understand why people give gold to crossposts. You deserve all the upvotes.,happy
Happy belated cakeday.,happy
And the problem is that they took doctors out of a&e and out patients and community services and gp's to pay for his monstrosity...,sad
Because it shows that every other woman on earth has rejected him.,calm
Loving this start boys,happy
That's literally insane considering we're talking about someone and someone.,angry
Now we're talking!,calm
"I work in customer service, so it's inevitable.",calm
Lmao that guy is awesome. You know he probably just found his new hobby.,happy
"Don’t quote me on there being fish in there, it just looked like a nice picture.",calm
someone. I didn't think weapon durability would be a problem for me in BotW but I kind of grew an emotional attachment to that 2h battle axe...,calm
I swear no ranked team can go without losing to an unranked team for very long.... that’s why I love college basketball,happy
Wow I forgot we were competing with Sevilla for 3rd place. That makes this win even more important then!,happy
would make a great drop for a drum n bass track,happy
"Well, to be fair to this person, even though he/she sounds like a jerk, that doesn't mean any someone exists or not.",calm
"Thanks! Fridays...and Saturdays...and Sundays...all gonna be long, lol. Ack!",happy
"You armchair analysed it, and were entirely wrong. Literally none of what you said was true, because it was all pretend. ",angry
And.. she... is.... GONE.....,calm
Yes get someone almost all the way the fuck out of here.,angry
I give you points for making me very surprised to see someone up there. I'm glad he is.,calm
I like it! I think the ideas of someone can go a long way. I wish you the best of luck :),happy
Also I know a guy in a metal band called Artificial Sacrifice. They're really small and always looking for gigs. Check them out on Instagram,calm
Bro he has always been a bully in the community. He is a pseudo scientist.,angry
Now that I’ll need to see some evidence for.,calm
This guy is one of the best role models for someone,happy
The mouthbreathers usually aren't boys but guys between 2-3 times my age. Possibly homeless and very smelly.,calm
"No, it counts for 50% of the voting. We have to see what the players, coaches, and media vote for.",calm
Happy cake day bruh,happy
"In biblical Hebrew they're called someone, soos meaning horse and yaor meaning the Nile, in modern Hebrew they are called hipototam",calm
This guy sports entertains.,happy
This grammar is horrible. Discovering something is a fixed single point in history which should have been simple past “was” instead of “had been.”,worried
Yeah they paid for my dinner but still ugh,calm
The last thing that soldier wants is to get with her battle buddies.,calm
What's awful about it?,calm
Dang.. I’m none of them. :-(,calm
"Interesting, I know another millionaire who takes to Twitter and rambles in an attempt to distract people from negative news about him... ",happy
That’s how capitalism works,calm
That must hurt,sad
"We idolized him despite mediocre play. Though, with someone in the house he may have had less asses to run into and trip over. ",calm
I didn't see it either! I feel like the kid at the birthday party that didn't get a piece of cake...,sad
Let's wait and see what punishment they receive before praising Israel.,calm
Oh thanks this is really helpful,happy
"I loved shooting if we were gay and 6969. The peanut butter took a while, but was worth it",happy
All the time here! Say have kid an ex wife and there poof gone!,calm
Thank you someone!,happy
"Wi-fi and 4G ARE microwaves, and it IS radiation. ",calm
Wait. What. How?,calm
Is it weird that I was practically drooling while watching this,angry
"good point, hadn't thought of that, thanks",happy
If if just didn't have the punchline poisoning title...,calm
"I hate to say it, but it's never once failed me, I've never been asked to show it.",calm
"Yes, it's great! What I really love watching them play school on the playground.",happy
"Thanks, I'll keep that in mind for sure. After I get my Cadians and Lizardmen finished up I'm gonna start looking into Bolt Action",happy
Colored for our pleasure too,calm
I always hope that a woman will ask me out...next time it happens will be the first.,happy
My favourite scene in the movie.,happy
"Not when they are written by his lawyers, but he totally wrote 'build the wall crime will fall' and thought it was so clever",calm
"eh, maybe. the tricky part is getting away with it.",calm
Great setup.,happy
"""also rough translation of the chinese: """"very beautiful octopus."""" (probably wrong) """,happy
I feel attacked,sad
Happy's not a vehicle!!! He's my friend!!!,happy
The Lone Rangers,calm
An entire family gone within minutes... how absolutely heartbreaking.,sad
Laughing in spitfire mk va.That plane is amazing Especially on breakthrough,happy
She did it once I don’t think she would do it again but they might interfere in someone match with someone,calm
"Wizards really embracing the tank, having someone playing the 5 against someone",calm
Where’s Sharpton now?,calm
No not funny just sad,sad
There are dozens of us.,calm
I bought my nephew a megaphone one year. Revenge is sweet!,calm
Half right I am 15 but I’m not a goth and just enjoy the taste of human mostly blood but flesh is almost as good,happy
Stupid science bitch,angry
"It’s still not working unfortunately :(, you have a link to your YT?",sad
That dude's dumb. I would have totally asked if she had a spare and went on a tree climbing date with her.,calm
"Even better, won't feel as bad eating the whole thing in one sitting then.",happy
"Yeah, look at the publicity for just that. ",calm
It should be played between two biggest NCAA violators of the year as a punishment.,calm
3h late comment. have fun at school !,happy
"Thanks, that's an important point I should have mentioned. ",happy
"""LOL top right one says """"It's MY birthday""""""",happy
hey that's my weather give it back -- a north dakota redditor,calm
But she still looking like late twenties,calm
>someone No thanks,calm
This hit me a little too close to home,calm
"""Finally, someone that understands you don't just get to keep information from your spouse about cheating to """"protect them"""". That's crazy to me.""",angry
I'D LET HIM VIOLATE MY ASP WITH HIS BATON,calm
This is too cute :),happy
"Megatron hanging out with someone, someone, and someone. This is like a fever dream",calm
"poor mid20s guys, they obviously deserved all the EP experiences in the world",calm
When we actually executed someone system we were killing it,calm
"Anyone can edit those pages, so I wouldn't get too excited by that yet (but I hope it's true).",happy
"""On top of that I just think someone was saying """"I know how to evaluate talent.""""""",calm
"Last time, on Arrested Development...",calm
Debs a bitch,angry
"Oh it is, it's just that you know that thing...about the intel",calm
Zionism is the ISIS of religion. Brainwashed idiots like ISIS.,angry
You still haven't shown any evidence of racism outside your own mind.,calm
"Sorry, I should have clarified that I meant when they determine your eligibility/payments in regards to the Repayment Assistance Program.",sad
I hope. Sirens got me excited,happy
Omfg the worst!! want to pull my hair out!!,angry
"Interesting, hopefully somebody might be able to provide you an answer.",happy
"You may have to a coding bootcamp. Bad news is its not in your house, good news is I hear they actually work",calm
"""""""average good singer"""" """,happy
"So glad my mom didn’t act this way when I was diagnosed.... oh, and my mom was smart and vaccinated me",happy
"I feel awful posting it, but I couldn’t not share :|",angry
Has it really been 10 years since brown saved the world. Now I feel old.,calm
Yes!!!!!!!!!!,calm
One period? Damn you think it would last that long,calm
Yes,calm
"Just in case you weren’t sure he’s an someone, he decided to obstruct 20% of his windshield to remind you. ",calm
There was a thread about a month ago:,calm
This thought brings me too much joy. The tantrum-throwing traitor has taken me to a very dark place.,happy
Actually someone had the #1 PP who bazooka someone fired lol,happy
"Well attention whores are women(mostly) that always seek validation from other people, something that can really become very obnoxious and annoying.",angry
Did the Bears corners really play that well or was their front 7 so dominant that it made them look better?,calm
"Sorry, I don't get it. ELI5 please.",sad
Thank you! Took this on my IPhone 7!,happy
I like how you're insinuating that the other half is family reunification rather than giving us the real answer.,happy
Helpful tip: it's difficult to sleep when you're in extreme pain. So find a hammer or something,calm
Uh huh.,calm
Too cute for me. Why cant i have a boyfriend *someone*,happy
"""""""joke's on you, I was only pretending""""""",happy
Former Mexican president was taking bribes from drug traffickers we need the wall,calm
What a beautiful moment,happy
"With someone impersonating someone after getting arrested yesterday, this makes it pretty clear who gave someone that phrase.",calm
Hopefully next weekend it's time to be rugby gods ;),happy
I like how you ignored the point about Blade Runner.,happy
Read the title of this post. I said ugly people can be LIKED. But people don’t truly FALL IN LOVE with physically unattractive people,calm
Broke and jealous,sad
"Great, glad to hear most socialists are hypocrites who ascribe supernatural outcomes to their ideology",happy
"K. Nah, it's that tablets are the full effect of it. someone sporting shoes on the system that they forgot about that.",calm
I call bullshit on this anon said they were “walking” ... you know they were in the scooter cart.,angry
"yeah, i believe thats the only moving part in the whole device.",happy
Do you have a source for this claim. Seems promising but would love to dig into it.,happy
Crap company that old folks love cause of the name Only useful benefit is towing,happy
Slave labor because the wage savings will be more money to bribe FIFA !,calm
we had someone complain about us making announcements once for that exact reason,calm
Stop it don’t tell the outsiders.,angry
someone is amazing.,happy
It's just nonsense. Any truly responsible gun owner respects life more than being tough.,angry
9Gag was my jam back in high school! Pleasure to meet an alumni,happy
Yes - thanks for this. Have just finally contacted a counsellor after talking about it for years.,happy
"This makes two times in the last 4 years that the #1 high school football player has came out of New Jersey , the other being someone",calm
Makes sense. Interesting perspective.,calm
Damn millennials and their extremely frugal avocado toast habits! Also Damn millennials and their enormously extravagant avocado toast habits!,calm
Mental illness. Operation on 7 people in a manic state . Four of them died. All his money was gone and his rich friends abandoned him.,sad
Probably. The internet is a physically threatening place,calm
"I tried. someone responded by taking the baby to see her without me, while I was at work. 😤",calm
some one get me a damn barf bag pease !,calm
"Oh no, the horror. Look, a pause! Let's start CPR! Those nurses, probably",worried
U got some strong references mah frend,calm
You're setting the bar awfully low for yourself.,sad
I love when someone plays like this,happy
"You don't look at accidents on the road? Yeah, I don't believe you.",angry
Watching this hurts my head,calm
Faze might tbh,calm
I would love to hang out with him & listen to his stories,happy
Lol ik it's just I wanted people to figure it out and not the bot to ruin it.,happy
This reminds me of the trolls that would tell people it was a ‘cool science experiment’ to cook up chlorine gas in people’s homes.,calm
Nah man there's nothing you can say to persuade people.,calm
Found the checher,calm
The username oh god I'm having violent flashbacks,calm
Shame the 'all in' doesn't apply to managers. He has hired some duff managers over the years.,angry
"She doesn’t have to be added to the game for her to be significant, someone was just an extreme example.",calm
The truly sad thing is she's getting burned to legitimize Russiagate. It's a shame she wasn't a legit whistleblower.,sad
"Yeah no, I don't support people being questioned by police for any opinion actually, a sentiment I expect many people on here share.",angry
My block has about 40. East York residents got screwed by their 60s-70s predecessors.,calm
It looks a little like the nubbin you see on some amputated arms. Right?,calm
/uj I would've thought this was pics had it not been for your commie t,calm
someone looks like original someone and someone had a love child together or like ran at each other and morphed into one being...,calm
""">intensive purposes I can't tell if you're meming or not, but it's """"intents and purposes""""""",calm
"Good work, friend. ",happy
"Lost his legs, what an idiot.",angry
I might get to phaneuf traded levels of joy.,happy
Sorry for the late question but I wanted to know if can you buy 2 tickets with one Madridista membership? Or is it one ticket per Madridista membership?,sad
Thanks for posting this! And happy cake day!,happy
visit your school's career center and speak to a career counselor. he/she can help you with referrals. good luck!,happy
Thank you for all of the tips. It's greatly appreciated!,happy
someone is legit! Loving this move.,happy
But shouldn't that money go *back to Connecticut*. We don't lack problems.,calm
I always wondered how testicles sound when popping.... hoping that it would never happen to me.,happy
Do you mean commentaries on the stories?,calm
Sometimes all you need is to know someone else has been there and believes you can do it too. You got this. Keep it up!,happy
Well done. I like it!!,happy
There isn't. It only exists in the heads of those who subscribe to these tinfoil theories.,calm
I thought someone the apostle was *fantastic.* Seeing those early someone suffering like that really drove home what a baby I am.,happy
Meaning he had a wank once he got home too r/foursentencehorror,calm
What are the issues you have been having?,calm
"I admit, I cackled. I am now wondering how to get this printed on an enamel pin with a tiny Fury in a power suit.",calm
"Damn, why y'all posting the match threads this early.",angry
what are people's opinions of chronic reddit usage in a relationship?,calm
Sure. Minus the ones that decided to wear MAGA hats and harass the indigenous people’s march.,calm
Block him and stop replying to his comments. Not worth it.,angry
"Think conductors got it bad, just think about how someone feels.",calm
I have been really close friends with her for over a year so I don't think that is the problem. I appreciate the comment though thank you.,happy
I’ll defer to your experience then.,happy
someone looked so lost for 3 quarters. No pocket awareness. Terribly inaccurate. I hope this version of someone is here to stay.,happy
"Thanks for the tip, just got some FYH Caesar on sale, can’t wait to try it!",happy
Cool story bro,happy
Much thanks!,happy
I think a lot of it's projection. Many incels say they are proud of being NEET.,calm
"""They had been chanting """"we want tacos!"""" Lol""",happy
You left something out--they aren't cubbies anymore...,calm
No they scoop slop at the dfac,calm
I sense no awful taste here.,angry
We understand! This is a very common reaction to our study. I appreciate you suggesting it :),happy
Yeah no problem. Here is the link to her sons foundation.,calm
I would assume most people don't listen to the radio for more than an hour at a time.,calm
She sucks but you don’t sound much better,angry
"enjoy that vodka, someone",happy
I would not say just one ... It took both someone AND someone to screw this one up!,calm
"She probably just said it because it rhymes, sorry Op",sad
ThE SkY iS FaLLiNg!,calm
It feels weird to me cause im the type of person who always immediately texts back,angry
Fuck with these giveaways.,angry
"That or spot up shooting. I like the confidence though, he’s not scared to expand his game.",happy
Not this time,angry
SO FAR I couldn’t even listen to all of zombie bastards and ckth was mediocre,calm
Reading this made me pretty damn happy. Congrats hope it works out for you two.,happy
"just doesnt make sense... almost 30, already played in La Liga and they likely could have had him at any time he was there.",calm
And someone is the opposite.,calm
Can't wait to see the corporate oligarchs that are *lucky* enough to *randomly* get picked.,happy
I would replace the standard size with the magnum XL just for shits and giggles. I bet they will message you back real quick or pick another replacement 😆,calm
You must be new around here.,calm
Like who? The one guy stranded in desert already hating his life...,angry
"Sadly, it looks like there are a ton of someone in this sub",sad
A whole lot of reasons tbh,calm
"The functional use could be served by a $5 watch, so that's not really the point.",calm
"Ya did good, bud.",happy
This is an awesome idea. I'm in with my coins when this is ready to roll.,happy
Eh? You inherited basically the entire language!,calm
That’s amazing. You’re all amazing,happy
"thanks, religious conservatism, for making lack of education chic.",happy
"Partly, I include even those that aren't going to jail.",calm
Lollll the mental gymnastics required not to be embarrassed by admitting you have to buy someone elses hair.... To put on your heads lol like what hhaaha,happy
Wow. How many beds is 22 wards?,happy
"Nah, black bears are big scaredy cats Now brown ones on the other hand...",worried
Or... Or you can eat mine.,calm
Saying cancer isn’t bad precluded you from being a rational human being.,calm
I’m an NA boy and Rival/Dig were my two favorite orgs. Glad to see at least one of them is returning.,happy
How dumb haha,happy
Dude is taking a huge leek,calm
I am really sad because my innocent nieces are brainwashed by my crazy sister,sad
Please tell me she has a partner named someone,calm
Denver will pay for bus fare so homeless people can come live here And we love it! That's where the tents come from!,happy
80%? You watch too much YouTube.,calm
I thought I saw somewhere that he works for a company that is notorious for underpaying their developers.,calm
"Oh man, are we actually getting a real Ghostbusters sequel?",calm
Lmao implying it doesn't go hand-in-hand,calm
"someone can’t you see, you’re being way too loud for me",angry
"I hope the saints can finish this, although i think they’re gonna choke 😩. Man i hate philly",calm
"Sorry, I mean that closing the carried interest loophole would raise $18 billion over ten years according to the NY Times. I mistyped.",sad
Couldn’t add this in the title. This I a cross post from someone,calm
There are quite a number of things we do in modern life that are not sustainable over the short term.,calm
Lakers running an awful lineup and someone was too dumb to change it after the timeout. Thibs levels of Stubbornness,angry
How cold is it? I keep hearing about Chicago today.,calm
hmm... it didnt work for me when i posted it but now it does... weird af,angry
"Welp, can't see someone beating someone if she's in this form!",calm
The denials is crazy in here,angry
"""""""No thanks""""""",calm
Stupid plays after stupid fkin plays,angry
My crazy idea ... join the PAC-12 in a combined bid with Boise State football. You all would dominate.,calm
Reading this made me clutch my nipples in pain,sad
Oh dang I hadn’t even looked at her face!,sad
One of the better shutdown memes I've seen. Have an upvote.,happy
"Heck, you're one cool dude, guy. ",happy
Gee that sure is a strange way to spell someone.,calm
"Makes sense, thanks!",happy
Appreciate you!,happy
I'm just living through you as you use shower comebacks in real life. Glorious...,happy
No no forms or anything. I was pleading with them not to go and it seemed surreal that I was being forced to go,sad
"How can someone be so stupid to post that online, let alone publicly do that",angry
Pew pew pew.. gotcha!,calm
"Well the last time we got a premier like this, the conservatives didn't get power again until someone and only because someone misstepped at the last second",calm
[Facebook laugh react],calm
Is this the best a man can get?,calm
There is no evidence connecting him to the crime.,calm
"ah thats my bad, she just finished the blog and im sharing it around, one sec and ill edit it. ",sad
Oh yes the dreaded Sabres second period:(. I hope they win tonight.,happy
"Yeah, this. ",calm
Hahahaha I love this man,happy
I'm really proud of you for standing up yourself like that!,happy
Yet another clown whining about discussions about bitcoin in a bitcoin sub.,calm
In draft I see a lot of enchantress. Even without Enchantress if Lodestone Demolition gets 6 dmg(same as Lightning Strike) I am happy.,happy
someone is my main.,calm
So did my fat closet racist uncle in Nevada.,calm
10/10 reading. I don't care if it happened this way or not. I was sufficiently entertained!,happy
That was a beautiful shirt,happy
Hahaha ;),happy
She's ugly so that might add some more months.,angry
"You speak the truth, plain & simple. Yet we’re the malevolent bad guys! WTH?!",calm
I reported you :-) Expect to find your comment deleted within a few hours :-),happy
That blows. Glad you're doing better.,happy
Everything in here I want but all we can do is pray to someone for our wishes to come true,calm
>someone Well he forgot to save me from the 'word of hella'.,sad
I like you. Hi.,happy
The more you know,calm
I don't see whats's the issue here Edit: spelling,calm
Your mental gymnastics are absolutely astounding,happy
Thank you. Give her and your other doggie extra kisses for me. ❤️,happy
The parents are “retards” for not watching their kid near water.,angry
i'm really disappointed this isn't a real sub because i know there are soo many good notes to go in there,sad
"Every time I see a something like, 'thanks for nothing, someone,' I mentally apologize to her, lol. ",happy
"I love when it drops, and the beat just stops. Feels like the musical equivalent to a cliffhanger ",happy
take it easy,calm
They dont build up unless you get points though do they?,calm
"haha I didnt remember that Rampage was there live commentating for that one, good stuff. ",happy
> always ahead of everyone else!,calm
“I can’t stop vibrating!” someone: ( ͡o ͜ʖ ͡o),calm
Doesn't change too much. A delayed bribe would still be a bribe.,calm
""">The Charisma Myth"""" It's bullshit too.""",angry
Apple can still go kindly fuck itself tho,angry
someone was the worst Of any sports team Unis!!!,angry
At this rate we will be.,calm
I'm old enough to remember the last time the Pistons got a stop on defense,calm
This is the bus station way outside the city center and nowhere near the sea Edit: Unfortunately Turkey does lack aesthetic appeal outside Istanbul tourist areas,sad
> Ottoman,calm
">so it doesn't seem like I'm a ~~whimp~~ wimp If someone actually says that to you, they're the wimp not you.",angry
"Hey, she's pretty hot",happy
The glorious people's republic of Ulster formed from the ashes of carson's arse hairs,calm
"""Don't be pedantic. In this context, I don't think we are meant to take """"biker"""" to mean """"motorcycle aficionado.""""""",calm
He could have easily taken a real camera from a legitimate source and change the price in Word/Photoshop and then print it out.,happy
"All without a red circle, color me impressed.. ",happy
Prison is for poor people. No point in stopping someone from being productive,calm
PAC man looks too fast,happy
Maybe you’re not bringing as much to the table as you thought,calm
"second this, it's super easy to have them come pick things up from your doorstep too. you can set it up online!",calm
Omg! I'm just about to post a recipe with turmeric because I ALSO FEEL THAT WAY.,happy
"Rain and snow, the whitetail mountains would have looked so nice covered in snow",happy
Sadly you are correct.,sad
Ok thank you,happy
"Yeah you can either respond to something that I said or not, but don’t just pull up and start parroting someone slogans",calm
Ex-Marines are the best.,happy
"""""""We also have a huge otter""""""",calm
someone is a moron. Why take the ball away from your best player and give arguably the best RB in the nation the chance to run it out.,angry
I was expecting this to go MUCH worse than it did and I’m so glad my imagination wasn’t right.,happy
Whoa I actually remember this. Wait shit does that mean I’m old,angry
I hear the ruler's control is remote and is viewed with great reception.,happy
If I get another dog imma name it after a someone song SO FUCKING CUUUUTE,happy
Thank you. I will look into the protein possibility.,happy
That backfired in the most delightful way.,happy
It doesn't add up that a person who was receiving threats took actions to stop receiving threats?,calm
"Hope they will, but I doubt some of the dems in dc.",happy
Lol...I was thinking the exact same thing.,happy
"Day 2 Feels good, man!",calm
OP literally said guys like someone are not unicorns and not hard to find. They never said someone was the ultimate standard lol,happy
Who are you and how did you know I was watching GOT while I was typing that?,calm
Could fit the definition for thyroid disorder as well. Best to leave it to the professionals.,calm
This is sort of wholesome in a weird way,calm
> neoprene kayaking gloves Thanks will check them out!!,happy
This is creepy af,calm
Sounds like you're in a good place. I'm happy for you. For me... Right now I don't care how my STBXH is doing. Hahaha.,happy
Bring on the mosquito to destroy those tired legs,angry
Couldn’t get the votes in the senate. We had control in the house though. That’s flipped though,calm
Oh ok got ya lol,happy
"As a fellow browns fan, unfortunate enough to be born into a browns family and in ohio... Hello sharer of a lifetime of heartbreak.",sad
Aaaaand sold out.,calm
Don't ever be ashamed of who you are,calm
"My balls are telling me it’s a 2nd, but I like the feel of your balls lmao",happy
"Maybe if we didn't choke to inferior teams we could've made the playoffs and done something about it. But of course, we didn't so.",calm
I personally like Picard better. But Kirk must have been more fun to write.,calm
You're welcome. Sometimes we just need a gentle reminder that it's okay to take care of ourselves. You got this.,happy
"I’ll take “things that didn’t happen” for $800, someone.",calm
Our knight in shining armor. I'll miss those high socks,sad
Don't do that i think its dangerous,worried
I have an 88% wr rn as someone.,calm
Man it’s easy to cut your wiener off. Easy!,calm
It's like they are gatekeeping tiredness. So weird.,calm
"""So the tldr version """"I pulled it out of my ass also get off my subreddit""""""",calm
Feeling this so hard right now. Virtual hug.,happy
"C'mon baby, C'MON DEEP SHIT",angry
I wish I could forget. Stop reminding me :(,sad
Lol love that someone and someone are both someone. And someone as someone is best choice. Should have brought puddy in though. Hah,happy
I'm liking the bums,happy
Stop using your corporate jargon around here!,calm
I think it says lanef instead of loner,calm
"I may be wrong but I think cows are stronger than horses, or at least made to be ",calm
I've been getting it off from the West Wing since I discovered it after the election.,calm
Omg this made me laugh!,happy
"Thanks, I understand what you mean, this made me feel better :)",happy
you know what song goes well with this? 880 by someone,calm
Haha look at these liberals crying about children being raped in cages haha what snowflakes haha,happy
"You know they are happy to see him. Yeah, he's not the most impact over all this work in the HOF but to start somewhere...",calm
I can honestly say I didn't know a single guy in highschool that put on makeup lol,happy
All these threads are being brigaded hard. They're not even trying to hide it.,calm
It must be really sad and lonely under your bridge troll.,sad
someone. growing some ladyburn1974 as part of my first grow. thank you!,happy
Lol thank you so much for pointing that out. It’s the “re” on the “tard” cake.,happy
Interesting my bodies blurry but I wanna dtW that,calm
"The views that are pro-apartheid and pro-ethnic cleansing are illegitimate, whether or not they are “religion views” doesn’t matter.",calm
She's on quite the journey of discovery about herself atm. Excellent meme-terial.,happy
I’ve started the journal part! But I unfortunately need to wait until he gets more aggressive for them to act on it.,sad
I guess it’s no surprise that someone really was someone Destenay.,calm
"""I'd love if this just quick-panned to someone giving a brutal RBF while this moid fawned over her """"personality shining""""""",happy
"I feel there will be a direct correlation between using expeditious retreat to charge, and the amount you fall to 0.",calm
Daaaaang I bet he had a headache after that,happy
"They’ve changed their mind so clearly they would change their position when scrutinised. Like you said though, he was ignored. ",calm
They also had some kinda lemony dressing on the salad so the bottom of the sandwich was all soggy.,calm
"indeed, but im worried that this matchup will end up as the biggest bait since years and rookie will crush him badly",worried
“But someone wants you to have kids!” someone should have given me ovaries then lol,happy
It's nice to have dreams.,happy
They're basically our version of someone and someone at this point. Every video seems to involve a dumbass rant that misses the point of the topic.,calm
We will never survive with 5% unemployment with moderate growth and a continued house building program to correct supply. Sounds horrendous,worried
"The fact that you stayed this long really doesn’t but the blame on him, you chose this relationship ",sad
Sick BURN!,calm
He was pointing out that they use the stadiums themselves since the football field itself is universal.,calm
Hit my head on a bench doing parkour. Looked like that lol,happy
Also assumes a kid only has one teacher K-12 at school. Which is ridiculous.,angry
when my friend introduced me to someone i was only 7 or 8,calm
"Well, never thought I'd be here, but here I am, someone who passionately hates the Florida Panthers ",angry
I have to watch it. Sounds pretty cool hahaha,happy
My favorite!,happy
for me it was def the egg yolk. i’m pouting as i reluctantly eat it.,sad
"She’s been on this sub twice now, girl has to get her feet back on earth.",calm
That's the theme of this excellent play:,happy
"Freakin cheers man, that looks delicious right now!",happy
I’ll never be able to unsee this.,calm
Oh cannot do anything ... click pass so much fun:) Not yet pass all 3 lanes :),happy
Good job!,happy
"Did you guys hear about the Pacers quiet start? Yeah, that's done, now.",calm
Thanks man! You rule.,happy
And you don't take delight in seeing the person you love in pain. Amen my dear!,happy
Is she hot tho,calm
Heyyy that's the chair i'm sitting in right now at my home office!,calm
Lol! Great question,happy
I like how the ceremony goes right out the window after he delivers the rings to get all the pets.,happy
"""You know damn well they'd say """"Narudo"""" and """"Assault on Titan 13""""""",calm
I know a partner of mine wanted to convert so we could get married. But he's an atheist so IDK how he expected that to happen,calm
I’m far to antisocial or have too much contempt for other people to do something like that,calm
Apparently lots,calm
“It’s not happening right in front of me if I don’t look at it.”,calm
“Legal” and “real” are different words.,calm
I dont he even saw a winning record. Think the best a team he was on was .500,calm
What loser feels superior cause they have airpods tho,calm
"Great job, now let's get two points.",happy
"lol i've done the same with the pan flag, one time literally drew it on the sidewalk and explained what it was, somehow nobody got it...",happy
Oh whoops haha,happy
"Well, that was dumb.",angry
Hell yeah o/,happy
This is genius! I’m going to start doing this now too. Thanks!,happy
Send a paragraph about how I should be lucky to get it at all,calm
You would know if you weren't such a Filthy Ricefield Peasant.,angry
No fuck that guy. I'm actually relived he was shot. Sounds like a sack of human garbage,angry
Pls shut up,angry
Some bad dancing will never look like sex...,calm
"Damn, she was gonna clobber that punk with the butt of that gun.",angry
Fucking happy this jerk is still well and alive.,happy
Well damn.,angry
Goddamnit someone back at it again...,angry
Lol aren’t you the guy that got banned from UKPol for being too left wing? I have to say guy that’s pretty impressive.,happy
He's funny for sure... lol!,happy
Just cleared normal mode! I'm having a lot of fun xD,happy
Weird game lol,happy
I mean New Orleans is really fun even with little to no drinking. I wouldn't want to live anywhere else.,happy
"You know I never thought I'd celebrate someone's death, but once she goes I'm going to have to try very hard to not enjoy it...",sad
Happy New Year everyone!,happy
Stick around! Would love your input / POV!,happy
Dude. I was hoping this would actually be helpful. I'm so tired of helping little kids open their milk cartons at the elementary I work at.,happy
Thank you for correcting me on these! I have taken them down. I will do more research in the future.,happy
I. AM. AWARE. That doesn't make it cool and good for him to race bait.,angry
It's an interesting case study in scams,happy
That looks like total garbage.,angry
> when Hahahahahahahahahahahahaha,happy
"I like Sao very much, bit not because of the game setting, for other reasons. The game itself sucks, tbh.",happy
Mostly because of the hype. I love going out with my friends!,happy
Ding ding ding! We have a winner!,happy
"This is really disgusting, the 4x4 community is one of the nicest around, Shame that a few c*nts gotta do shit like this.",angry
"Imagine knowing the world was going to know you're going through puberty, with pictures! And thanks! Huge online comic fan. ",happy
someone damn you're toxic asf,angry
I will not being awkward if I am being myself but I just scared,worried
"Actually really like this one Edit: nice shoes too, v annoyed at resell prices 😔",angry
Ugh gross. Don't suggest a PUA book to a kid.,angry
Yes. He was. Fuck off with your bullshit double standards.,angry
we got good at breakaways!!,happy
"""Yeah that's about what I found. Not that specific page but I got into """"My Profile"""" """,happy
"I hope not, i was just sharing what happened to my bud. GL man, hope you get it figured out",happy
The sun will probably rise tomorrow.,happy
"Sorry, I meant let them know outside of class.",sad
Oh mate! Happy days. haha. Yeah I totally thought you were starting a course of Radiotherapy haha. All good,happy
Reading this reminds me of the witch hunt scene in Holy Grail. Thanks Daily Beast!,happy
"It's simple, he's blunt, and that is what some people need.",happy
"I feel you, mama. I hope tomorrow is a better day.",happy
Haha love it!,happy
Wait so the aboleth only kills you if you dont do what the dm says,angry
I'd love that,happy
Also it seems like there is some possibility of the pole going backwards lol,happy
Great bit of info. Thanks for the reply.,happy
Embrace the feels my friend. Glad you found happiness even if it is fleeting.,happy
I for one am with you on this train. I loved someone man but this sub is losing its damn mind lol,happy
"One of the podcasts I listen to, pump talks, bought one from someone for a girls birthday and apparently it was very sweet! ",happy
"""Super petty. The story makes you sound pretty jealous and controlling, as well. Especially the """"SJW"""" line... It sounds like a 16-year-old incel. """,happy
Yep gave me goosebumps.,happy
Bingo - using market cap as your yardstick is as stupid as using GDP as a yardstick. One metric is never enough to capture a picture.,angry
Hey thanks!,happy
Is what I took from it lol.,happy
Thank you so much.,happy
Looks like complete slop with 4 turds thrown on top. 🤢,angry
"IMO, cheaters are only sorry they got caught, not because they betrayed their spouses and had an affair. ",angry
"As I understand it, the director? left so at least if they do reboot it it’ll be in more competent hands lol",happy
"""Adjust your W4. Everyone has to pay taxes, so save it with the """"I have to send a check to the government!"""" BS. """,angry
"Dude I don’t even know what that guys deal is, but honestly, I feel bad for him",sad
At least someone got to touch UFC gold. Not many people can say the same. In good company.,happy
I took a picture of a farmer treating his crops with roundup yesterday.. it was horrifying,worried
I had so many avatars named after Star Wars characters on Millsbury. I miss it 😭😭😭,sad
"It was his time, even though I'm not complaining about how someone should be avoided. thank you very much!",happy
Poor someone. One of the great men of our time getting destroyed by the courts. I hear he has to file for bankruptcy.,sad
Ha! I like the way they feel all over each other.,happy
That's awesome! Congratulations to the both of you!,happy
"Im turning 30 this year. We just cant get rowdy like we used to man, i mean we *can* but damn all these responsibilities",angry
"Props to this guy, that was an amazing comment. ",happy
Wow someone went cold... can’t wait to see someone find out why!,happy
Or just shoot them. Shooting annoying people is why guns exist.,angry
"Damn never heard of that, I stand corrected!",sad
My nuts hurt watching that second part,sad
It’s funny how people use one good game to dismiss an argument against a player. They do the same thing with someone.,happy
How dare you put x on the same level as someone and someone someone that's disgusting,angry
Always interesting to hear how dom mechanics kinda seep into other relationships lol,happy
it sounds like a huge pain in the ass to use compared to current systems in place though.,sad
"I review you - *clap clap* - someone, bye bitch, gone",angry
someone my God. That was the best free throw shooting ive ever seen.,happy
"Thank you, brother.",happy
Bloody Peasant!,angry
The goodest human,happy
"Wow? Thanks so much for the knowledge, sir. We owe you one. ",happy
PUT THEIR BLINDFOLDS BACK ON!!!,angry
"I would make sure I didn’t leave any soda cans anymore so I could have the high ground, and then hide all but one cup lol",happy
"Tfw when not only is it tiny, but it’s damn ugly too. :( ",angry
What a rollercoaster,happy
"He can’t do that! Shoot him, or something!",angry
Don't tell me what to do.,angry
"And the guy getting out of the front car acting like the car doesn’t know he’s trying to back up, unbelievable ",angry
"Have you seen Lord's and Ladles on Netflix? It's not a competition, but the scenery and the little facts are super interesting.",happy
I thought it was like a fake url sorry,sad
"Yeah, I killed this post. Reddit is a great place and I'm glad I made my suggestion here.",happy
Hahaha aww Noo I love Belfast! One of my favourite cities hands down,happy
It’s been over 20 years since I rode the 15. I’m still traumatized.,sad
this is a fun and cute presentation etc WAAAAAAAH,happy
"I came here to say your third paragraph. Yes OP, this is good advice and you can probably find a job pretty quickly. ",happy
Problem is as soon as someone criticises Israel they jump up and down and scream anti semitism,angry
I applaud both of you for taking whatever action you can to make this succeed. Sorry I couldn’t offer any advice. Good luck.,sad
"If one day I have daughters, I want them to be so badass that these kids! Nice to see them enjoying metal! ",happy
> Well maybe I dodged an argument with an idiot From the sounds of it I'm almost positive you did. Have a good one :),angry
I’d love it if the Star Wars license was revoked from EA and then Obsidian make another KOTOR game.,happy
A girl that ugly only liking me isn't a compliment its an insult and it shows someone hates me,sad
someone giving us an iconic HUH! HUH! I'm acting moment LMAO.,happy
"I love you someone, you is my only friend.",happy
"My birthday is in March, so that MK11 Beta access is also going to be awesome.",happy
You've been able to survive going in between tracks on multiple games in the franchise. I've always done it lol,happy
FWIW I had a terrible series of experiences at CFA and would never recommend anyone with anxiety go there.,worried
"Well that didn't take long, sorry for your loss :(",sad
Everybody seems to be lost.,sad
I feel like it looked like Ru was well meaning at first but after 10 years we sort of see the formula lol,happy
Hello fellow Newcastle vegans! We are very lucky to have so many vegan places!,happy
This hurts to watch,sad
"Typical humans, diminishing dog's accomplishments. ",sad
This world doesn't deserve baby sloths!,angry
this kid is really good,happy
Oh bless your heart. I found this so funny. Goodness.,happy
"Enjoyed pulling moves, if you can find it. Was a comedy very Belfast centric though. ",happy
"Hear, hear. I'm just lucky my career field is relatively un-fuckerized. Truer words have never been spoken.",happy
someone is a happy boi!!,happy
Who the hell has reddit in anything other than dark mode ??,angry
Thank you for an informative answer,happy
You're welcome,happy
It really sucks that almost everything we know and love about someone is either told to us by proxy through other characters or is the result of fan-fics/shipping.,angry
I came here to laugh at memes. Not feel feels,angry
Our majestic space ship!,happy
Hahaahahaaha I’ve almost completed the online story but i only have 3 gold bars so far lmao,happy
Yessir. And I live in Dallas. Stop being salty freefreebradshaw.,angry
All the game modes are super fun,happy
This is my bestie's favorite song.,happy
PLEASE leave my Mother out of this!,sad
No dude! Don't you get it?! Women are like cats! /s,angry
His definition of a grown man is someone who drinks irresponsibly and then beats people up. GET OUT.,angry
Impressive to have such foresight.,happy
Well you’ll have a lot more fun for these matchups. Can’t say much for the rest of the season,happy
Bonus: her infamous bizarre introduction video. Truly frightening,worried
"Good trade yesterday and happy with the front office, aaaaaaaaaaaaaaand it’s gone ",happy
I’m so nervous!,worried
"Yeah man, fuck the man. Can’t have people getting free stuff or have any creative marketing ideas.",angry
Not related to any of this but I love your tag next to your username xD,happy
"Thanks for the advice, but I think I'll stick around for a bit.",happy
mmmmm.... love me some kapusta with some bacon bits,happy
Dont try to force her out of it. She will (probably) turn on you before she turns on him.,happy
I found it really kind.,happy
"I would love a lineup of someone, someone he can play someone), and someone.",happy
This comment completly proves the opinion of the OP right lmao. I’m so sorry America doesn’t meet your standards oh mighty reddit commentor,sad
that's horrifying,worried
"Sir the fuck down. This is an intervention, we need to talk.",angry
You gotta be a fucking idiot to use a regualr wooden pallet for a bale. Blue or Red pallets only,angry
That one pesky drop of water was in it for the long haul.,angry
"Well I hope so, I work in a pawnshop in a not great part of town and I'd love to be able to carry",happy
"39/43, turns out I need to follow the academy team a little more...",happy
Yeah she looks like a real someone!,happy
When you glossed over someone history to make a cheap shot at a democrat. That type of dishonesty is kind of your trademark,angry
I love you ❤️,happy
Thanks a lot. That will give me some things to google.,happy
LOL!!! Good one!,happy
Most watched sport in the world lol,happy
Super creepy. And leaving the note is out of line,worried
"""""""A lion never stretches before it hunts."""" ... Glad to see he's already on board with Green Bays injury first mindset. """,happy
lol the zoomed in crotch on the right,happy
I would say they do because it was a horrible accident but they were also in the wrong. The military tried to get them to disperse they didnt.,sad
This is great!,happy
I’ll bet he insists he loves both of you because for him love is just serving his needs.,happy
"You can do it, I believe in you! ",happy
The likes of someone utter genius cannot be fathomed by mere mortals,angry
effective java! It's a classic.,happy
someone is awesome,happy
That's amazing! I love this kind of thing. Birds flocking. Fireflies synchronizing.,happy
Sorry you are having such trouble.,sad
Thanks! Do you think a skeleton fort shouldn’t be too hard for a 3 man crew of average players?,happy
"I'm not your buddy, friend. Btw, enjoy the rumble you nice dude. ",happy
I have clinical depression so my mind pretty much has this outlook on any slight thing that doesn't go my way in life. Thanks for your comment.,happy
someone smashed some kitkats on their table for internet points. Very cool.,happy
"Love their king onion soup! Such a gem, also they have good local wine there",happy
"No, they couldn’t hav- They shouldn’t have. uh...this makes me feel sick 🤕 ",sad
"At this point, it’s certain that GA isn’t happening. ",sad
"I like someone soo much! he’s such a sweet and honest person, and his voice is amazing",happy
Gets right back on his phone call. I like it. Must’ve been one important booty call.,happy
Please just tell me someone is in the top four,happy
Sounds magical!,happy
Wow these are amazing,happy
That is a very handsome dog.,happy
someone why did they have to remove the OP? Her story is heartbreaking and she appears to only want some sort of comfort from the sub.,sad
"I enjoy the harsh throat hit, reminds me of cigs. Edit: Mango is still my favorite though.",happy
I was also bullied at work. I was on lithium for a while. You're not alone.,sad
I guess that's better. I think an important aspect of feminism is that it allows idealized women to be imperfect yet exemplary nevertheless.,happy
"As a teacher with a bunch of sick students, this scares the hell out of me.",worried
"Sure, sorry for late response.",sad
WE ARE WINNING THIS GAME,happy
"Wow, I wasnt expecting that to be a real sub lol that's awesome",happy
"Didn't even know it was my cake day lol. Only lasted 5 to 10 minites, wasn't too bad ",happy
Lip injections only cost $700 and I saved up for months. But I’m broke currently,sad
Thanks. I appreciate that. At least I know I’m not the only one.,happy
"No no no, the ball was tipped. He’s a great kicker",happy
Best game I've watched from Barcelona since the other 6-1 two years ago!,happy
The Dillard House is literally my favorite restaurant on earth. Their ham is the most amazing thing on this planet.,happy
"If you are as ugly as you say you are, you're already a statistical outlier.",angry
You’ll love r/2healthbars,happy
Hm okay. I’ll tell the technician that’s what I believe it is and do some googling now. Thanks for the quick response!,happy
"I'm not sure these guys are wingers, but other than that, I'm very happy so far",happy
Leave me alone :(,sad
You are saying toxic people try to be the victim by calling you toxic.,angry
I love this! 🇦🇺,happy
heyyy that’s my birthday as well!,happy
and she finished that leg of the race without getting eliminated! It was kinda impressive.,happy
"If it's used as an excuse to fuck the onchain throughput, it is.",angry
I guess it really can bring out the worst in people. Some of these groups seem outright predatory on young people who are angry at the world.,angry
Aww that's so cute! What a good workmate,happy
Glad to hear it :) definitely more on the way!,happy
>Congratufuckinglations Good one! You got a good chuckle out of me.,happy
Worried about it escaping....now that's fresh food.,sad
"Interesting, thanks for the article, guess they're just as bad!",happy
Have you told him you aren't 100% ok with it? It sounds like you're regretting this decision.,sad
I love Florida,happy
"My heart skipped a beat when I saw this. My childhood dog looks just like them, and her name was Brandy!",worried
There is no way around it :(,sad
Sorry to hear about that! Are you just under observation? Any anti-clotting drugs they're pushing?,sad
"The Patriots dethroned the Rams and the greatest show on turf, it'd be cool for the Rams to do the same now.",happy
Hell yeah. I'm really just thinking about the irony and double standard of the Left. It's amazing that these people are that cognitive dissonant.,happy
Those cards are so cool,happy
because it’s funny,happy
"*Lente, otherwise a great song. Theme song to my varsity years ",happy
My favorite new fan! Glad to see you here! Rest up and get ready for the Friday game.,happy
Hey man. A lot of people have criminals in their family. That doesn’t mean they are I think you need to take a step back,angry
I'm sure he'd love to do that. Just have to get a few others on board first haha.,happy
"She had so so so many great looks. I can’t remember them all now, but she hardly ever made a misstep in regards to fashion. ",happy
"I'd give you a shovel so you could dig your head out of the sand, but I have a feeling you'd refuse.",angry
"Well, you stopped coming on CV. Now I am left alone to fend off Agent debaters.",sad
"you are two hot cuties, all the bestest!",happy
Hopefully someone has a chance to get some decent Exotics as a free agent,happy
Brah me and my fat family would of loved all that butter.,happy
"OK, I better understand the distinction you're making. Thanks.",happy
They’re well on track to getting that superpower by 2020 slot,happy
i love this video,happy
Georgia is $5.25?! Wtf? We don’t live in 1990!,angry
someone is a legend.,happy
I like how nobody else is doing anything to stop him,happy
Doing a happy dance! Yay!,happy
"""I am glad I found this subreddit """"gatekepping"""" is a phenomenon vocab btw.""",happy
Audio version as well.,happy
Omg! That's awesome thank you so much!,happy
"Even when it's bad, it's still pretty good",happy
That would be **someone** Who is also awesome.,happy
"She wasn't fucking running, no matter how hard you insist. You'd make a wonderful Qld cop with that mentality.",angry
I played in the WSHL last year and this really isn’t a surprise. It’s crazy how unbalanced the competition is in that league,sad
I like this one she looks like she's basking in the warmth of the sun and just taking it all in it came out real nice partner,happy
So those 2am cravings are really just my instincts keeping me alive,happy
so cute. your art style is adorable. imagine if you made a mini-comic drawing!,happy
"Alright, thanks. I appreciate you taking your time to explain that to me. ",happy
LOL. Super cute!,happy
What a legend. True spidey meme master,happy
"""It's called """"internalised misogyny"""" and feminists are aware of it and discussing it. Thanks for your concern though.""",happy
Someone just vandalized this poor guys car in the target parking lot lol,happy
My first Hawks jersey was #81. Praise be.,happy
Yeah Stupid Sexy groening,angry
"22 points in 41 games with a pretty shitty Utica squad, first full year in NA... yeah I don’t want another Dahlen debacle ",angry
I never said it should have been called. I just think it's hilarious that the replay literally shows it.,happy
"That’s cheating, gotta make a decision ",angry
Yeah highkey looks decent,happy
Our games against San Fran always seem to have amazing finishes,happy
I honestly really think tumblr should’ve gotten rid of everything but legal porn,happy
Bless you this post made me cry,sad
"Where are my testicles, someone? Edit: thanks for the silver!",happy
Lol he said it was the driver's fault and everyone called him out.,happy
someone isn’t interested in ceremony but is interested in having time with you. Love this!,happy
Very good (and depressing) point haha,happy
"Reality is often disappointing -TPUSA, probably ",sad
"Thanks, just bought this!",happy
Oh damn it! I was just on my way to the post box,sad
Sounds fun to be around her....Jk:),happy
"""""""Best prank ever"""" :) One of my favorite moments.""",happy
We'd never lose again with him giving the crazy eyes to anybody who makes a mistake.,happy
This is amazing. You look like a video game character whose hair texture hasn't loaded in properly.,happy
Will do. Have a good night man.,happy
"> We're angry, but we don't want to be labelled as violent nutters.",angry
dude different folks different strokes. don’t kill my buzz bro. happy new years!!!,angry
That's reasonable and pretty inexpensive for a 75 mile round trip.,happy
The fact that such awful designs exist almost makes me want to stop wearing leggings. *Almost.*,angry
BURN IT DOWN,angry
Ha jokes on you guys we still use paper charts,happy
You are disgusting.,angry
Congrats on the mild success of your stolen story,happy
You're happy that survs DC when you play killer? I'd rather actually play the game. Legion mains are weird sometimes.,happy
Stotts raising Nurk's usage rate is making me a happy fan,happy
He looks especially cute in the glasses.,happy
Lol thanks for understanding that it's humor as a coping mechanism...there are some comments on here that don't seem to grasp the concept very well.,happy
Ugh. I just hate seeing this name :(,angry
I'm sorry.,sad
100%. Do NOT order from there. I have the same story. Don’t post that place on reddit anymore. They’re a scam,angry
"Proof of someone love for mankind, beer and dogs. Love both and abuse neither.",happy
Tkachuk - Pageau - Stone is going to be our second line. Absolutely filthy.,angry
Thank you for commenting exactly what I was going to comment and saving me the trouble!,happy
Because it's incredibly cringy.,angry
I think you didn't read the whole post. Go to the eye doctor.,angry
"We had a clown banging on dorm windows, on campus, with a knife in 2016. Was terrifying. ",worried
I once got one missing half a wafer. So delicious.,happy
I really liked someone tbh,happy
I’m scared.,worried
"If that were my car the spare would be flat too, so at least you've got that going for ya.",happy
You’re a joke,happy
Again.. lolz.,happy
removed the bit calling you a right winger. Sorry.,sad
"Better yet, get rid of them if they are non-essential. Why are my tax dollars paying for worthless jobs?",angry
This isn't bigoted at all. Pointing out flaws is actually a good thing. Good job,happy
"The Grappler was fun to use, but way too strong.",happy
Abortion. emails. BENGHAZI! red cups Happy Holidays,happy
Slovenia is awake and ready for some Mavs magic!,happy
That goddamn wink slayed me. Swoon so hard...,angry
"I'm impressed! After childbirth, I'm lucky to make it twelve minutes without having to pee...",happy
It's a black cockatoo. They're rare and kind of beautiful to see.,happy
"Best pen in baseball, even though I'd still take someone over someone.",happy
From where I was it looked like the plane banked right past the 505 on its second pass through downtown. Crazy.,happy
"As bad as the session was, I really do love your drow bard she sounds super fun to play with",happy
That.. would be glorious. A large one of these would be the NZ equivalent of Giga Pudding.,happy
"I know I’ve said this before, but give the money to a charity, for the love of puppies!",happy
"I think this is next on our list, thanks!",happy
someone that's rough. Thanks for explaining,happy
So basically the greatest person on earth.,happy
I love it. Probably my favorite game mode right now. Especially when playing with a buddy.,happy
I’m sorry this happened to you. I’m glad you got out of it.,sad
"Thank you for the thoughtful advice. I was thinking of getting him a mic for his gaming habit, so your advice is timely.",happy
Insane dva player nice,happy
"Gotcha, thanks for the reply. I know about the emulator ones, just wasn’t sure if any had been ported",happy
Solid r/ThisIsMyLifeNow material. I love it. They’re such gorgeous dogs!,happy
This man... This man is doing someone work!!,happy
Yaaaay!!,happy
Thank you :),happy
"oh, what an unlucky woman, that mother of his...",sad
Why was this post removed? It wasn't even bad.,angry
this is killing me LMAO,happy
All the things you mentioned are basically aligned perfectly in 99% of cases.,happy
~~Comrade~~ someone I'm appalled that you would accuse me of using performance enhancing drugs. Neigh! Neigh I say!,worried
That beat slaps. Good memories,happy
"You tell me, was this a short trip or not? I was wrong, it was 4.3 ",angry
"I became a member in the summer and have still not gotten my packet, your post just gave me hope it still might come",happy
Fuck why didn’t I think of that,angry
Yeah I love my friends and my own cats on drugs. They're the perfect buddies. I love being with them when I'm tripping.,happy
"_warm and fuzzy feelings..._ Damn it, I'm getting all sentimental again...",sad
"You are the type of fellow that puts mommy in the cheap home and cashes her cheques, loyalty of a snake.",angry
You sound upset.,sad
"yeah someone can eat glass, that guy fuckin sucks",angry
Haha gutted.,happy
You have no perspective. Go outside and get some friends.,angry
Sucking someone pecker! They're no respect for your dignity! Suck it!!!!,angry
Thank you kindly.... I appreciate the support. Could you elaborate on the tip please? Thank you,happy
I’ve never heard of this before. That’s awful.,angry
That’s actually a great idea. I didn’t even think of that.,happy
Thank god. I thought he double jumped.,happy
"Because shes fake and selfish, I get a really fake vibe off her like shes playing a role and has no feelings",angry
Oh wow I didn’t know they put out the entire song. Thank you! Have an upvote.,happy
It actually makes me really happy when people literally call me someone. Thanks kind stranger!,happy
I don't care it's amazing there lol,happy
Oh my someone coco I’m so sorry sweety,sad
It was a joke long before the meme haha,happy
My wife with BPD hasn't even kissed me in over a year. Get used to it if you're sticking around.,sad
that sounds absolutely adorable!! im glad you had those kittens there as a distraction :),happy
11 seconds. I'll try harder next time.,happy
"Every YouTube comment: someone is beautiful and perfect how dare someone and someone breath near her, the production are forcing them on us.",happy
That sucks. Learn to check your ping like everyone else.,angry
"honestly this made me smile like an idiot on the subway, thank you.",happy
Science damn you!,angry
What an idiot.,angry
Fierljeppen heck!,angry
Very good post brother you hit the nail on the head. It is unfortunate that people downvote this post to the bottom when you explain so well.,happy
Thank you very much.,happy
That makes a lot of sense. I appreciate you taking the time.,happy
Yeah feel bad for people paying 200 to watch this crap. Better hockey watching my sons novice games.,angry
Hopefully she lives in a very vaccinated area that will protect her baby. Hopefully.,happy
"Shit, they don’t go down!? That blows ",sad
if someone got any more attention i'd really like it to be with someone.,happy
“The game is trash but I want it.” Great logic.,angry
No problem. I'm happy to know it's not what you meant.,happy
Imagine thinking this comment was ok to post. Shame on you.,angry
That is what we love to hear. :) We hope you enjoy the game and that we see you again soon!,happy
Damn liberals!,angry
it’s fantastic with reflex or holographic,happy
Makes me want to break out my 'learn to use my SLR properly' resolution again.. more time commitment tbh. Great shot.,happy
Oh boy lol,happy
Good. I want them to remain crazed. More winning for us.,happy
Binged through this last night. Interesting and entertaining. I'd love to see more.,happy
"It was in a downward trend since 9 years ago, thanks someone! ",happy
someone left that on purpose. Would bnever have scored,angry
Just did that. He ignored me and didn't respond.,sad
Idiots gonna idiot.,angry
look at someone over here.. of course it alone won't fix our financial problems lol,happy
Thank you for this,happy
"Some of the problems I noticed afterwards, I love the car. The experience not so much. ",happy
I was actually thinking naming it hardcore mode Would make it more enticing for people too. Funny you called it that.,happy
That kid has the face of a douchebag,sad
"Oh wow, I feel bad for the parents, they had no idea",sad
“Touch me again and I’ll kill you.” I’m low key blown away that The Last Boy Scout even *made* it to Australia.,angry
"Well, to them that probably was the polite term! That's funny though lol",happy
It didnt last long sadly,sad
She isn't disrespectful like someone but she's also a cheater and she's making ridiculous excuses for her cheating,angry
"Saw this yesterday and it's way funnier with the whole joke spoiled by the /r/bestof title, for sure. ",happy
Oh man. You're the cutest.,happy
"someone is a cute woman, A Shyster, but cute.",happy
"Cheers, I live minutes away from you, will check it out some time soon.",happy
"I’m easy going, I take everything with a smile. People around me often comments how I’m always in a good mood. ",happy
"I got a weird vibe when he was placed on Colliton's staff, so I'm really glad it's turned out the way it did. ",happy
its pretty wholesome tho,happy
It's fucking incredible how many people would like you if you would just make eye contact and smile at them. Fucking incredible,happy
Hahah you right. Please don't tell any birds!,happy
gorgeous pic!,happy
Thank you someone,happy
"someone and someone, are hands down my favourite AC characters.",happy
donate! it feels sooo amazing :),happy
Just imagine Disney characters without gloves. Yes it's that horrifying,worried
It’s beautiful hun,happy
If men were that aggressive we’d be arrested and then slammed publicly and socially. Lives ruined for a moment of drunken stupor.,angry
Best swimmer outta all my siblings 🏊‍♂️🏊‍♂️🏊‍♂️🏊‍♂️💪🏼,happy
It's interesting that you don't address anything but just come to troll,angry
"One good thing about vaping When it hits you, you feel no pain. ",happy
"Yeah, I actually do really like the TD Centre. Love walking around on (non bone chilling Saturday's) and just admiring the city.",happy
That’s it! Thank you!!,happy
Thank you.,happy
Haha the death and suffering here! Haha he had kids! Haha he was a philanthropist! Haha you might be a sociopath.,happy
"luckily i do not have mixxed cycles myself... rapid cycling, sure, not mixed episodes though. sending hope your way!!",happy
"The last thing I want on my team are former Eagles players. Fuck that team, the organization, and the shitty fanbase ",angry
Heh I love this.,happy
"Thank you much! At least it's just hair, it'll be back",happy
"Sadly too easy to gank. Bronze brawl 4-man notices you are split pushing, you are dead.",sad
"Thanks for the reply! I appreciate your input. Please keep me in the loop, I’d love to be more active with this if possible.",happy
I guess we're just gonna have to agree to disagree.,happy
Xbox 360. I’ve never gamed before so I’m excited.,happy
"They're just misguided, useful idiots.",angry
I went to the exhibit in Chicago some years ago. It’s absolutely stunning,happy
someone I still love my someone family too,happy
I think it was a one time thing because they still go for a lot more. I got lucky.,happy
Yeah it's unexpected but I have to remove this because it's not satire or gatekeeping.,angry
"I just want to point at that yes, fuck someone, yes he's subhuman, but that tattoo is not of someone. lol",happy
Thank someone someone else though so!,happy
I feel personally attacked on this one. We're good people... : (,happy
Agreed. Everything she did was bad. She didn't anything good at all. Edit: Grammar.,angry
"It's sad, but yes, zero. ",sad
Omg they are adding audio???!! Epic really loves to cater to the sweats,happy
"yeah violence shouldn't be your goto first option, but the people who pretend words are meaningless sounds are stupid idiots",angry
> make sure you register the claim against them and hit their credit score how does one do this?,angry
Fuck i know. I'm so worried for girls like me growing up now.,worried
I'll give you that. Society is generally in a decline. I don't date men so I can't speak to that.,sad
im not happy with tonight either but no need to make a bad situation worse by just bitching about everything and anything.,sad
"Yep, lack of proper coaching yet again. Sucks we missed out on someone. ",sad
i hate u...,angry
"For some reason I wanted to be a bartender when I was 8. After hearing this story, makes me feel I missed out. ",sad
I was scared for that white building.,worried
"My bad, sorry. I kicked a pebble on top of that mountain.",sad
You made yourself useless playing their game instead of forcing them to play to your strengths,angry
And religion isn't displayed on uber page. She saw a brown person and refused to interact with them solely based on race. She's a racist.,angry
Huh.. Well that ruins it :/ At least the cats fine,sad
I've had all this... except for the last part.,sad
"Unhappy, I am.",sad
Fuck that guy for game 2,angry
"My problem was that Flashpoint ended in 1 episode, when it could've been an entire arc",sad
And I dub thee someone. An uninteresting name for an uninteresting person who has done absolutely nothing with their life.,sad
Probably out of desperation as they going no answers with the other made up god.,sad
"Hey, at least its not a fucking sauce post! We really need a new season.",angry
"Short answer, fuck no, don't ever fall for it. Don't make the same mistake Canada has.",angry
I get all the deja smells and it's terrible.,angry
HOLY MOTHER DUCKER,angry
Yup. Was so annoyed to see this making the rounds yesterday.,angry
"""Lmao """"guys I was *coerced* into sending her a picture of my junk"""". That just sounds dumb as hell """,angry
Who da fuck wears swim trunks to a competition,angry
I am more of a dumbass for building a $2500 308 AR-10 for my first rifle... regret it but just not willing to sell it till this day,sad
> someone. You disgust me. But seriously when do we get a real show and skip the constant ad teases.,angry
Mother’s Day is the worst.,angry
I want my fucking cake back.,angry
Pls end me,sad
That was painful.,sad
"I'm sorry for you, but that pic is in the wrong subreddit.",sad
"> So basically, if you're responsible with guns, you have nothing to worry about. I'm worried about *other people* not being responsible with guns.",worried
Next you're gonna tell me they didn't invent iron! The fuck?,angry
"""I just hate the """"I don't know"""" people""",angry
My hair never scrunched and I was so jealous,sad
It's kind of worrying that you genuinely believe that left-wing people are actively trying to destroy their own country. Approaching USA levels of ridiculous viewpoints.,worried
But it'll hurt,sad
"As a democrat, even I am afraid of a super majority. ",worried
>the satisfaction of knowing how bent out of shape you're getting What a sad existence.,sad
"Turns out, that daddys little girl is a thot, who also takes drugs. No wonder she fled her country.",sad
"We, the fans, are the losers here.",sad
Fuck I’m sitting in position 3 right now,angry
Oh thats weird. It opens the google maps app installed on my phone so i dont have that problem.,angry
This stressed me out,worried
"I'm not vegan cause I love animals, I'm vegan cause I hate myself. ",angry
I’m sorry. Your city blows.,sad
"someone wore shoes and killed millions. For someone like me, people who wear shoes have become a symbol of hatred and murder.",angry
I doubt that someone cares.,angry
"sorry fam, but this is a repost on this sub as well.",sad
I had 175/1 back in March. About to go to Vegas again and it will be disappointing to only get 12/1 this time.,sad
"Yeah I've been finding it so hard to not eat everything in sight since Christmas. I'm still staying under my TDEE, but I feel nasty. ",angry
Must be so frustrating having the wrong old man facing their own shutdowns.,angry
That such a sad flop someone,sad
No it wouldn't you dumbass,angry
I'm disappointed in you too.,sad
"""Oh, the """"Thomas the nuclear bomb""""? That scarred me.""",worried
I feel genuine sorrow for your family having to be associated with a cretin such as yourself,sad
I'm so sorry. She's a very lucky cat to have people who love her so much.,sad
Please tell me your shop didn't get you in trouble for that D:,angry
man whenever someone talks i feel like a deaf person because well I just can't hear shit,angry
So..... it looks like dude is willing to break his own neck to help a vegan who is choking.,angry
sorry should clarify ... have dinner / drinks and then go our separate ways to other events that night.,sad
I really hate this family. Nothing but snake-oil salesmen who's negative influence will reverberate for a new generation of young women who deserve better role models.,angry
As long as he knows someone won’t take his shit lol,angry
I was skeptical about it being huge but damn..,angry
This is so creepy. Good riddance to awful rubbish.,angry
“Attack on masculinity” I’m dying over here you fragile motherfucker.,angry
"Hey someone! **TRY DRAWING TWO CARDS NOW, YOU STUPID FUCKING BASTARD!!**",angry
Mug that fool,angry
Seconded. 8 years and I never reached the final castle.,sad
"I can see how you feel , THIS DID NOT TEACH A CHILD TO RESPECT ANIMALS and im ashamed and upset honeslty no horse deserved that.",angry
"Done, sorry about missing that before.",sad
"I wonder why the fuck out of this alive. well, there was a perfectly reasonable explanation.",angry
Came here to see if i was the only one. The whole edit is one gigantic mess.,angry
This hurts my brain,angry
I am vuri disappointed in you. You gained turdy pounds tis munt. Scale dont lie,sad
I hate this arm swing thing. Either try to sync up or just stop doing it.,angry
Damn.. fell for that one,angry
"Happened this afternoon, January 21, 2019 in the Central South-East area. So frustrating! ",angry
Well this is terrifying.,worried
It's nice for him to take time out of getting angry at people to lecture everyone.,angry
How do they know how tall you are while your sitting in your car. Such bullshit.,angry
It's super annoying. There is a reason I no longer speak to this person.,angry
Oh my bad I starting typing before you posted it,angry
Her accent!! I died.,sad
"damn, i always get in on these too late",sad
Women don't have penises so cannot rape by the legal definition of the word. They can sexually assault however.,angry
Correct What the fuck is the AAF is what im asking.,angry
"**Zigzagzigal-type Balance Suggeestions** - I feel like you are flying, why not get into a war with China who, because they had no alternatives.",angry
Conversion to make gay people straight. It's horrifying,worried
Seeing that knife on this subreddit put the fear of someone in me,worried
This is going to be a disaster,angry
someone as Manly's top try scorer is pathetically bad.,sad
Poor poor poor bastard,angry
It's pretty dangerous when the state decides which fictional deity is legitimate. For example the someone.....,worried
someone,angry
"You’re an animal, and you deserve all the shame/repercussions you get.",angry
I would smash both,angry
Can't help but feel that going down 3-0 is nerves and fear of playing someone with someone mythology. AO to someone is like RG to someone,worried
What a dumbass question to start with...,angry
I’ve never cringed so hard,worried
"Ohh salt would have been good, but I was too pissed off to not do something more aggressive lmao",angry
"Your not winning their hearts, your just torturing them and they end up hating you.",angry
You conveniently forgot nearly killing a toddler by throwing furniture out of a 14 story window.,angry
Technically it’s the abdomen. Stomach and belly are just informal synonyms. That girl is a racist and an idiot.,angry
Ya i hate to talk bad about don’t but they should get the sticks out of their butts and make smarter decisions for their community,angry
>Rise of Agon Literally the worst fucking game that man kind has ever managed to accomplish and you call him a carebear? Fuck out of here.,angry
I think making fun of him will just piss him off.,angry
NCAA is a poor barometer for scoring. someone was leading scorer in all NCAA for like 3 years running. Not even sure he got drafted.,sad
"In like 5 years, your entire high school career will be one entire cringe. Congratulations. ",angry
I compleatly get it. It makes me not trust people over the littlest things.,angry
I’m very sorry for the loss of your friend.,sad
" cute, new driver still cares. Come back in 4 months and u will be showing pictures of that bag thrown on the trunk. ",angry
WAIT IS THIS FUCKING LOSS!?!,angry
I won't stop crying 😭,sad
ITS TO THE POINT WHERE I LOVE AND I HATE YOU,angry
Which is weird because it also looks like dog treats,angry
"Been scoring big on the Groudons.. caught 4 so far. Edit: no, no shinys yet. I've had the worst luck with shinys in this game",sad
That someone missed layup is haunting me right now.,worried
I'm working on it. But there is always the fear lurking around....,worried
Look at downvote_me_moreYOLO's posting history. Looks like a UofT student from the GTA. Judge the source and throttle your anger accordingly.,angry
The very worst possible route they could have gone.,angry
I'm not to proud of them right now. I'm mad at them ☹☹ But big ups!!,angry
"Don't read, it just gets worse! ",angry
"Ahhh okay my bad I misread your comment, I thought you meant we’d be trading him if he plays poorly ",sad
I still hated the system though. I felt penalized for using anything that wasn't the power beam the entire game.,angry
3 weeks or so' away from her kid for some 'alone time'? I feel sorry for that kid.,sad
"What does that have to do with someone having sex with a child, what's the point you're trying to make with that piece of information?",angry
"Citation found, dumbass.",angry
"It's not like the picture looks bad. Wait, no, I take that back immediately. I can't unsee it now too.",sad
As an anesthesia resident this made me blow air out my nose at an accelerated rate for several seconds. Take your damn upvote you bastard.,angry
It’s more like a bunch of vaguely veiled racists and sexists and MAGAtards. Unless that’s what you consider “good.”,angry
You know he meant Golden Gardens. You are not discussing this in good faith.,sad
Id be pretty pissed if my prime didn't auto renew,angry
I miss big daddy buff,sad
That's unfortunate for you.,sad
I'm just glad I've never heard of this game before otherwise this news would be disappointing.,sad
I'm asking if you didn't realize orthodoxy considers not Orthodox movements to be wrong. I'm asking if you didn't realize what the implications are,angry
"hi someone, toxicity in a multiplayer game is something that should always be expected no matter the game cause people are assholes.",angry
Is the Queen movie bad? That makes me sad. I'm still watch it anyway.,sad
Oh... welp. 😑,sad
The “targets” so far has been guilty.,sad
Stop following me around you one hour old troll account.,angry
She would be devastated! Whatever you're going through won't last forever... this will pass!! Ask for help - find someone to talk to!,angry
bournemouth v chelsea took under 3.5 3-0 then in the 95th minute bournemouth grab another. feels bad man,sad
"Shut the fuck up, loser.",angry
Oh my goodness.....I'm sorry. It's probably gonna take a long time to cope it.....,sad
"creepy, the only way to make it more creepy is to leave it on her bed stand table to find it in the morning. ",angry
youve never played against a good support someone then,sad
"You're analogies are terrible and prove the opposite of what you were arguing, numb skull 😂",angry
I remember that one. It was so painful to watch,sad
Yeah we're just awful. Sadly that's too friggin' true just now!,angry
"You've been a sad boi around here for the last week straight, you'd do well to take a break.",sad
Palace please don’t fucking bottle this,angry
Sounds pretty typical from Toyota really. Been hearing the same story from too many people. Sad really because they were always the best.,sad
I tried to send this to a friend but someone knocked it away.,sad
Yeah but people are dumb and mesh everything together because thinking about specific situations is clearly too hard,sad
Disgusting making someone talk to this fat moron,angry
"Poor kitty. All you can do is give her extra treats, playtime and cuddles. ",sad
Seems like you're another guy who hates legion ;D,angry
It bugs me just how many people move over to be on camera,angry
We don’t like to talk about that,angry
Dude wtf that was definitely off Brooklyn,angry
"""Another reason to instantly kill people who constantly use the word """"awesome"""" for everything. This is just brainless mediocrity at its best.""",angry
You missed the chance to title it someone :(,sad
Kinda sad but... Okay then,sad
The mods deleted it I'm sorry,sad
I'm so sorry but just do everything you can for you and daughter and of course mom.,sad
Miss you...,sad
I was in the top 3 on solo and lost solely due to buddy having 2 concussions.,sad
Ya I sent one not too long ago.. I'll wait till my next try. Also I learned Sens a very crap selection for shot glasses.,angry
The one fucking thing my home town has contributed besides alcoholics and someone and its a fucking backwards feminist horseshit theory.,angry
"You're just lonely, dude. Don't mix that feeling with love.",sad
Oh she dead,sad
someone I HATE those.,angry
Fry a egg with that bad boy. And you got yourself a nice breakfast.,angry
"""All that condescension to spell """"capitulate"""" wrong. Shame.""",angry
I know 😢 it’s one of my life’s goals to see a moose in real life despite how terrified I will be lol!!,worried
if it shatters your little ego i'm fine with this. :),angry
"No, I don't mind all that much. I just hate being subjected to second hand carcinogens",angry
"imagine if this was a league youtuber. HOW TO GET FROM IRON 4 TO PLAT 1 INSTANTLY, ABUSE THIS BEFORE IT GETS FIXED!!!",angry
The humidity in Sydney is worse.,angry
It worries me that there are people that miss the meaning of a subject by so much. Your critical thinking skills sadden me.,sad
This joke is disgusting and offensive. Dictionaries don't contain proper nouns!,angry
That trade turned out to be a complete disaster for us. Too bad.,sad
Now I'm worried that cat will get salmonella :(,worried
"My favorite pod when they are fresh & clear. Sadly, all of my recent packs look like dark brown syrup pods. ",sad
"Yeah, all the stun cannonballs are horrible. ",angry
Sorry I failed to mention I'm relatively new to the scene . Last 2 years only,sad
My bad if I just leaked /u/keypuncher and /u/ibiteyou 's Christmas card photo...,sad
someone I’m so sorry sweety,sad
"Newsflash: Ugly people cheat, too. Cheaters cheat. Cheating is a behavior, not a look. ",angry
Damn you and your facts.,angry
I don’t care about this mission Texas stuff,angry
"Just eat your goddamn vegetables, someone!",angry
"We're worse to animals than we were 100 years ago, js.",angry
"I find it boring and, at times, incredibly annoying in all of the games. It completely lost its appeal somewhere around Black Flag.",angry
No room. Get lost. I cc u!,angry
He said he says it on his own but I don't want him to say it at all. I feel like their bio mom hates me,angry
Yea I saw that...had me worried for a sec but I had no trouble at Delta,worried
Damn you reply fast,angry
someone has gotta he replaced or that was just terrible writing,worried
I’m afraid it will eventually go that way.,worried
Downvoted because I stated facts ok...,angry
In my day I had to wait 20 minutes for the internet to load a single porn pic. But man I miss that dial up sound,sad
For sure...sometimes I feel like I will just evaporate into nothingness as the stranger in the mirror looks on.,sad
*snerk* People like this kill me. Idiots.,angry
Directly tell me why you felt the need to threaten my life.,angry
You probably can. They're shit at hurling.,angry
For me it is unwatchable after the greatness of the LD seasons.,angry
Yeah it’s the opponents club that should be scared of us! We are REAL MADRID!,worried
"""""""Oh no, my blue heroes died, it's probably very bad, time to concede"""".""",sad
He sounded so disappointed when he realized they just wanted sex :( Poor OP!,sad
Yes I was feeling bad that hes friends left him,sad
"For crying out loud, all they had to do was use the smegging wipers!",sad
The attempt was successful. He's crying and not talking to them because they're actually dead.,sad
I’m as terrified of Mr. someone just as much as any sane person but I don’t think we should *burn* him...,worried
Ireland because Ireland. Not me but i did something pretty scary.,worried
NOT THE someone ALBUM LMAOOOO,angry
someone and the Chicago Wolves (I'm so sorry),sad
People keep giving serious arguments but you keep replying “but mah happiness” Not worth it to lose time arguing with the likes of you,angry
"Such a sad, angry person. Take a break from reddit and go take up cycling or something.",angry
Wouldn't have it any other way. Fuck my DNA. Fuck nucleotides.,angry
"someone, I hate someone.",angry
"Sorry, but someone doesn’t even compare to someone.",sad
"What you fiend!!!!! But seriously, how do these guys feel about animals fucking then?",angry
"I feel personally attacked. Every time one little thing happens, part of me just collapses inside.",sad
"Shrug, ndp is still going to lose. I don’t really care how many there are.",angry
What? Who said I hated him? I dont give a damn about him either way.,angry
"I don't care, someone tweets make me uncomfortable and I hate him!!! - Liberals",angry
looks like got damn shoe leather.,angry
yeah see some of us come from youtube it's a horrible place never go there,worried
"this team is hard to watch, things that can so easily be fixed to make us great that are just persistent fuck ups and we refuse to fix them",angry
He did get 3 stars bro😭,sad
It's too bad they don't use that gorgeous high altar.,sad
"They usually do hoss, hence the steak and beer hard to be sad with good food. ",sad
"No, I was very interested in the game until this news broke. Now I’m a little disappointed. But at least I can opt-out. ",sad
Some people have thin skin and are unequipped with dealing with backlash.,angry
"6'3 guy who wants to be the smaller guy here, someone i feel you",sad
someone i really hate entitled people. Upvote if you think that EPs are worse than Antivaxxers.,angry
""">""""Fuck it Im on my way out anyway"""" """"Fuck it Im on my way out to Seattle""""""",angry
>i don't feel so good (mister someone). r/unexpectedspiderman,sad
Really bad trap if noone falls for it,angry
Bad defensive move by someone there,sad
"Oh god, someone is terrible. My kid loves it though, and Dr someone",worried
youre a disgusting piece of filth.,angry
Which is stupid because conversations about race and slavery in America are primarily about race in slavery in America.,angry
Every point you make is proven wrong lol. Just stop.,angry
"What’s irritates me so much is that rework ideas like this do all the work for ubi, yet they still won’t do it. ",angry
"I like simplicity of the Jersey, but the logo stinks.",angry
I was one of the best. I used to get at least 50 matches. Hair loss made me invisible all of the sudden,sad
"Basically he is trying to start something based on a lie, not good. If I were you, I wouldn't see this person again.",angry
"Partial reopening within the next two weeks for services to the someone, but unfortunately for some a lot of the government is never coming back from this.",sad
My husband never watches this show. Watching with me: “someone is a horrible dad. He looks likes he hammered. He’s so greasy”,angry
Stupid someone is playing into the Church's hands. What an idiot. He has an amphetamine addiction.,angry
Yep. Been there. Watching my baby crying while vomiting and her eyes looking at me so hurt was hard.,sad
Not censoring usernames is against Reddit’s rules...,angry
I high key thought this same thing then it was sad boy hours when I broke things up,sad
"""It's pretty stupid honestly. someone clearly pointed a bug and people are saying """"oh, it's a feature"""". ...seriously now.""",angry
This offseason has been so upsetting,sad
"Nah, lady will come to the resc... oh, sorry, forgot",sad
That's the reason I am terrified to wear contacts on duty. I'm afraid it'll get stuck between my contacts and eyes and destroy my pupils.,worried
"someone is a terrible writer, a raging narcissist, and not an actual friend to anyone. ",angry
so abused...,angry
Game: ok get out now Nea: a Game: no fuck you nea u toxic af,angry
"Gave ya an upvote but sadly, by reading this thread its not going to help",sad
"although he is best girl, he can never love :( he litterally doesn't have a heart",sad
I don’t know man I feel like this goal is just a combination of unluckiness,sad
"wow that’s really some hate there. I hated someone in the Office too, but he got okay since the third run",angry
"You're clearly upset tho, you're not doing a good job proving your lack of caring",sad
I honestly do not know. Chastise them for their hardness of heart and presumptiveness I suppose. I guess that is what someone would do.,angry
People need to quit flagging this post. If you come to r/stlouis then you are well aware we hate the Rams and someone.,angry
I’m sorry. It was nothing to be angry about,sad
"Sorry to hear that, brother. Why do you feel more lonely now compared to usual?",sad
Totally and sorry for that,sad
That's kind of sad to be honest.,sad
What's even worse: the deciding voter refused to support the subway because he was strangely obsessed with a horse & buggy transit plan from 1858.,angry
That...that was way more disturbing than the top level sub. What the fuck?,angry
"You’re heartless if you’re calling people who smoke marijuana “druggies” and I’m done arguing with you, have a nice day.",angry
More like thinks it's a pipe dream that isn't really worth talking about.,angry
"I'm saying someone is the pretentious one, and that the original commenter's response to him is a perfect mockery of the asshole ",angry
Jurassic world fallen kingdom was awful after they left the island,angry
May you find and skin the perpetrator. My apologies to your family. ❤,sad
"Sorry for the delay. Nanaimo's a union/mill town, so no surprise the NDP won.",sad
This really hurts my feelings.,sad
Studid fuckin idiot,angry
"Dad had a heart attack, but he'd been in a fight. Unfortunate circumstances. ",sad
Hey now I didn't flunk out of med school to be insulted like this!,angry
And I've no monkeys left.... Sorry man,sad
"I play those characters all of the time and have never, ever experienced this. ",sad
The fuck? That ball was still on the ground tho.,angry
You forgot >Having a $1500 debt on LES due to Finance fucking up,angry
It’s sexual harassment because it was done with a sexual mindset. It’s not that hard to understand.,angry
"Peeps poisoned our water supply, burned our crops, and delivered a plague unto our houses!",sad
America can out-lazy your ass any day.,sad
Wow. I hope that asst manager will be looking for a new job soon.,angry
Na. Rediting my post. Sorry for the ignorance.,sad
Don't ask women for dating advice unless you are a woman. The answers you get will do you no good.,angry
I’m disappointed that no one has suggested taking her up Oxo Tower yet.,sad
"Sadly, it was not",sad
You sure its not just the host quitting which disconnects everybody? Happens all the time and its incredibly frustrating.,angry
"Sorry if Im slow here but what does Milan or someone have to do with this? Hes going to Inter or Arsenal,no?",sad
Sadly my boyfriend's family is the direct opposite but we'll still make it work :3,sad
I can’t stand someone but that was heartbreaking,sad
Ikr. Who the hell goes to Greggs for *pizza*?,angry
I'm so sorry. Hang in there.,sad
That's until a golden retriever runs for office. Humans can't be trusted,angry
I hate it when mom and dad fight.,sad
It was stupidmancostume,angry
I hate everything about this.,angry
"Huge, huge internet hugs. My heart broke for you reading this. I'm so sorry you had to go through this. ",sad
"Bro, highmountain looking sick",sad
I’m tired of these stupid posts. Stop trying to become a meme. You’re ruining this sub!,angry
Omg her fake laugh there. I cringe.,angry
someone fucking dammit,angry
FUCKING READ IDIOT,angry
Woah woah woah... people have different taste? Stop trying to give me some perspective!,angry
I'm sorry but this sounds very much purposeful. How exactly is headbutting someone an accident?,sad
"Abso-goddamn-lutely. It’s the only thing I can think of that can make otherwise rational people defend rape, murder, genocide and slavery. ",angry
Goddam it!,angry
"Sorry, spelling someone Smearing* Motherfukers* ",angry
This sounds like the kind of comment my weird uncle would leave on my Facebook post.,angry
"Cop is stupid for upholding the law, I think most people here would beg to differ but wtfdik",angry
No...how dare you bring factual evidence into this conversation! /s,angry
that's like a kel'thuzad/kael'thas wet dream right there. Line them up for disgusting aoe XD,angry
Its ok we all know you suck scrub.,angry
"for how long, you arent fucking with me?",angry
someone dude I’m sorry. That’s their problem now. Bump some someone and keep moving forward.,sad
Could you imagine? That would be so terrible for viewers. 😂,worried
Oh for fuck’s sake.,angry
"I swear of all the people that dislike artifact, the gwent crew is by far the most obnoxious.",angry
Bitch ass n*** someone rooting for someone,angry
I'm really sorry you're experiencing this. You are not in the wrong. I hope you can get away from their control when possible....stay strong,sad
“someone = someone = someone” 🤣😂 It truly takes a DEVOTED moron to embrace that nonsense.,angry
"Both someone and someone were broken up, so it wasnt cheating.",sad
U dumb.,angry
I feel terrible for their daughter. I wouldnt want to grow up in between the middle of that.,sad
And then in a weird twist her family tries him for murder. Haha!,angry
"People will stop wanting to punch/jail these people when they stop being ignorant, selfish pricks putting newborn babies at risk.",angry
"People can't afford my products, i'm not selling anything. Issue for the producer to reduce price",angry
The way colt talks in that weird calm voice is like a psychopath. I hate it. It’s so condescending and creepy.,angry
"I have been saying this for a long time, he is way overpaid and the forward position is our main weakness since someone left. ",angry
At least you can admit you missed it,sad
"""She always says the most basic things""""wow he hit him"""" and her lisp is pretty annoying.""",angry
someone isn’t even a homer at this point. He’s just dumb.,angry
Worst president ever.,angry
If it’s weed I’m going to be disappointed. Can’t we all just go to the store and get it?,sad
You are totally right!!! Complete waste of time,angry
"Damn it, I only have 6 comments on this sub, I don’t qualify😞",sad
My wife is out for shabbos and I'm so lonely without her :(,sad
"It's so sad that people don't vaccinate their children. For every upvote to this post, I'll vaccinate my child in protest. ",sad
"Oh come on, can you just enjoy the damn picture?",angry
"Given that you're not a conservative and this isn't a debate sub, how about you just get the hell out and stay out.",angry
"Matinee games always scare me, but I have confidence in this team. LGI!",worried
Yep. It's pretty bad having to use work or a paid email and real name on a gaming forum.,angry
You’re an angry elf,angry
That's perfectly fine. I'm sorry if I offended you in any way. Have a nice day.,sad
The next step in human evolution is for humanity to end. Life isn't worth preserving.,angry
Never. I miss the opportunity of leaving earlier than I did. That’s about it.,sad
You're a horrible person.,worried
Holy hell I hate them so much.,angry
Whoa this is really creepy,angry
"Alright, so I googled aaaaaaand sorry for my misinformed mistake. Dunno where I heard that someone didn't win the popular vote but it was wrong :(",sad
That’s so incredibly rude and inaccurate. You can’t actually believe that.,angry
Your pedo-tache is only the fourth worst thing about your face.,angry
I used to really like someone. Now she is the worst :(,sad
> You don’t get to whitewash Libertarianism’s racist roots. Please educate me on this or educate yourself:,angry
"Losing my Origin account? Oh no, how else will I play thousands of other non-shitty EA games now?",sad
Wtf is a weeb,angry
Better than selling our souls for a fucking trophy,angry
"I will have nothing to do with this specter, who selectively appears to individuals and abandons others. No better than a cruel warlord.",angry
There are racist morons everywhere.,angry
because energy drinks are the most fucked up you can get while still being sober,angry
"Damn, that sucks.",angry
>someone One of the most horrifying stories I've ever heard of: the mom should be in psychiatric care and the doctor thrown in jail IMO.,worried
That's what is so stupid about this. My dog gets dreads on its ass sometimes when it poops. Is that appropriation?,angry
"Like, there is an insufficient causal relationship for it to be an expectation to work with assholes.",angry
You die.,angry
It's the lists fault!,sad
Seeing something like this without the usual “Wii music” is so... odd,sad
"i mean i hate these takes that because we turned the ball over 26 times, the rotations werent a problem. They clearly were",angry
Well.... it’s even more weird to drink the milk of other species..so...,angry
Holy shit he hit him hard,angry
Damn mods are just trying to offend everyone!,angry
That guy is gonna regret losing you the rest of his life. You know why i know this? Because i am him 30 years ago.,sad
I have failed you someone. I have failed you.,angry
What is with the pet worship? Should be more worried about your elderly relatives.,worried
No just take care of your body!!! Fuck that,angry
"Sitting here, waiting for the price to drop so i can buy more. I guess it's not gonna happen.",sad
"""I'm missing the """"funny"""" part. This is just someone killing himself.""",sad
Damn didn’t see it sorry,sad
That might’ve been the worst pass he’s ever thrown. Yikes,angry
"Ah, this may explain all the untimely heart attack deaths we hear about for those who opposed the state or whatnot ",sad
Eyebrow zits are the worst. I'd rather have a lip pimple than an eyebrow pimple. Also part of the fanclub for your eyes.,angry
Occupation badges are dumb and I’m sad they made the transition to OCP.,sad
I'm so sorry that your partner doesn't understand that you no longer want to put hormones in your body.,sad
This is my fiancé and I hate it,angry
"Dont worry, as you get older that will stop working or possibly even cause anxiety. ",worried
"It's back up now. Sorry for the mess with moderation, wasn't our fault.",sad
"I'm hoping it's more statistical noise at this point still, but it's definitely worrying.",worried
So I should definitely give up on real life is what you are trying to say huh? :(,sad
How about breaking into tears whenever one of your friends tells you they trust you because you never understood what trust meant,sad
"Not to assume things here but why would you gas yourself over someone, kid is a fucking monster",angry
It was a pretty shit joke that deserves it,angry
someone enslaved the someone and MLMs enslave...well...everybody.,angry
"No, sadly it was from a different person, thankfully not the original poster though.",sad
This mode is dead. Sorry :/,sad
It’s ironically calling British people ugly as a meme i guess,sad
I'm kinda the opposite. I always look dour and sad even when I'm not...,sad
What the fuck I thought it was normal to pee before taking a shower and like not pee in the shower Especially if it’s a shared shower ew,angry
Do your own research. It’s not my job to educate you.,angry
"I used to hate them too, but since vikendi I’ve gotten pretty used to them ",angry
He literally laid in pain on the ground after the fight longer than the loser did,sad
In the prequels the son couldn't save the mother. Maybe things will be different this time...,sad
It hurts to look at it,sad
Confronting people with footage from slaughter houses is a horrible thing to do in my opinion.,angry
I am clueless lately. None of my students parents speak English. It breaks my heart because I want to have more open communication.,sad
I’m not sure even know sits a fucking painter’s tool. I hate everything about everyone in this video.,angry
someone is unbearable. I wish someone had killed her.,angry
"BREAKING NEWS, local bartender found chained up in drunks basement!",sad
it made me cry too when someone return to her older self😢,sad
ARGH!!,angry
Oh my gosh! That light house!! Its terrifying!!,worried
You are reduced to attacking men for their biology.,angry
The true horror of modern democracy is enabling those who say pork roll to have a voice.,angry
I used to love watching movie reviews and video essays. But it’s seems like I can’t enjoy anything anymore,sad
I have 1200 hours and the highest i’ve ever been was silver elite. I should probably quit this game.,sad
I'm sorry for what happened to you. I guess you were sending mixed signals all the time.,sad
"""The fact that """"TrueChristian"""" and """"TrueChristianity"""" are so religion is extremely telling. The faith is dishearteningly fractured...""",sad
"Oh, apologies. Silly me didn’t think to check the sub first.",sad
Plymouth: Confederate flags Diesel pick up trucks Dead factories Heart disease and disappointment,sad
I’m so sorry for your loss... if you ever want to queue PM me for my steam,sad
..and it's awful. What a waste of money.,angry
He posted about white racists on a post that has nothing to do about racism. Pretty sure he is just racist.,angry
There is a special place in hell for drivers like you. I pray to someone there is.,angry
I've seen guys who didn't know each other start conversations about sports. It all seemed very effortless.,sad
Please don't think the way they're trolling represents us someone. I'm sorry this happened.,sad
"someone, someone get her a green card so she can clean rooms at the Super 8 and stop obsessing on social media. ",angry
My greatest fears are getting wooshed and not getting the joke.,worried
this is so sad Alexa play despacito,sad
"Nah man you need to have NEGATIVE IQ to enjoy that show, cuz the weed ain't working.",sad
I wouldn’t expect anything less than those deplorable traitorous trumptards.,angry
Little scrub didn't even make it through the first week of NN19.,sad
I've gotten injured before in RTTS from being hit (Bruised hand). 3 day DL.,sad
I'm so sorry you were bullied in a place you should have felt safe.,sad
I understand why... But it's so sad we have to lie... It breaks my heart...,sad
"They’re honestly a cult at this point. It’s not just sad, but incredibly scary.",worried
Its natural to fear what is unknown. Especially when someone is trying to force you to open a sketchy box while probably grinning the whole time.,worried
Poeling is looking like a fkn stud. Imagine our C depth next season... someone... holy fuck,angry
I am annoyed by autoplay they added on hover - and commercials would make me drop the subscription instantly.,angry
This is maybe the lamest way you can say that.,angry
What's good kid? Sorry for the racism.,sad
"never, because I actually married someone I wanted to be with l, and didn’t fucking betray their trust, unlike you arseholes ",angry
I mean. Wtf is there to do online. GTAO had a shit economy but at least had things to do,angry
"""I thought the army would be like the top image. """"Then why the fuck did you sign up as a someone OP""""""",angry
That scene made me think of Arizona a little bit tbh. I think I'm missing someone*,sad
If someone doesn't drop a someone tribute tonight in his intro I'm going to be hella disappointed.,sad
I think someone is honestly just a whack job.,angry
FYI: Time in Europe works the same as in the State. We do not have 'weird time',angry
The incorrect number of O's has depressed me,sad
I shouldn't be tanking this much rating after even a year bro. You don't understand how bad it feels to be in this garbage elo.,angry
"That's awful. I'm glad someone doing better, but he might have serious trust issues for life. ",angry
It usually comes out after people catch me dissociating.,sad
I'm a guy and I'm squirming. My wife asked me what the hell I was reading and I told her. She said wtf really loud.,worried
"Well it didn’t work that well, I mean... they lost",sad
This isn’t a “someone” this is a company.,angry
"I couldn't be a god, I hate harp music.",angry
If she is an INFJ they can be quite caustic and verbally abusive at times.,angry
I've read the series through 4 times. There is literally zero reason to believe that.,sad
"No, i'm arguing that if she calls someone disgusting for how they act it's wrong to act like the other person is an asshole for retaliating. ",angry
it's not but damn i'm sorry to hear how common this is,sad
"Apologies, I take it all back as I’ve just seen his latest effort",sad
Living is exhausting.,sad
How dare you hate someone,angry
Angry old men raise their canes when angry. Raising Cane's is a fast food chicken finger chain.,angry
"Ugh, someone. Gross. ",angry
£20 per child?! That is ridiculous! You can’t buy much of anything for that! I am furious on your behalf!!,angry
What a load of crap !!,angry
"Yes, protecting women from sexual assault is offensive.",angry
someone was horribly inconsistent this year,worried
"Don’t do this. Unless you’re a total prick. Communicate like an adult, don’t play games like a child.",angry
and everyone else is worried about themselves not paying attention to you,worried
Fuck my life,angry
And then attacking you as a person when you say you'd prefer not to be stalked and murdered. Sorry but your friend is a problem.,sad
"Sorry I am foreign, and might have come across wrong. Anyways it has to happen at some stage?",sad
"Kind of wish they recorded a video of the shard of glass moving through the heart, we would all pee a little in our pants.",worried
Poor attempt for karma I think,sad
That's the same thing 8 year olds use to try and get my items in video games. The guilt and shame strategy... Pathetic.,sad
poor someone is in jail now for assassination.,sad
Shock collars are horrible. They poor pup. 😫,worried
Sad face it is,sad
I hear she eats babies on Sundays. (The rest of the week she goes easy and just punches puppies),angry
"""Boy just tell her to """"calm down"""" or """"watch her tone"""" and get it over with.""",angry
If we trade him I don’t think be will be a playoff team :(,sad
.... That literally made my stomach clench. I can't believe they are charged for the samples... Just eww.,angry
"Yeah, It's just difficult to resist the lure of the dark side.",sad
Because they want to. Why do you act like a goddamn weirdo about stuff like this?,angry
"Unfortunately I'm guessing their toxic attitude will alienate them from others, which will only make them more angry and resentful.",angry
"It would probably be horrifying if we tried, when a bug causes an integer overflow and resets our aggression levels. ",worried
Yeah this angle is nauseating.,angry
"Man, I miss those days. LA is pretty much dead now.",sad
I legitimately want to brutally murder this person for saying that about us autistics,angry
"I tell them I've been a fan since the very beginning of the franchise, so there's no way I could be a bandwagoner",angry
Been getting this same feeling these days.. idk what it is I just have no drive anymore maybe once the cwl comes back it’ll help,sad
This really shows how young and ignorant most of them are.,angry
"We all saw it, my American friend. Now go and fix your government.",angry
"someone help us, if that's what she's saying about Catholicism 101 stuff, I shudder to think what other terrible information she's putting out",angry
"Turn off your phone, computer or even the internet. It is scary to do but just for now when the urges hits.",worried
"Sorry mate, you’ve got the wrong sub. This is for **bad** UK.",sad
No one does... that what makes it so provocative.,angry
Ooohh... someone wouldn't like that!!,sad
"Yawning at the insults to me, not the Woman",angry
This feeling is so bad,sad
I miss someone,sad
What a load of old shite.,angry
When traffic is moving it is definitely not legal nor safer. I hate how dip shits like you spread false information on this someone forsaken subject.,angry
Guilty of doing this tbph,sad
someone fuck those creeps,angry
I think they are tied together. It is very difficult to maintain desire if you cannot accept things about that person.,sad
29? Double digits are too damn many.,angry
Freaking hate cats (that are like that),angry
oh god this is the worst,angry
What's worse is using self destruct without the pilot DLC. You just die :(,angry
"Yeah, a lot of people conveniently forget how devastating spacial apartheid was, and how permanent it's effects were designed to be.",angry
"My best friend waited 5+ years for her boyfriend in prison to come out. Two days before coming out, he dumped her.",sad
They should fight to have Vans remove the religion star from the back of their shoe.,angry
"It’s crazy how invisible, worthless internet points control us",angry
Damn have they not heard of shelters. Bro go adopt a pupper.,angry
Inland Empire must be objectively the worst film ever then.,angry
"You're definitly an asshole, or a troll. Maybe both.",angry
Insipid shite so far. We look mid-table.,angry
These are some of the lamest threatening letters I’ve ever seen. She’s a metahuman who can you murder people with her voice.,worried
This sounds like a toxic relationship for the both of you. Seems miserable... I’d hate to be in that relationship,angry
I almost didn't finish this stranger mission because I just *knew* it was going to be bad.,sad
"Vanity is a sin, someone wants us to hate our bodies",angry
I passed the aftermath of this wreck on the other side of I-20. What a tragedy.,sad
"""I find that even when I wear a hat, I """"look religion"""" and get the same hate.""",angry
I’m sorry,sad
up shut fuck the,angry
Don't let your high expectations of government disappoint you.,sad
"That was a hell of a tip, that happens",angry
"If you are not going to kick him out, then don't complain. It is all your choice",angry
"Sorry, should have searched for the artist's name. Karma Decay is a lot less reliable than I thought it was.",sad
In what fucking world is this drawing not bad,angry
bored waiting for the game someone,sad
I mean it’s kind of weird that they miss that part we’re the Bible acknowledges other gods for selfish reasons,angry
"Sorry pal, it’s actually one of my least favorites :/",sad
"No compromise, the Democrats are finally showing some goddamn backbone. ",angry
He is way overrated.,angry
cool... Sorry bro,sad
How so? How do you keep stupid people from voting?,angry
I feel left out... I never get invited to our new world order meetings with our elders of zion,sad
this was hard to watch but i’d take it over the grungy redhead talking about her full tummy 🤮,angry
"Just gonna be mean here, those are all hideous :(",angry
For fuck sake... just go and remind them it's the quiet train!,angry
"Malevolent as I've ever been, head is spinnin'",angry
Cool. Would be happy to know if this worked out for you. I had wasted a bunch of time like you did and was getting frustrated.,sad
Even if it’s available 24/7 on your new website 99% of it is ugly so people still won’t buy it.,angry
Please point out my fallacious line of reasoning instead of insulting my intelligence. You are an example of a bigot that thinks he is wiser than everyone else.,angry
Stop. How can you watch someone these past years and think he has 2-3 years left.,angry
Well he gets an A+ for fackin over the people!,angry
That’s a terrible amount of bp for 11 kills,worried
"> someone X-Wing in TLJ appears to be a newer model, T-70, like someone. that make it even more stupid....",angry
If you really think a horror movie needs jump scares then I feel bad for you son.,sad
I'm sorry but data and facts are more important than the emotional experience of having lived through something.,sad
Right?? It makes no sense she’s horrible,angry
That’s one pissed off someone,angry
Sad but true,sad
"I went through that phase, I was quite depressed. ",sad
Is your job my job? Because I don't know what it is about hardware stores that make Ppl stupid but hell are they stupid...,angry
People are legitimately monsters.,angry
I was living for him. Now he left me. I'm not gonna live anymore.,sad
"Philanthropy really scares some people, doesn't it? People did this to someone too. ",worried
I blame someone for this series of unfortunate events,angry
Have thought most of the game was OK with some bad calls both ways... These last 5 min tho...,sad
Hate those ~~things~~ Tweets.,angry
Yep. Seriously painful to read,sad
They added it back for a short time but removed it shortly after.,sad
Oh someone that was horrible,worried
I watched a really bad horror movie she starred in but I think it predated VPR.,worried
"Man I'm sad, he was my favorite someone when he left (someone heir apparent) and I was ecstatic when he returned",sad
"Her septum is crooked I'm hoping from the chain to her ear, but it's super irritating and I wanna snatch it out her face.",angry
"No more someone from Georgia. Suck it you old, ugly hag.",angry
I use to get this but now I just get ghosted.,sad
Back at it with the crazy religion conspiracies I see. Did you stop taking your pills?,angry
"I tried Skelth, it's pretty old and feels like not too active anymore.",sad
The fucking worst game in the world.,angry
I read it as him taking her virginity. Raping her...unless it was consensual and she WANTED to lose it.,angry
Yeah that's what I meant but I wrote it stupidly. Did you start with really low weight? Like really low?,angry
Allow me to describe the shock and awe I experienced seeing this: **Fuck no why u do this?**,angry
"Worse, he murdered King someone in the most cowardly way possible. Both in the books and the show. ",angry
Where did you hear this? Sorry I never heard of this and I'm kinda interested now,sad
The whole team looks awful yet half the comments in here are still targeting one player.,angry
Where in that sentence did I mention US backed CIA coups? You're fucking shameless.,angry
It's probably because your posts are extremely dumb and bigoted,angry
I unfortunately can not afford a lawyer. Luckily the only thing that we shared is our daughter,sad
Mrs.Frizzle has found herself on hard times.,sad
"Death treats are for immature people, I'm sorry you received them. Comparing you to flat earthers is not far off though.",sad
~~New?~~ We~~’ve had em~~ in Oakland ~~for a~~w~~hil~~e ~~now and they still~~ are a mess.,angry
Damn... METOO,angry
The new movie doesnt even look very good honestly,sad
How come nobody even reacted?,angry
Dude that was in like October abandon all hope,sad
What a REPOST! STOP REPOSTING THINGS PEOPLE LITERALLY JUST POSTED.,angry
The word nourish makes me cringe now tbh,worried
Nice! I missed the Babybel.,sad
you fucking moron,angry
What a weird and slightly creepy thing to come to mind as a reaction to this video. /s Edit: apparently indicating my sarcasm was necessary here.,worried
I will call the police if you dont stop harassing me,angry
😥 I feel so sorry. He'd be proud of you. *Hugs*,sad
“No no no no spit that out right now!”,angry
DON'T TELL ME HOW TO LIVE MY LIFE.,angry
> This isn't where I parked my car Seriously I can't find my car.,angry
"If they're not spending this year on someone or someone, I have no faith for them to spend on big free agents in the near future",sad
That was the first thing we tried and we could not get it to work.,sad
im still starving,sad
I just saw a snot nosed brat eat a croissant on the subway and got crumbs all over and the snobby rude mom left like nothing happened .,angry
"already exposed when h2k went 2-16. Sure they didn't have the best players, but going 2-16 means the coaching staff should also shoulder the blame.",sad
"I'm sorry, but that poor kitty looks miserable.",sad
That's how I used to feel but contracting oneitis added a heaping shitpile of loneliness and agony on top,sad
I'll miss the podcast,sad
"As bad as this sub was in the 1st quarter, our announcers were just as awful.",angry
I agree. But shooting him left me feeling bad too.,sad
Sorry man. Didn't realize I was talking to a Russian spam bot. Please give my best to someone.,sad
it depends on the page you moron.,angry
Since when can a family member drive against other familymembers because you both own it? That would go horrible if that argument was valid! What the hell!,angry
I’m tired from working hard and I want someone to snuggle me to sleep,worried
At SkyZone with the kid getting some energy out. Next up is a dentist visit...ugh,angry
I just see a car incessantly hogging the middle lane despite being undertaken on the inside!,angry
I'm missing something,sad
"I’M NOT ALLOWED TO EAT THE SKIN, DEE! I’M NOT ALLOWEDDDDD!",angry
Those other countries clearly exploited to shit? Dats cuz it's not mah someone. -You with your big brain logic.,angry
Sorry its such a long post guys,sad
Nothing like a little bit of whataboutism. We can think they're *both* idiots.,angry
I’ve lived in Florida. Hurricanes are *much* worse.,angry
Lmao what's the difference neither one is refrigerated. People are fucking stupid,angry
Sadly I don't think even half the people who watched the game are gonna hear about that.,sad
"Oh, their theme gives me anxiety.",worried
Dumpster fire. I cant quit you Edmonton!!,angry
Sadly that's probably the worst game I've ever seen someone play.,sad
Wimbledon’s instagram posted about someone and his relationship with the Open and I ended up crying. Not ready for him to hang it up,sad
"thats the future right there, robots trying to help but destroying your whole home in the process. ",angry
"someone also slept with his dads mistress, someone is weird",angry
I miss someone,sad
" that’s actually sad, feel bad for him :/",sad
Gawd but someone is a bitch.,angry
And the douche social media obsessed guy who left the used condom on the side table!,angry
It is pretty disappointing when you can't pet a service dog that's cute but the rule has to be followed.,sad
"Oh I remember that final , I just dont want to involve my team in the conversation because we share a rivalry",angry
WHY HAVE I NOT SEEN YOU? WHERE THE HELL HAVE YOU BEEN?,angry
"Ah my apologies xir, did not mean to offend",sad
I'll second this notion. One of the first things to go is texting when I start getting sad.,sad
"Where is you fur, human? You're a disgrace for all young generations",sad
Worst in the country by far.,angry
"Lack of content, which led to shipping wars, which destroyed everybody’s minds, which created this.",angry
"Yeah, I’m at the dh store. so it’s far but not that far. People really are horrible. ",worried
Because it's straight up untrue. It's a new ce idea but anyone relying on the sentiment is going to be repeatedly disappointed.,sad
That sounds frustrating!,angry
Nope. You're a weirdo.,angry
"Say what you want about me, I can take it... but stop slandering poor defenseless someone...",angry
Don't you even dare try to put any blame on someone,angry
I friggin choked scrolling up to this,worried
That arena announcer is irritating.,angry
"I had a panic attack when I saw that, thinking that I slept for 3 years and Hall was a Duck.",worried
If you use one of those two I automatically hate you,angry
Holy shit they fornicate like rabbits!!,angry
someone damn cummonists,angry
Competitive Deathmatch was a huge reaper fest last season :( Had many games where everyone was reaper except maybe two people,sad
All of their Saints are psychotic idiot who died for nothing. People remember them as horrible people in death as they were in life.,worried
Well. Good... they should know they've pissed me off,angry
We always look so hot headed at road 😞,angry
"Had a baby before, those movements should be the last of your worries",sad
this comment made me very nervous,worried
"""So your sticking by the term """"extremist"""" for this massive chunk of the population.""",angry
I heard this was because of a bill that happens to go in affect during the Government shutdown.,angry
"Didn’t know if you knew, so I was just trying to give context to your statement. Sorry. ",sad
"That’s kind of what we feel. But yeah $12 an hour, cost of living sucks though. ",angry
I’m so sorry for your loss and even more sorry about your mothers shitty reaction. I hope you’re doing better. ❤️,sad
Nicknames like that get me all hot and bothered.,angry
Sorry to hear that was all it got :/,sad
Not surprising since about 85% of all dating relationships end in a break up.,sad
I hate betting unders.,angry
It's like an instinct for idiots to downvote without even reading a comment first if they sense the word vegan in it haha,angry
I’m autistic and frankly this is disgusting. To say this about your child implies autism basically makes you worthless.,angry
i managed to craft that super early in the game and i was so disappointed that i basically could not get drunk,sad
It’s a shame that the name of the man doing the kicking is lost to history.,sad
That was brutal.,angry
I am so sorry for your loss and all the stress you have right now. All the internet hugs you want right now! <3,sad
"As someone with sinus and breathing problems, this makes me anxious and short of breath just looking at it.",worried
Nothings better then 2 teams that know exactly wut happend/parents that saw the game two coaches and a ref no good lawyer needed rlly just those people to talk,angry
He'd hate me. My standards are even higher.,angry
Fuck Up would be more appropriate. Fuckin marketing wankers.,angry
Shithole universe i mean.,angry
You fool you're using logic on a show that is clearly not bound by any,angry
I am not running around talking about how I am going to beat up my kids teachers. Not sure where you got tough guy from that...,angry
i want the little polly pocket heart purse so bad but i ain't paying hot topic $40 for it,angry
You'd think we don't have anymore tears already... It's been 62 years of crying.,sad
> She fucked my bumper up and I will forever hate her And her insurance didn't repair it because???,angry
"Blizzard was working with Activision long before Hots. I'm afraid its too late now, to divorce.",worried
I'm sorry for that.,sad
Fuck taking the high road. If I’m someone I’m blasting the officials when I speak to the media.,angry
There's so much missing information that is hard to dissect. Did you initiate the divorce? What was the reason for the divorce?,angry
"""""""I CAN CLEAN MY OWN VAGINA NOW!"""" Kills me every time. """,angry
This is full of bullshit,angry
You can see the regret in the eyes,sad
And in the worst fashion possible.,angry
Devastating to hear of any news like this :(,sad
Right? I hear too many horror stories of people ordering online and not getting the copy on the release date. I would be so pissed.,angry
She just missed her shot at a champagne douche.,sad
"In 5 days bones would not be crusted over,sorry not buying it.",sad
"I was assaulted by my father once too. Please don’t hate yourself, it was not your fault. It was his doing. ",sad
It's weird. You might be right to worry.,worried
Why am I crying rn...,sad
Like a turd in a big toilet,angry
"Damn, even here in CA the gun haters almost invariably exempt law enforcement from their crusade.",angry
"it's quite a large red flag. It depends on the context, but if they are in her dating league, I would be suspicious. ",sad
. The only thing that matters is that someone was murdered and those responsible must pay.,sad
I do but no one wants to play with me I at least try to play by my self but it gets really boring.,sad
In Canada you should probably be more worried about moose than bears,worried
I’m so sorry. <3,sad
Oh noooo. I once accidentally rubbed my eye after handling habaneros. It's the worst.,angry
This is extremely dangerous. And would completely marginalize anyone without a chip. Making it an absolute necessity for everyone to have a chip.,worried
Oh look another shit call,angry
"Oof, yeah sorry my dude, it came across as pro-wall to me. Probably what happened with others as well.",sad
Worst radio ever.,angry
I've seen a number of them on there. I regret seeing most of them but some are legit movies.,sad
I was scared of my room and even when I fell asleep in my bed I would sleep walk into my mom's room,worried
"""""""Why everyone hurts me?""""""",sad
I went to college in his hometown. He's a grouchy old man who cares a lot about politics,angry
just awful I'm gonna throw a barbeque to get back at them,angry
"""""""I refuse to argue with anyone born before 1980: They don't even know how to rotate PDFs"""" That is exactly how this stupid argument sounds""",angry
Take the child from them! Wtf? Theyre so dumb. You always secure the kids seat!,angry
Yeah I tried to apply but with being partially excepted I think it would be hard to be a sub,sad
Yeah it's a weird thing people do,angry
Please elaborate on that story! Ive always been afraid of exactly this happening to me.,worried
"This shit had me howling, which I can't say happens too often. Didn't expect to see comedic gold in that sub.",angry
yup - he threw someone under the bus with no guilt,angry
Which three of you motherfuckers changed it from 666 upvotes when I clicked on this post?,angry
Sorry *ss Crabtree is there so it's a possibility.,sad
"I know you can’t read this, but I feel really bad and hope you learn to read soon ",sad
I try I do but I retreat to my bed every time because I can’t handle it,sad
What the hell,angry
These leaks are actually very credible. It's sad that you guys let Hate and anger blind you from enjoying the experience.,sad
"This comment is basically 10 words of “I didn’t read the article!! But boom, I’m edgy af”",angry
Theres the link I use you stupid fuck get the fuck off my post you fucking shill,angry
BANG motherfucker!,angry
"I‘m sorry this guy is harassing you, check his history, he‘s trolling.",sad
Honestly tho. Please stop posting this. We've been seeing this shit since at least 2003 and I was born in 02 ffs,angry
"Yeah, he's trash. ",angry
>+. I’m in my early 3 Exactly This. It's the worst.,angry
that made me feel bad for nw,sad
Well all I can say is I'm sorry and May someone open your heart one day.,sad
His hair looks fucking horrible 😂,angry
Bless your heart. Mine hit me at Thanksgiving. I’m so sorry.,sad
This team needs to tighten up in the third. Absolutely brutal.,angry
Worse than selling your soule,angry
"""I put """"haha"""" after everything I say because I'm insecure """,sad
"""someone dude I see someone so rarely that I forget that he's the OG """"Fuck this character fuck this stupid game"""" king. """,angry
Now I hate the giants as much as the next but they're 4th in average attendance and percentage.,angry
your character's so broken!,angry
Very sad news for the man. Widespread travel disruption is expected for the evening commute,sad
Because someone was playing awful in the first two sets. Absolutely terrible.,angry
"roll a blunt, walk over and strike a conversation.... or mind your fcking business",angry
"Hm so sad. Am I supposed to feel bad for you because you don't look like someone phelps? Btw, he's on steroids no doubt",sad
"Yes, all the time when I can tell somebody is upset with me. Allistic peeps really refuse to communicate clearly it’s the worst!",sad
And then there was the on who grabbed mom’s breast and tried shoving ot onto the ba y’s mouth.,angry
someone BREAK THE GAME. WHY HAVE YOU GIVEN ALL THE KILLERS A FUCKTON OF THEM. ITS SO DAMN STUPID.,angry
"Tyl has got to be the most cringey, condescending thing I've seen on Reddit in a while.",angry
Yes. Half the posts on this sub are about posing. I think the pose she is pulling is ridiculous too...,angry
I don't understand our immigration restrictions. It's not like we don't have room up here,angry
Who the hell thinks he isn’t overpaid,angry
That ice is dangerously thin for such a hot take.,worried
AV is a system where if you vote for a loser you can change your mind and 'have another go'. That's the problem.,angry
"I think they'd do ok (Sorry but as an INTJ a lack of my thoughts here is also bothering me, too)",sad
"Always remember that when problems get hardcore, Pornshit will be there to Worst them.",sad
This is not a legal issue. Take it up with your school if you don't agree with it.,angry
"Oh man, there isn't enough popcorn to enjoy this.",sad
Unfortunately no one usually fights for their rights without a martyr,sad
Edgy bro.,worried
Such a disappointment,sad
"I agree with everything. Yet, society and its stupid outdated, conservative norms see it otherwise.",angry
"If the kid knew what she had on her mind, he's been corrupted way too young..",angry
Completely disgusting.,angry
I honestly couldn't care less if we lose or not. I'm over the moon about someone and nothing could make me unhappy,sad
She's a bloody sociopath.,angry
"Oh someone, me and kiwi or pineapple. Or that feeling when a tortilla chip gets stuck in the roof of your mouth",angry
TV shows. And occasionally movies. I stopped Interstellar at that stupid love speech. Never finished it.,angry
"I fucking change my mind, something wonderful has happened! Please don't make me go dead, tomorrow.",angry
It might be the other way around! They seem to have a lot of awkward conversations while eating dinner.,angry
"Man a 29 year old broner can't beat a 40 year old pressure fighter, broner sucks ",sad
"Morocco sucks, I don’t blame you for not wanting to go",sad
It's weird because sometimes I care and sometimes I don't. Although I wouldn't call myself an asexual I could be leaning more towards demisexual.,angry
"Eh, Level 7 is pretty serious. Give me my Massif and I'll survive anything.",angry
You forgot about cats. They’re all talking about their cats.,sad
Fuck daesh *,angry
You'll feel better about yourself if you don't act like an asshole to people who care about you.,angry
Gotta offload this crap somehow.,angry
Sorry the cognitive dissonance is too much for you. Why don't you go back to listening to Nickelback? It'll make you feel better :),sad
"What the fuck? Really? That’s horrible. That’s probably illegal. If it isn’t, it should be.",angry
Vancouver is even more ridiculous.,angry
no idea how someone was a someone or someone. just awful,angry
Here we go. What’s wrong with them.,angry
Wasn't expecting these feels man. I'm so sorry for your loss!,sad
"Yeah, it’d be weird to have two green arrows running around. ",angry
"""The fact that this podcast isn't called """"Z-Targeting Dio's Balls"""" disappoints me greatly.""",sad
"Ugh, he sounds like a slob and you should leave him.",angry
Don't fucking disrespect the World's Largest Love Machine ever again,angry
"As much as I’d love someone to be gone, i know they never would ",angry
Replace smug with thug and you'll see how racist you are,angry
"someone damn, she must fuckin’ STINK.",angry
Hmm.. I means what's the point.. there's not gonna be much difference since both of em aren't doing good.,angry
I think I'm kinda the same way like I change up so much everything I say feels like a lie... See just did it again. Fuck.,angry
I feel bad for all those kids whose parents decided to homeschool them so they could be professional HOTS players without all that stupid learning getting in the way.,sad
You're going to seriously regret this in a few years.,sad
"First I was afraid, I was petrified...",worried
Literally nothing. Every single thing on my body is ugly. I'm not exaggerating or imagining things.,angry
You want to fix them. You can’t. This was a hard life lesson for me to learn. I also am a giant loser magnet.,sad
To bad trophy wife doesn't have 4th place.,angry
The Cavs didn’t even want someone. They just wanted to fuck with us.,angry
What a douche canoe to take advantage of you like that.,angry
This cut so terribly deep and touched places I had hidden away. I'm at a loss for words.,sad
Pissed at you for not allowing them to live in ignorant bliss?,angry
Or the long con. My Dad guilted me into taking care of my Grandmother for her.,angry
How is one not amused by that? I can't imagine being angry even if it was my lunch. lmao...,angry
Never said that. Not once. Punishment isn’t slavery. Unless you’d rather just kill lawbreakers,angry
Burn wait someone already did it sorry,sad
Fuck you for making me read this.,angry
"Agreed, rarely get mad at ones like hun or darl. Being called boy by an old man however is infuriating.",angry
Ahhh someone its in my eye.,worried
Soon: Mass death of pink-skinned Aussies.,angry
It's even worse when one considers that they are intent on moving to Europe and that by moving to a developed region their carbon footprint will increase significantly.,angry
Go cry somewhere else please.,angry
"You know more liberals want more gun control than regular someone do, right? ",angry
"Yes, is there any way we can do this? Cos fuck that POS.",angry
"Eesh, really sorry for your loss.",sad
We really missing JV,sad
My office has very few personal offices. Its awful. Managers need closed spaces so they can talk without everybody hearing,angry
I’m feeling the same about the nets and hornets. I’m only worried the hornets can’t cover,worried
someone makes me want to punch ugly pillows.,angry
In sorry but that seems like quite a shallow grave...,sad
Omg stop spamming.,angry
I do the 4-second gap as well and is it infuriating to see someone take advantage of it.,angry
But he is. He won’t talk to us. someone damnit OP answer us!!,angry
"Get a card that says “Sorry about your loss” on the front, then on the inside write “It’s me. I quit”.",sad
The saddest thing is you will never understand how absolutely idiotic what you just said is.,sad
Another episode of idiots with guns,angry
"My bad sorry, what I meant to say is ‘for our winning season’ not ‘in our’.",sad
Because I suck at lying and they will have to find out about him eventually,angry
Sounds like a really bad time. Just wait till you have a nice time and place to trip.,sad
My 3 year old is an asshole. His 8 year old sister was also an asshole at 3. It gets better!,angry
"If you’re being contentious, then I have no interest in discussing this. There’s plenty of other threads you can search.",angry
No noodlebox for you then. Sorry.,sad
You're just a fuming democrat and all I hear is angry democrat mental gymnastics.,angry
"Then there you have it. From everything I have seen thus far, this game is doomed. I hate saying that.",angry
"""ITT: People saying """"I'm doing to get downvoted for this"""" and then not getting downvoted.""",angry
He probably banked on the inherent secrecy of the community and ignorance (on Belgian law) of his victims.,angry
I don’t think anyone will miss me either aha,sad
Sounds dreadful.,worried
"Dude, y'all anti American scum don't even believe in science. Fuck off with your generic bullshit because you can't list a specific example. ",angry
You're a mean person.,angry
They are probably waiting for his harasser to pull a someone. Filthy men.,angry
Based on that cars wheels it is now very tired.,worried
"I was dispointed in 5. it was clearly thrown in to sell 3, as they wanted to make 3 not 5 D. ",sad
No need to bully me.,angry
The Vikings....they make me the most angry.,angry
"That's just....sorry, but stupid is the only correct word.",sad
Sorry im a french guy,sad
"Not only does the overbooking hurt the customers financials and time, but violations like this one put lives in danger.",sad
"You finna be nauseous as hell man, Dont stress it though just throw up",angry
I get scared just reading your flair,worried
Fuck someone for continuing to give her a platform.,angry
I dated a guy from Steamboat Springs Colorado who used to do this. He had an immune system made of steel but it was absolutely disgusting.,angry
"I hear ya man, it sucks that we live in a world where we have to worry about so much nonsense instead of just being ourselves. ",angry
No worries. Just didn't see them. My bad.,sad
"They are dangerous AF. I had a student faceplant and break her face, and my daughter's friend hit his head and is in a coma.",worried
I’m so sorry for your loss. It’s the smallest things that take up the biggest part of our hearts.,sad
Oh sorry I didn’t realize that journalists weren’t actually autonomous humans that can think for themselves.,sad
It makes being ugly even more pathetic. All that work just to create suffering.,angry
Ya it’s Bamas league to lose every year,sad
Palms had a rough game against PHL. Seems a bit off lately.,sad
"""But still, crying """"castrate all pedophiles"""" because they could be potential rapists is like crying """"kill all men, they are all potential rapists."""" """,sad
"He was an awful HC, is in his 70s and has repeatedly said he doesn’t want to do it again. ",angry
I hate that I was young enough to not remember this but old enough to remember the next Super Bowl....,angry
What a fucking bozo,angry
Why the fuck do people have these conversations in public,angry
"Man, these fourth quarters, the Nets are on some someone shit. It just seems mental now",angry
Sometimes people that are around each other a lot just get to be friends. Sometimes people ignore that their friends are actually terrible people.,angry
"Thats just dumb, u are stealing from people that just want to live a good life cuz other were unlucky, they were also unlucky by being born.",angry
It's kinda sad knowing that ibises are only scavenging our bins & rubbish due to their natural habitats drying out.,sad
This is so infuriating.,angry
"Yeah, but nobody takes McD's hamburgers seriously. ",sad
I dropped him around week 6 and let somebody else deal with that headache,angry
This person should be outed to the world. What a reckless pos,angry
Also someone raised money because so many of his subscribers are dumb enough to confuse an Indian company with the country of India.,angry
Man I thought someone was going to be the real deal. I wanted someone gone so bad around that time.,angry
I'd say the pecans is the biggest mistake,angry
"Everyone hates guys that talk shit and can't back it up, don't start shit when you suck.",angry
This sounds so painful. I am so sorry. This ED is literally a demon.,sad
Your driving makes me sick someone,angry
sorry. I don't want to put words in your mouth.,sad
"Apparently, he can't just have sex with anyone because he needed to rape someone.",angry
Fucking hate someone..,angry
Sometimes I wonder if people are that stupid or that malicious,angry
I joined the casuals on the couch and curled up in horror while watching this,worried
sorry it was absolutely not like that,sad
He said i am being rude to her,angry
...silly walks,angry
He is a moron.,angry
"I've been putting off scheduling a dental appointment for a week because of this, I'm just too anxious to pick up the phone and dial. ",worried
"Fucking monophanie looking ass floating with the dead, nice.",angry
"Oh yeah, it's really dehumanizing to have respect for people's private property and not steal it from them whenever we feel like it...",angry
"Miami is supposed to have beautiful people, but these camera shots of the crowd sure as hell aren't showing them.",sad
I cringed and flinched. That’s a bad day,sad
"Lies, damn lies and statistics. ",angry
"Based on her other post she's young, pregnant and possibly homeless. Looking for help and advice.",sad
Still saddened by the fact that we never got to see prime someone vs prime someone.,sad
Anthem is a good 45 min from Scottsdale and the rush hour traffic is a nightmare.,worried
Gaaahhh. That one would hurt.,sad
Only children are scared to take trains by themselves ...oh wait.,worried
"Enough already. I'm sorry that the breakup is going to be painful, but you can do much better. ",sad
I was afraid of that .,worried
that sounds disgustingly sweet and yet i want to try it,angry
The point is no 13yr old is perfect and shit happens that doesn't mean they were scumbags that deserved to die for making the wrong choice.,sad
The ruling class doesn't care. Their only goal is to plunder and loot the country for their own financial gain.,angry
Shut up 15 year-old,angry
"""Without Googling it? Are you kidding? (Please don't look up """"kidding"""" in the dictionary.)""",angry
That was straight up reckless,angry
This kid now: fun yay hahoo This kid as a grownup: I regret everything,sad
You monster! Think of the children!,angry
No problem! I was upset I couldn’t chose a female rose grey bay Arabian in story mode. I wanted to name her Rosé,sad
Lakers truly have the worst fans,angry
"yes, please do I'm worried about her D:",worried
He died 4 days later of dehydration,sad
"This is being said about every fucking update that lowers the skillgap. Yes, it does change the game because we're already affected",angry
"Not really, the save file has nothing to do with the engine.",angry
Oof lmao sorry buddy,sad
The more you wind me up the worse it gets for her later on,angry
This guy fucking gets it.,angry
Sorry to be the bearer of bad news,sad
> But you will probably find you are noticeably worse looking at 40 than you are at 27. Well that's disappointing.,sad
"Fuck you, that's how",angry
Disgusting!!! Where were the adults? The adults probably felt proud of their sons. Fucken toxic culture,angry
But doing those things makes me feel so.... icky.,sad
"Just like you can't underestimate the capacity for evil, you can't underestimate the capacity for stupidity ",angry
I hate that you've forced me to deal with a reality I've been blissfully ignoring.,angry
Today on someone flamed me in chat,angry
I once looked at the I-95 and was hospitalised for weeks.,sad
Whoever wrote this article has no concept of what’s going on what so ever. There assessments are miles off the mark.,angry
Dang. That IVF story. I feel so badly for that woman oh my god,sad
...and show some respect to her parents!,angry
This moment always reminded me of being a kid and turning on Nickelodeon only to find Nick News with someone. Ultimate disappointment.,sad
That was your saddest shortest story yet,sad
STOP GETTING FACTS FROM someone AND THE CORRUPT STATE ..lol,angry
Kindly shut your pie hole.,angry
It's annoying. You always gotta give the other guy a chance. That's how MMA works,angry
"It's great, though kind of painful if you ever had dreams of writting/drawing/making a comic/game/novel it hurts a lot.",sad
I... can’t tell if sarcasm; because literally all of those positions involve cynicism.,angry
"Yep, just PC this time, sorry",sad
He only does it when I'm playing a fast-paced racing game where I need to always see where I'm going.,angry
"Why the fuck would you go for pizza, subs or pork rolls in texas?",angry
I find sativa makes me paranoid/anxious as hell. Indica calms me down more. Smoking too much of any strain makes me anxious by time though,worried
It's seriously terrifying!,worried
How aren’t you in fucking school,angry
"""The biggest argument on your side is depreciate costs. You could challenge their concern of """"getting fooled"""" by getting the car inspected by an independent.""",angry
Was almost hit by some idiot yesterday that drove straight through a red light and into a crossing.,angry
"How can you be so stupid... it’s called climate change, there is so much research on it. It’s just blindly denying science..",angry
Fuck you I was in the bed:/,angry
Yawn. They’re toxic together and their only trait seemed to be getting naked together.,angry
"""i dont think theyre planning beyond """"screw over them liberal educators that are ruining our children with their sjw bullshit"""" themed rants""",angry
I’m to scared to tell them :(,worried
Your appearance doesn't magically look objectively creepy just because you're a creep. You're being stupid.,angry
Bad luck you’re in Beckton,sad
“Real men”. someone be more offensive.,angry
I lost a six pack this way once. For a good year every traffic stop became a field sobriety test.,sad
"Well, since everything in Australia wants to kill you, I'd say it is quite healthy to be afraid of Australian spiders, and other flora and fauna ",worried
But don't you see it! How dare she show two inches of skin...,angry
This is why I clean my belly button every day. That’s disgusting,angry
"I'm sorry you had a bad experience, that's horrible. But that number saved one of my friends lives. Different for everyone",worried
That was a fluid motion and it scared me,worried
"I'm sorry but someone, someone and someone are my favs this year (and I hated someone in her Season).",sad
I’m pregnant and my dog is with my parents across the country while we renovate. The feels were too much 😭,sad
"""r/mildlyinteresting's stupid """"guys look at this thing I made aren't I cool??"""" posts are the absolute worst""",angry
What’s the clip from? I’m scared to put “teen boy good kisser 900 number” into YouTube,worried
"""""""While we've decided not to hire you for this postion mr. someone, we have an opening at the ticket window""""""",sad
That is an exceedingly rare failure. I read an article about this guy. He was just stupid and stopped there.,angry
This is disgusting.,angry
"""Ah the classic """"I don't deserve you"""" argument.""",angry
Thats weak as fuck.,angry
"I'll kill you if you do that again, *honey*",angry
"I'm terrible sorry, /u/bookluvr83, but I'm afraid I must join up with the giving-you-crap-for-not-liking-brownies bandwagon. ^kidding ^^^kinda",worried
When that intro drops I get so into it and scare my cat,worried
You are entitled to live your life the way you want to. I never said you weren't. You really are just disappointing.,sad
someone so much hate.,angry
"You're a freak, you dirty dog you.",angry
i'm so poor i don't even know any horse girls,sad
Just throw them into a pool of needles. That'll teach them not to steal ever again.,angry
I’m guessing you don’t take bad news lightly. I’m sorry bud :/,sad
My husband died outside the church Damn Vampires,sad
I’m so sorry :/ always happens to the ones who deserve it the least. feel better♥️,sad
1 is the lie. I'm cheating because I remember this convo from last week.,sad
AND THEY ARE REALLY ANNOYING WE MADE FIRST CONTACT 30 YEARS AGO AND THEY'RE STILL SENDING US TERRIBLE MINION MEMES,angry
That's the main reason to play someone? I hate it too.,angry
BEHOLD THE GREAT GRAIN someone BECKONS US TO ITS CHAMBER! FOLLOW ME MY FELLOW BIRDS INTO THE ABYSS!,angry
Maybe slw the fuck down eh,angry
Oh fucking come on,angry
Stop believing everything you’re told.,angry
"You can lead a horse to water, but you can't make it think.",angry
Justice for that horrendous no call,angry
I didn’t even realize it says it right there. Sorry,sad
You just posted the same thing but made it worse.,angry
"someone? Yeah, that one hurts.",sad
"i would feel really uneasy knowing i can never visit other countries, i think i would rather have the 50K",worried
You forgot about the someone congresswoman.,angry
awful vehicle physics that cause you to instantly die when hitting small bumps and certain angles! WHY!,angry
#Fuck the cowgirls & iggles,angry
See but it’s so common an attitude that it didn’t come off that way,angry
Oh heck oh frick,angry
"My hospital has this already, I thought everyone did. Can’t get an IV? Tried a crap ton of places? Call the IV team. ",angry
There are worse things!!!:,angry
**Lost** children. Issues we face today are likely fabricated from the bottom up.,sad
"Yeah, sorry, I was on the mobile site, and wasn't able to delete it.",sad
You’re hardly qualified to talk.,angry
This probably not a good file to keep on your phone if you are accessing this from within...,angry
And I thought they smelled bad on the outside!,angry
You shouldn't force someone to come out you know. Now look at what you did! You killed someone! You bastard!,angry
He's being so unprofessional. He's out for blood for some reason.,angry
"That's freedom of speech for you. We have to give even the assholes a chance to talk, because the alternatives are worse.",angry
You've violated rule 4. Please adhere to the rules of engagement.,angry
You are disgusting.,angry
that looks like a nightmare.,worried
"Welcome to racial integration, where your civility standards are racist and you better shut up or else.",angry
I know it’s out of control!,sad
Worst advice ever. This would piss me off.,angry
"No, stop! He'll stop cranking the job machine if you insult him again!",angry
My father has been dead for two years and it's still been difficult to not talk about him as if he's still alive.,sad
I second that motion...with A VENGEANCE!!,angry
they should just stop broadcasting road games,angry
When has the Alt-Right ever been working class? Its always the richest white guys who are horribly socially inept.,worried
You are retarded,angry
I thought this was a torb skin and I was about to die,worried
In my mind. I forgot everything :(,sad
The first article on their is talking about the someone documentary...? E - there*. What the hell is my phone doing,angry
"Wow your sister is in abusive relationship, cool. ",angry
"Damn democrats, if they think they're caring for the children, why don't they just change the weather then, never thought about that one. ",angry
Braindead people blocking lane is pure cancer. But the most horrible part of your story is that you got stuck in checkline line for 10 sore minutes.. Wow.,angry
sorry im deaf i can’t hear you,sad
I’m broke as shit and already do that.,sad
My worst fear when I finally get over someone Those damn what ifs,worried
"THIS IS NOT DETROIT, MAN! THIS IS THE SUPERBOWL!",angry
WHAT. It says due date 12/31/18. Did she have the kid yet? Oh someone I feel so bad for her and that child...... nooooooo,sad
My someone... This makes it so much more cringe.,worried
Well that’s sad. It might’ve been funny if it was fake.,sad
I tried that. It doesn't work out very well. You become a machine.,sad
This is awful.,angry
looks like your fake autism you used to use for attention still has its side effects :/,angry
That opening is quite terrible tbh,worried
someone!,angry
This is on a video about electric guitars what the fuck?,angry
"At this point, LSC only exists to give socialists a bad name.",angry
Let them argue. We've never done anything remotely as bad as MOST OF THE WORLD does routinely.,angry
Fuck me daddy,angry
What kind of response is that it's so shit,angry
An accurate but depressing assessment of our political system.,sad
Sorry then?,sad
"""""""I lost control"""" would have been an understandable explanation. """"It lost control"""" is not. """,angry
This post is not going to age well.,sad
"Sorry, didnt realize. Anyway an r/woooosh so...",sad
"Would breaking her jaw and hands be out of line? She couldn’t call or text, what a shame. ",angry
Aye the party left me. Now I'm stuck in with this old boys tadger staring me in the face.,angry
someone is not a smart man. Giving a fraud a fucking card. Like wtf,angry
Because there isn’t an unlimited supply of beautiful 20-year-olds.,sad
"""Welp, my bad. Searched for """"new year"""" and didn't see this so posted.""",sad
"Yeah, that's why I'm not feeling like there's much I can do except vent.",sad
I see BOTW and now I'm waiting for a group of grown men to watch shitty old movies.,angry
Fair. Actually fuck the last few songs on Bleach.,angry
"Sorry, but getting shot at causes an almost instinctive natural reflexive reaction to shoot back. I guess I'm just weird like that. ",sad
"Made me so angry to read that, I almost downvoted your comment. Upvoted, for sure. Grr! ",angry
Your mother is an idiot. If she somehow proved that you were an unfit parent to your children your stbx husband would get them not her.,angry
Every right requires someone else's labor. The whole - / + rights thing is a stupid argument.,angry
"Sorry, but you probably do given the AVers do have a limited literary skills at the best of times.",sad
Because Im going to feel sorry for the death of someone who assaulted me. Sure thing buddy.,sad
So you're a liar.,angry
Danggit. Im mad i didn't think of that,angry
Losing to cruz azul smh,sad
"oh someone, the fumbles.... all the fumbles",angry
As if they're going to go through that much effort... they wont even walk up the stairs to get to the box,angry
Drive thru is the worst. The number of times people would sneeze in my face at the window was infuriating.,angry
are you dumb bro? please watch again and don’t downvote me for stating facts. holy shit you’re inept.,angry
I think this title is biased. It groups all media improperly.,angry
Both consenting adults so nope not creepy,worried
It’s a smart move but also hurts the business and possibly false. It’s rude.,angry
Get out. And take your facts with you.,angry
YOU SHUT YOUR MOUTH WHEN YOU’RE TALKIN’ TO ME!,angry
Oy! NOW THAT'S REALLY PISSED IT OFF!!,angry
"What are you even talking about? I'm sorry you don't like someone, get over it.",sad
Fuckin Finnish spitz out there bud,angry
I hate watching someone play I can tell before he steps over half when he’s gunna shoot or pass. His BB IQ is atrocious,angry
someone THAT HURTS DON'T DO THAT,sad
1k followers on Twitter. Seem to have no sponsors. Not looking good,sad
From the South and can confirm that someone is an idiot and should be saying brink.,angry
"""Claims to be """"against sexist someone bros"""" Hires a sexual abuser as her top advisor""",angry
Eat the damn rich already!,angry
I actually don’t mind Sudbury to Nipigon but whole North Ontario sucks overall.,angry
OH MY GOD!!!! The poor parents must have gone from gutted to PISSED in a matter of moments.,angry
Had such a hard time cutting up the steak,sad
I hate having to take my shoes off!,angry
"But tbh, i dont think i am disgusting, but my feet still get smelly after a while ",angry
This is the kind of crap I'm talking about.,angry
Sad... RIP,sad
Downvote me into oblivion but both someone and someone shot around 35%. However one they say he balled out and the other one was struggling.,angry
"Bah gawd, she is broken in half!",sad
Avoid Blount St and Martin Luthur King or risk death. I’m not kidding.,angry
I would be more offended to be served cereal on a plate.,angry
I flew off the handle and that's my bad.,sad
"It better not as I only bought the bloody thing last week! Sorry, guess i'm still in shock from the kettle dying.",sad
"Just because you lack critical thinking and reading skills doesnt mean i am a moron, it means you need to learn how to think for yourself.",angry
Mom.......MOTHERFUCKING CRACK,angry
Leafs would have won this game if it wasn’t for that bullshit overturn.,sad
I live an hour from one but was afraid of driving all the way there and them telling me that I have to order one.,worried
Oi he got stabbed in the eye,sad
I usually do. I didn’t stay up until midnight the preceding Sunday thusly I missed out on my block-hoarding opportunity.,sad
Journalists not writing the headlines remains one of the most frustrating aspects of print media on digital platforms.,angry
I can’t call anyone Daddy. Not even my Dad. It just feels weird and creepy and I’m not 4.,angry
"She really does and She really isn't! She's an old, tired ass, busted up, con artist hoe!",angry
I also relate (and regret),sad
I am so sorry. My kids are the only thing keeping me going. The loneliness is agony.,sad
"They've actually gotten a bit worse :D Started with just a dry cough, now it's pain swallowing, stuffed nose, but the cough is now better",sad
> It's crazy you don't understand this. i r o n y,angry
"She later drunkenly slipped on her puddle, fell onto the tracks, and was run over. RIP",sad
Now this is poke choking!,angry
"It sounds like you’re the one who is afraid of the internet. Relax, bud. You’re on r/cringe ",worried
Reddit hates women.,angry
And then you see some idiots in the street walking with their speakers listening to reggaeton out loud (at least in Spain).,angry
Use a damn rubber,angry
Your coaching is terrible.... be ready and see how someone uses someone,worried
yep. I feel guilty for throwing them out but they're basically useless.,sad
Who fucking cares. People have sex all the time. You're just an asshole for trying to to profit from it or ruin her.,angry
"You know what’s ignorant? People who spend their free time making themselves look like a belligerent, disputatious assholes. Find something better to do. ",angry
Too many scammers and time wasters anyways!,angry
I know right! I was mad and then blamed myself cause he’s scared of thunder and there was a storm while I was gone.,angry
"Dude was posting about the score, as-in, “are you kidding me, we lost to the kings at home on a last second shot”",sad
Laziest team I've ever seen.,angry
"Hi Tired, I'm Dad. And I'm very disappointed in you for following your older brother's example and becoming a trap that poses for /b/",sad
"""Three words, no subtlety. """"Dude. Stop. Seriously."""" """,angry
"It involves a relationship with a girl so I need a girls input, sorry I’m not sexist or anything.",sad
"It’s all the anger, it ages her terribly ",angry
"Man, fuck that shit. He lost us the Sonics, he has no business running for public office.",angry
"""Eh. People really are judgemental towards """"hoes"""", so I don't blame them. What is stupid is to shame people for having sex.""",angry
"AYY! Anti-Semitism! Didn't expect that from AnCaps, but I'm not surprised.",sad
"Actually made me feel worse. Kids are always back there, death would have been guaranteed had they any.",sad
Right... so true. I’m sorry you’re going through this too.,sad
Such a disappointment. Mobile games are such a shallow replacement for a full sequel. What a let down.,sad
"It's time to feel the fucking Bern, America. ",angry
I'm afraid I'm gonna have to go with what he said about an hour ago. Unicorns. He just ruled out any sort of,worried
"Ah, alt right thinking. Afraid of people who have anything 'upstairs,' or 'between their ears.'",worried
Sorry for your loss. Thoughts and prayers.,sad
"If there was Romanian news being covered, I'd want to hear from a Romanian reporter... this is the worst take I've ever heard.",angry
Damn that coyote was a fucking noob.,angry
Logan Square also has the most rats (or reports of rats anyway),angry
This is uncomfortably lame,angry
Take some time to ponder why you fancy yourself intelligent when you revel in pedantry and can't even understand such a simple point.,angry
The titles of her posts are somewhat dramatic and I have avoided her because of that,angry
"I feel stupid for not looking at her bio, but I do have some more pictures ",angry
Well that sucks. The disconnect reconnect and keeping your bloodpoints I mean. The accidental vs purposeful disconnect seems fair.,angry
"But the battle dynamics are sh*t. Every other ME is better in that respect, especially the squad AI is bad. Really bad.",angry
Um yea. You’re being creepy. Stop stalking her,angry
Her Twitter checks also clearly a fucking idiot.,angry
"I stand corrected, my apologies to the mods. I'd personally like to see more banned or removed but at least they handled the most egregious.",sad
"Sad thing is, I wanted to, but I’m stupidly awkward...",sad
"Because people that comment on YouTube videos are toxic, filthy heathens.",angry
Not happy.,sad
"You are actually an idiot. Not it is not a proven fact, it is a biased stereotype. It is definitely derogatory. ",angry
Scary times we live in.,worried
"Sounds racist, fetishistic, sexist, and objectifying.",angry
"Hate the taste, switched to a plastic nalgene bottle",angry
She got the death penalty...? fck me.,angry
That's what you get for not washing your mouth for months.,angry
oh someone I unleashed the beast,worried
the act of using private companies as platforms to push indoctrination is no less vile than state run companies,angry
Not funny....,angry
It just seems extremely insensitive to say that. That’s the real problem. It invalidates the other person’s suffering.,sad
Confirmation sounds really scary and sketchy. I can not not think about cults and rituals everytime...,worried
BALL DONT LIE,angry
"Yeah I regret ever moving to Leduc. It's one of the most backwoods, proud-to-be-ignorant communities I've ever seen.",sad
i am retarded,angry
I feel a tad lost without it now that my drive for football has vanished and basketball and hockey simmer one. The show's every night after all.,sad
"Sorry bb :( I understand that feeling all too well, haha",sad
But what did he druer? Sorry. (Im not sorry),sad
Players need to have Agency over their characters. you did not. total crap. :(,sad
Same. But the 21 point lead drew me in.......who knew you can lose by double digits leading by that much.,sad
Still waiting on someone to tell me how GIFs are terrible and I can’t afford to watch anymore of them.,worried
"""Now you ruined the surprise!""""""",angry
I genuinely teared up when I heard it in the game,sad
"Nah, you should have just listened when I tried to warn you about fake ",sad
Damn. And loosing all Progress on the first Char ?,sad
For the love of someone stop making him relevant. Please.,angry
"""someone I hate bad mondays at work! He needs to fiind a new job, this one is full of ”bad clients""""...""",sad
Yeah I don’t think someone wants you to fuck my wife/his girlfriend anymore you cuck,angry
"The foul, smelly dump I just took > fallout 76",angry
It seemed weird to me as well. It's just 10mcg of cyanocobalamin with some fillers like corn starch and celulose.,angry
Only an idiot would visit places like China or NK. Arbitrary abductions and detentions against foreigners have happened for a long time now.,angry
> Places of business need wider tables and open seating Open-plan Offices are a Disaster.,sad
"someone, it's like nobody learned a single thing from the game.",sad
"""Without even talking about diabetes, you really must be an asshole to celebrate overeating and call it """"progress""""""",angry
Fuck this guy,angry
“I am going to be going through a nasty divorce in a few years so I will need the money.” - someone,sad
My son told me he hates me,sad
Some people might be into that. There are some freaky people out there.,angry
"Ouch, that hurts, would've won without the injury",sad
I still think he should have been the first goalie in the 2014 World Cup. But alas that injury ruined everything.,sad
someone’ ego has turned him into such a bully. He seems to get off lately on witch-hunting and encouraging his “sisters” to harass people.,angry
That's the worst urinal ever.,angry
Sorry. I read that as newly white and it cracked me up.,sad
Being in a 3 person friend group fucking sucks sometimes m8 I feel like the least loved a lot of the time,sad
I wanted to bring to others' awareness here to the site and its absurd name. I've removed the link now above.,angry
This post fucking sucks because it doesn't cater to my beliefs.,angry
"I know you're annoyed, but can this sub not be a place to post screenshots of poor opinions from the other sub? It's getting overwhelming.",angry
"I did too. A shame, because it looks to be a good movie otherwise.",sad
What a sad story.,sad
The fact half the level has no fucking music is a real pain.,sad
She clearly was too afraid to speak up.,worried
There was a horrible accident,worried
Argument a month. I should be so lucky.,angry
"“Why are you complaining, every team would’ve signed this guy”",angry
"What I learned last year was not to read the comment sections, because it used to get me hot!!!!! ",angry
Holy shit I was so anxious reading this. I’m so sorry,sad
Sounds painful man,sad
Goose don’t give a fuck,angry
Iirc congressional opposition was the main obstacle for closing gitmo. I could be misremembering but that's what I remember,sad
"They understand alright, they just don't give a shit. Bunch of fucking scum.",angry
"Depends on the drug. Weed makes me antisocial and when I'm in public, I feel paranoid and I feel like everyone knows I'm high.",worried
Or perhaps we should look at the bigger problem: mental healthcare in the United States.,sad
Lol thats Why i lose my Games cuz i Play with bots like you. Do the World a favor and go back too minecraft Lol,sad
God. Damnit. Ever since HS hockey players have been my fetish... This is almost too much...,sad
Same thing with Urgot mid. It looks absolutely trash even in LCK.,angry
God damn I miss this game!,sad
"It's probably more like when the only tool you have is a hammer, everything looks like a nail. I'm so sick of this paranoia.",sad
oml I’m so sorry OP for all that,sad
"Tbh I've never found the porn ads arousing, I've usually found them annoying, stupid, really clickbaity, or hilariously cheesy",angry
Danm you can hear that little bastard squeaking.,angry
I am really disappointed in everyone today. Not a single murmur was mentioned. People only murmur in someone world.,sad
"And we play for 6 dollars, this makes me so angry we need a big ass casino in that game",angry
"> like beer, is a waste of time Sir you forget yourself!",sad
I wanted to slap her when she told him she could have died and it would be his fault.,angry
It infuriates me how many layers of tape these things have sometimes.,angry
Vans are ugly as hell. You just cant make a Minivan look mean. Also why are they trying?,angry
Or you just get rejected and then not murdered and your anxiety worsens until you can no longer approach women or even men.,sad
This made me sad,sad
Nah no one can help me,sad
Now THIS IS shitposting,angry
You took a HUGE risk. He paid....now be ready for payback time!,angry
Box up all his stuff and put it outside the door,angry
"Only 150 calories for two so it's not as awful as a tub of ice cream. Still a bad message, though",angry
"Likewise, Reddit has just gotten strange recently, sorry for misinterpreting.",sad
This is the worst advice I've ever read. You should be ashamed for posting it.,angry
It doesn't justify singling one guy out when the whole team played bad. Even someone had a bad game.,sad
I'm disappointed that this isn't real...,sad
Still not as bad as someone not being able to figure out how to push a god damn button.,angry
"Ah sorry someone, I was going to join. But your desperate posts scared me away!",worried
WHAT A DISGUSTING START,angry
>!This really crushed my soul!<,sad
That was a terrible pass regardless. Wasn’t close,worried
Just get pissed next time he asks and tell him to fuck off Some people just think they can take advantage of people who help them,angry
"""The amount of actual debating about who is """"best girl"""" is fucking ridiculous Jeez, y'all need to chill""",angry
"Arguably they do, otherwise they wouldn't be out protesting for support?",angry
Why not touch them? then don't shove people out of lifts. that's hardly civil. just WAIT and let people get off.,angry
I'm so sad.,sad
"I'd hardly call them innocent if they're reveling in the thought of more mass shootings. People like that deserve worse, quite frankly.",angry
They've all fucked your mother. Just ask them.,angry
I'm sorry someone. I won't do it again.,sad
EWWW yes. This makes me shudder. All wet and gross.,worried
holy crap that's messed up.,angry
This person shouldn't be allowed to drive ever again.,angry
Stick your -isms up your ass.,angry
Opposing ethnonationalism and private property is hardly a weird hill for an anarchism to defend,angry
That's a weird answer.,angry
" Turkey's situation is bad, but still nothing compared to Venezuela. ",sad
Awful taste hmmmmm,angry
"If it's Fttn, then not much, maybe worse, because it's still using that shitty old rusted copper running through that same old leaky pit",angry
. . .k but it's unlikely since unless you're a liberal and a woman thinking emotionally often shouldn't be a thing.,sad
He already sucks. Let’s just nerf him some more.,angry
He was aggrieved that people didn’t recognize him and recognized steroid users instead.,angry
Praise someone your taste is bad /s,angry
It’s broken garbage. The most broken unbalanced tekken game by so much it will make your eyes bleed and give you a brain tumor.,angry
Fear mongering.,worried
Fire the ux designers and yes also our beloved someone,angry
someone that is frightening...,worried
I had a similar fear last month after exceeding the two hours in a Homebase car park.,worried
Same here. It’s very hard. I really feel for you.,sad
Go take a shower your personality stinks,angry
"If it was low-fat mayonnaise, their response may have been justified. That stuff is horrendous.",angry
someone freaking someone all the people down range just staring. -_- GO INSIDE DUMBASSES.,angry
"No, YOU’RE crying!!!!",sad
VUC YOU IDIOT!!!!,angry
The one that is a sentient being; the one that's most affected.,sad
The someone of horror!,worried
"""Ahhh, the old """"if you don't vote the way I do, you're a big dumb idiot"""" gambit. """,angry
You quack!,angry
> so much misinformation > No hazing or violence tolerated whatsoever Lmao wut,angry
I'm gonna say that I hate Randazzo's because of their terrible icing. Haydel's is decent and ships.,angry
I learned that recently driving into SLC for the first time in the rain/snow. I couldn't see shit. 1/10 Was scary.,worried
It's not uncommon for OTPs to not use their mics or stay out of chat all together because of all the flame they get.,sad
I've been playing for years and it's still a bitch for me to lay off balls.,angry
my little abomination,angry
??? Where the hell is this article getting it's data from...,angry
I really liked this but holy shit I miss my AR shots compared to like 1440 or even 1600,sad
"I'm worried he's too small. I love his quickness, but sub-170 is scary for a guy that'll be running over the middle.",worried
"Same here man, terrible feeling",worried
I’ve had to remove fallen trees on snowy roads because the forest service is not working as much. Shits a little fucked.,angry
"No, I generally feel like slugging them in the head repeatedly with an iron bar. Spitting is just petty. *Let your hatred flow!*",angry
Yup. How sad is it to admit I'm jealous of the ravens run game and defense 😣,sad
"""""""You know, this should have never happened."""" Well no shit you dumb ass!""",angry
Sorry but imma hit you with a fat (X),sad
Be adult Pay taxes to govt Be deemed incompetent by people with different views Feels bad,sad
What the fuck did I just read?,angry
I thought about it before. But I'm afraid I might get in trouble.,worried
"Fuck me, that is good. ",angry
"While out at the beach for a weekend for her birthday. There was no final straw, I just wanted to. ",sad
"This team was nowhere near legendary, filled with legends sure, but incredibly disappointing.",sad
I’m jealous.,angry
"I’m not gonna lie guys, if we help a team break their 9-game losing streak I’m gonna be pretty upset.",sad
Only issue I have is that tiramisu is a beautifully layered cake and all of that is hidden by the container,angry
Hence the apology note.,sad
I tip my invisible hat anytime I drive past this dealership. What an unfortunate surname.,sad
"Fuck it, it's time we spend not adding to the debt",angry
"""Upon the third strike, the ump cried """"Why don't you make like a tree and get outta here!""""""",sad
There is an actual subreddit for cheating. It's disgusting.,angry
Yes. You fucking troll me every time. Fuck you.,angry
"Like women don’t have enough things to be judged on, now everyone is talking about our eyebrows..this is the most ridiculous trend to me. ",angry
I had one of those... my cat broke it.,sad
It's the top comment. How weird.,angry
Found the selfish and shitty anti-vaxxer in the thread. How many of us have to die before you get your fucking kids vaccinated?,angry
“We only let him jump around for 12 hours a day!” Wow. I’m so sorry this is happening to you.,sad
"No point trying to hang on to players who are not committed to the club. If this is true then good luck CHO, all the best. ",angry
"If the goal of this show is to consistently find people with horribly annoying voices, I have to say the producers are spot on. ",angry
"Missed that part, but now I see where you are coming from.",sad
Women wear makeup to threaten other women. It has nothing to do with men. Same w all their weird mutilations.,angry
How dare you not find domestic abuse funny! /s,angry
someone did a YT vid and now everyone trying to be like him. Sad!,sad
Damn this kid and her fancy clothes makes me feel like a bad parent.,angry
"someone was such a disaster at OC, I really don't feel comfortable even implying he's in Schotty's league.",sad
Hard to follow after reading his post history. Says he is divorced...,sad
This might be the worst FO in Orlando magic history,angry
Holy shit.....just holy shit,angry
You've aged horribly',worried
Sorry actually someone runs this one. someone runs the daily wire. Also I didn’t see anywhere in there where she said that,sad
I feel your pain 😪 i got scammed $1400 in November. I felt like a dumbass for falling for it too.,sad
It is so crazy to me that people unironcally use “kicks their trash”. I guess they just don’t want to swear.,angry
Right? It was frustrating (and concerning) that he used such bad reasoning when his job is to curb phishing :/,angry
"DWIGHT, NEVER YELL AT THE CUSTOMERS",angry
Yeah that last one made me hate her the most for some reason.,angry
I saw the video. It was more awkward than anything.,angry
"aw too bad im 6.5k, you arent extremely good. ",sad
Shitpost from the uncultured,angry
Smoking a pipe whilst laying some pipe. Fantastic.,angry
" I don’t give a F F the haters F all the haters Much love, no hate Machines within, machines within",angry
You stole this,angry
How dare you make an attempt to be kind!,angry
I’ll just take this as an apology and bid you farewell AM x,sad
Fuuuuck that's rough,angry
I am getting so nervous watching this,worried
When you dint know Anarchism at all so you think you can be anarchist and capitalist at the same time !,angry
Lmao good luck tryna convince anyone you’re not just a brain washed redpiller tryna start shit just for validation :/,angry
"And here I am, with no promotion after 3 years. Anyways, congrats for yours.",sad
Your uncle sounds fun. RIP indeed,sad
"shut up, someone!",angry
I really hope that's true and really hope they grow some balls and ban it.,angry
"My problem with history in school is we learned about American history every year, which meant we learned a lot of the same stuff over and over.",angry
This. One of my biggest pet peeves. What the hell does it even mean?,angry
this is my worst fear,worried
Looks like one of mine too. Such a horribly raised entitled rude brat,angry
"Ok. Progress. Not only I presented more facts, I also asked some questions. Still unanswered, sadly. ",sad
There must be some awful things happening right at this second,angry
You poor poor fellow,sad
"Sometimes it even feels pathetic which I know I should be trying not to be so hard on myself but, yknow, evidence is hard to ignore",sad
Grow up.,angry
YOU DON'T GET TO JUDGE ME!,angry
"> But my god, that fucking face. Never mind her, what about him further down.",angry
FBI OPEN UP!!!!,angry
"Then tell me what he's doing, instead of being a racist hypocrite.",angry
"I'm N-word, and I miss my dad",sad
We didn't win in Alvalade even when they got 7th place. We just have some sort of block there,sad
Wait until you’re at least 25 to get a tattoo. You’ll more than likely regret it otherwise.,sad
"Good lord. > STATISTICS ARE BAD, WE MUST RELY ON ANECDOTES!",sad
"I understand that the fear that you will need to have surgery is very upsetting. But, there is no legal case here. ",sad
yea so disgusting,angry
Fuck the rangers,angry
"Ha! Had to go back and look. Pens.... I was seriously wondering wtf this was, a giant penis-shaped gummy bear?!",angry
r/vaxxhappened. Fuck you Jan.,angry
Jolex because someone grated on my nerves so bad,sad
"It's a statistically slightly worse ICR, take that as you will.",angry
I arbitrarily hate poo-lice Get OUT OF MY POO,angry
Im sorry dude. Drumming Octopuss.,sad
I remember a countdown for when the someone twins turned 18 too. Thought it was pretty gross.,angry
I’m afraid I just blue myself,worried
Then getting irrationally angry when they don’t see it your way.,angry
“It’s different because I deserve it.” These same assholes in rural areas.,angry
"someone this is so true, sometimes i will remember it like 5 years later and still regret it",sad
"Get out of here with this, dude.",angry
I sure hope so! Smug bastards!,angry
Omg this.. completely relatable and depressing.. yay for us.,sad
"I have to admit, most of the worst people I have encountered in my life were met while LARPing.",angry
I’m so sorry that you both have to deal with this ❤️,sad
Those women are the worst.,angry
What the fuck is wrong with this?!?!?!??? FUCKKKKKKKK!!!!!,angry
HOLy SHIT I HAVE KADRI IN MY POOL,angry
Oops! The lack of free trade caused the death of 20 Million proletariat!,sad
"I know to you Professor, break time is nothing. But to me, it's serious.",angry
Hated her. And that was honestly a more offensive reaction than everyone laughing at her IMHO,angry
That's so disappointing. I'm sorry that happened to you. It really is hard to make friends as an adult.,sad
Because majority of moves have stupidly long names. GO INTO ANGEL PUNISHER INTO DIVE BOMB RADIANCE AND FINISH THE JOB WITH PUNISHING LIGHT BLADE,angry
"i dunno, you commit one little genocide and you never hear the fucking end of it",angry
This game and it’s updates can be very frustrating sometimes. We already discuss the issues to death but meme Monday has been oddly therapeutic,angry
"It’s lunacy to think that someone is an actual Russian agent, since there’s literally no evidence of this.",angry
"Freaky, more like creepy",worried
1) I think my least favorite thing our kid has done would be spit up in my mouth. 2) Vomit is worse than spit up,angry
I want to make friends too :( but I feel like I have nothing good to offer,sad
The real bad beat.,sad
"Jfc, that's depressing.",worried
"Play stupid games, win stupid prizes.",angry
Oh the irony of the sweater she's wearing.,angry
What's absurd here is that anyone believes a bottle of champagne is worth 34k.,angry
That's beyond fucking creepy!,angry
i hate furries,angry
I don’t have to stop speaking fact simply because it’s uncomfortable for you to hear.,angry
"I personally like someone and think he could be on the team right now, but the Org doesn't agree.",sad
I actually like my vagina... I suspect it’s actually my husband that is the problem,angry
"More rudeness, misogyny and sexism from someone. If it wasn't so predictable it would be upsetting. someone. ",sad
*someone playing the world's saddest tune on the world's biggest violin.*,sad
Curse them out.,angry
And what a fuckton of karma it was. It’s fake stories like this that really prove that communism is the far superior economic system.,angry
That’s literally the stupidest thing ever If you think that what is stopping it to be applied to more than just bi-sexuality Seems a bit self destructive,angry
The wolves have been bad for so long that I actually did completely give up watching basketball.,sad
"Aww fuckballs, I thought it was today :( My bad.",sad
I'm literally in tears right now. Everything you said is true oh my godddddddddddddd.,sad
Intolerance of intolerance isn't intolerant my dude,angry
someone fucking someone please no,angry
Ketamine is absolutely bizarre in high doses. I lack the words to really describe it. I've never felt so detatched from my own humanity.,sad
"I hate from the bottom of my heart, when animals behave like this..",angry
Is it wrong that I've been really disappointed that I haven't gotten to try out my new snowblower? :-/,sad
What the FRICK,angry
Great fucking game for someone. And I can't believe some people are trying to hate on him for one TOV in the 4th. This fan base smh,angry
You're the reason someone won the election. There isn't anything even remotely resembling fascism in the United States. Get a grip.,angry
"I would feel similarly, but I would be more gleeful and less guilty. ",sad
50 becoz I’ve used before and it’s A really intense high but after a bit of research I’m extremely hesitant to use it again,sad
Upon reading I find this to be fake news and I'm disgusted to learn she writes for the age,angry
"dude, thats grave danger for sure. thats terrifying. he was a predator for young men interested in sports cars. luring in for diabolic purposes!!",worried
I’m battling depression and anxiety and having a healthy diet and loosing weight has helped me,sad
Sorry for your loss mate,sad
You are so ugly even tears wont show up near you,angry
I've seen AOCs ridiculous proposals,angry
"Just having a discussion and giving my opinion, don’t understand why you’re getting so mad lol ",angry
People deleting and stop caring IS THE REASON why artifact is under 2k players.,angry
"I’m actually not! From USA, sadly. 🙃 Edited to add: unless you didn’t mean me, then I apologize! ",sad
"I tend to invalidate my feelings because I’m always worried that they’re going to think that being silly, I’m always struggling with it",worried
No no no i didnt learn about that in my middle school bio class so it can't be real 😤,angry
"""Comments like these are the biggest reason I get so pissed off about fucking centrists crying about the """"both sides"""" argument. """,angry
"It's not internalized homophobia, it's literally just an annoying voice.",angry
"Yep! And the buns seemed so much fresher then. Last time I went, years ago, it was terribly disappointing.",sad
I can’t stand this arrogant prick he’s no better thenFord in Ontario and that guy is a buffoon,angry
Not as excited anymore about having the most difficult second half in the NHL...,sad
"See, this is what films lack nowadays, taking real risks with implications of someone on Animal fart sex. Bravo someone!",angry
Totally amazing that some peoples' egos can't even handle being honked at.,angry
He starts mildly enough with a pucker... then when she *backs away* he opens his mouth and goes further. Seriously - what kind of idiot is that guy?,angry
Me but with boobs. When will be able to trade body parts someone,angry
Sorry but the majority of console players will agree that he needs nerfed and nerfed hard,sad
Bitch subscribed to 1st look at someone shitposts.,angry
I'm so sorry. That's awful.,sad
Come back here and fight me m8,angry
I hope all my muscles cringe so spastically all my joints come loose and I collapse into a writhing agonized pile of blood and meat.,sad
It’s one of my worst nightmares to have skin like that...I hope that person gets actual help,sad
someone already had that in their comment and I didn't deny it. I guess that level of attention to detail isn't taught at Bellevue Community College.,angry
"I can't believe you would call me that and act like nothing happened. Honestly, what's wrong with you",angry
I thought I could handle it but I was wrong. Good someone was I wrong.,sad
"Eh, loser. It’s sad how some people don’t care about their relatives.",sad
RIP. Sad for his family and the bull riding community.,sad
"Sorry, wrong comment train. Just gonna sneak right by ya there.",sad
Far more to do with being entirely irresponsible and dumb than anything related to benefits or tax claims.,sad
Yeah I’ll take my downvotes. Just a gut feeling,sad
"""I was expecting you to say she put a piece of bread on your head and say """"okay you're a sandwich""",angry
This post is a waste of time and doesn't belong here.,angry
Tell him congrats. And that he srsly needs to work on his bunting; it's just painful to watch.,sad
Fuuuuuuuuuck that.,angry
I regret that I have but one upvote to give for your post. Very powerful.,sad
That guy’s an asshole. He behavior doesn’t inherently have anything to do with poly.,angry
"Are you implying that I can not determine guilt by seeing a person's skin color and tense smile, you fucking racist?",angry
I came back to work and I found the charlkboard like this. No idea how it got that way. Weird.,angry
It kind of blew my mind to see that after reading some of the most generic advices in that post. Who the f* upvote these posts?,angry
That's a rather annoying extrapolation of what I said.,angry
She doesn’t want me to pay. She also doesn’t want me to have any input.,angry
You die > mom will be sad,sad
"Right there with you! Unladylike was so depressing, I couldn't keep listening to it.",sad
"Exactly, I've seen some of her friends and family SM and is not exactly wowing me. ",sad
Looks like they did it to scare everyone else on the road as a dominance game.,worried
An ugly fuk,angry
Will that's what that poor child was just taught. Some parents have no idea,sad
He has the maturity of a 2 year old and you are right...ugly in his soul.,angry
"I pirated this movie last night and can confirm: it's truly awful. Not just lacking in good, but *aggressively* bad.",angry
I REALLY MISS GRIFFIN REINHART,sad
"Yeah, I do. I'm just pretty sure that that will fuck my heart eventually. But I'll worry about that later.",worried
About fucking time ordering ASAP,angry
What the fuck is that horrifying picture,worried
Motherfucker!!,angry
“People said I was stupid for stretching out my lobe so far that it ripped. Well who’s stupid NOW?”,angry
"Also, the phone is set to another language than the one being spoken, which is a bit weird.",angry
"That's really the only standard of your life, whether or not it makes liberals furious? Sad.",sad
Where the f are you going to school that you are hearing such remarks semi regularly? That's horrible!,angry
"Such dumbass,I think I'm going to take my dog somewhere else",angry
I always get concerned when I see Nono standing at the stove or being instructed to pick Milania up from demon spawn practice.,worried
someone damn it,angry
Voting for someone to tax you to death makes no sense,angry
That seems crazy that you can't hit higher frame rates. I can hit 80fps consistent with a 1080. Something weird is going on here.,sad
"That's just sad and depressing. Was the race closing before she finished? Well, at least she did it.",sad
"I understand that there are exceptions but saying a knife is as dangerous as, or more dangerous than a gun is a little ridiculous.",angry
DELETE THAT SCREEN SHOT! NOW!!!,angry
someone gotta fix his free throws this is ridiculous,angry
"Sadly no, everything was thrown around the room, and everytime I rebuilt something, it would be annihilated again.",sad
"They've done this before. Look the Order of the White Feather up, it was worse.",sad
So prison isn't enough? You want him raped? That's disgusting.,angry
Ouch! My hear sank. Don’t do this to me.,angry
The fuck is “mog?!”,angry
That mustache looks like it smells.,angry
"Ironic. He could save others from death, but not himself.",sad
Idk if you ask most store managers they will say they started as a cart pusher Probably bullshit but still.....,angry
Of fucking course it is...,angry
"Moose is pretty underwhelming tonight, I miss JV",sad
someone has broken his brain so bad he’s turning someone into someone,sad
Fucking Real Madrid,angry
Probably scared they’re gonna get flashed by a camera.,worried
This is terrible,worried
Hooray! ...But I'll still never be able to afford a home.,sad
oppressed by nature!,angry
"I also remember the scripts stating someone look was one of jealousy, which disappoints me.",sad
I hate my life,sad
No kidding. That was extremely disappointing.,sad
Omg TDG has a new singer? That's so sad. I was rocking out to them in middle school too. Simpler times.,sad
"Sometimes, I feel bad if I don't every now and then. I mostly talk with her on SC/IG tho. ",sad
Glitter is awful for everything,angry
same but with panic at the disco,worried
You guys are fools. This is gold.,angry
Middle Eastern here and watching this team lose due to silly mistakes at 3-4 am kills me,sad
r/UpLiftingNews Edit: I just got banned for posting this there.,sad
I'm 21. I've entered adulthood and I even have to face negative comments from family members. Adulthood won't save me.,sad
"Dude, wtf is this?",angry
this guy is such a douchebag,angry
I’m so jealous,angry
I am scared that I would lose potential study time by seeing him. And worse if I end up liking him too much... :(,worried
"Yeah, The Donald seems to spread its purging mentality to most right leaning subreddits. Reminds me, I should get banned from r/theDonald again for quoting someone",angry
This is a terrible idea,worried
I lost it when all the heroes kept going back and forth into siege range,sad
"Oh, that's horrible. My condolences.",sad
"I think some idiotic members are extremist, but for the most part they just hate mass unchecked immigration.",angry
Possible sad tyre,sad
"No, no, please don’t make me see someone, please!",worried
"> It's upsetting. What can be done? We'll have to take it to the high courts, let them decide!",sad
"Besides it being hard and fucking up your kettles, irons, hair and taps?",angry
That must be so frustrating. Sounds like he’s digging his heels in and refusing to accept his faults.,angry
Middle school. Puberty was rough for most of us. I was a victim and a perpetrator of a lot of stupid behavior in middle school.,sad
Fuck your shitty ass title,angry
Why should I get flayed? He's the one who sucks!,angry
"Damn, 14 year olds in 2019 are bigger shits than I was when I was 14.",angry
"If I told you, that would defeat the purpose of censoring. Let's just say it's clearly libellous.",angry
Yet I still feel lonely doing it...,sad
I haven't had class in three years and yet I've literally had this nightmare dozens of times.,worried
I was thinking that as well after I posted. Some nasty stuff settles on ceiling tiles.,angry
I think its justified because that dude freaks me out. The less money the better.,angry
That’s a fuckin budgie. You gotta be a moron at birds to not know that. That’s like Bird Basics 101.,angry
And still so few go to college): Such a broken system.,sad
They killed me someone. They killed me with schlock,angry
FUCKING NORMIES REEEEEEEEE,angry
Damn I never had to wait that long. Then again where I live is a town more than a city so much less busy etc,angry
"It's only 5 mins, but I hope this is the one. Sorry that happened to you friend.",sad
"Just legalize it, already. Do it the proper way instead of by executive fiat. I hate the lawlessness—“the pen and a phone” bullshit.",angry
Being a someone is no different from being a someone. Both have caused genocides. I hate how our society only focuses on one though!,angry
His 2 point shooting has been bad this season atleast he is still staying aggressive,angry
"Not cameo, reference sorry",sad
Kid looks like he's about to cry,sad
You leave someone the fuck alone.,angry
someone dirty talk really just Doesnt Work for me. Sounds silly at the best of times.,angry
>very creepy horror-themed Very accurate description and only from a few second piece of an audio recording,worried
Why are you okay with racism and why are slurs the red line?,angry
The second half of the game was a big disappointment for me. I really wish they kept the family around for much longer.,sad
Oh jeez I missed that :(,sad
"I don’t really mind pickles, it’s just that they’re warm and soggy and there’s 1000 of them.",angry
Unless the government steps in and does something stupid,angry
"Well the three games is all we have to go off of, and he was bad.",sad
Holy shit I’m stupid,angry
"""This is stupid, if it is """"standard"""" within mega budget movies, what is Lucasfilm excuse not to be prepared? """,angry
Ya shitty. But people cheat. I dont know what to tell you 🙃 the world sucks. Just live your life,angry
This better be a fucking shitpost.,angry
Oh no! Poor dude!,sad
I feel bad for these guys. I'd like to be able to help ex-mos in trouble.,sad
Ouch! That hit hard,sad
"I have never gone from almost brushing off something to darn near vomiting because of it, good lord.",angry
Can a lad please send me one of whatever the fuck this is plz.,angry
We dont want or deserve to win this game. Sloppy sloppy sloppy,angry
burn the witch!,angry
It’s fine. Baby boomers are always angry,angry
"Ya know, I hate lying but I guess I'd make an exception for this. ",angry
What was her emergency other than a teen throwing a temper tantrum,angry
"How dare you care about your physical and mental health, you shitlord you! /s",angry
He has never had success,sad
hit or miss would anybody care or miss huh..? aint nobody love me and ma dad also left me yuh...,sad
"> someone mother allegedly vandalized someone grave, stating that she had ruined her son's life. No....",angry
I wishhhh. She’s honestly what started getting me the fuck away from centrism,angry
Outdoor cats have a lifespan of about 5 years so allowing them outside is basically a prolonged death sentence.,sad
"Same here, i hope my upcoming trip is gonna kill me",worried
"Yeah that’s one of the things I’m most worried about, still hopeful!",worried
"She'll ask them a question, interrupt them to say that something else is coming up and then talk about something irrelevant. She is all over the place.",angry
Fock I cant breathe.,angry
So you'll bleed and be in pain twice that day.,sad
I am sorry human being :(,sad
This sent shivers down my spine,worried
You’re a women hating racist. That’s what you are. Stop talking shite and trying to pretend otherwise,angry
Oh shut up. Quit being dramatic. Another option is... THEY COULD HAVE A CONVERSATION ABOUT IT.,angry
I’m literally shaking right now😫,worried
I miss him...,sad
When there is 1 in 20 posts that is remotely serious and it gets 20 upvotes Vs 1200 of those that memes get...,angry
That game hurt.,sad
An attractive woman falling down and exposing her butt. It's weird that he'd go so 0 to 60 on such a thing.,angry
:( im sorry,sad
i feel like this isn't being talked about enough.,sad
A Wall is NOT a Volition of the NAP you idiot.,angry
They'd probably just use it to buy up armies and navies for tyrants who oppress and reign with blood and horror or some shit.,angry
On-court obnoxiousness should be punished and has nothing to do with the game of playing tennis. Bring your A game hitting the ball or walk off the field.,angry
"My childhood horse died due to twisted intestines. Very traumatizing, since he crawled over and put his head in my lap at the end.",sad
I have the same issue with a new co-worker and it drives me insane.,angry
"Meh, whenever I travel with someone who can't walk fast, I just wait for the next train.",angry
Yeah but they actully had/have shit to be mad about. Their board is incapable.,angry
I have adhd whats so bad about it?,angry
"I was so hyped after the zach shot, I'm still crying ",sad
You're right and I hate it.,angry
They’re disgusting people inside and out,angry
"Even with their new location around the corner, they are still incredibly awful. By far the worst someone. ",angry
That’s sick!,angry
I’m sorry. If it was me- go straight to divorce and file. Why prolong the pain and abuse.,sad
Please explain how this is stupid,angry
Makes it a lot less stressful tho. Regretting staying up this late tho,sad
"Sorry, didn't know where else to put it",sad
I’m uncomfortable just looking at her.,worried
I still gotta watch the last one. ☹,sad
"Can confirm as my first time commuting by motorcycle in the rain there was hail, then lots of thunder bolts and lightning , found it very very frightening. ",worried
I think it's even sadder to go through someone's Reddit account looking for stuff like this to post.,sad
It feels oddly comforting and familiar that we suck at hockey again.,angry
"This is a test, now YOU have to give away that gold. Your donor was a cruel benefactor. ",angry
"Work on the pitching, that was a weakness of the team last season.",sad
This is a very offseason thing to say,sad
someone rosenbrook? Is this woman mental. Why does she use these names?,angry
"If he was from a free pack he's not sellable, sorry",sad
"I mean it makes sense, they're into someone because they totally dig the horribly socially stunted types so they love someone for horribly traumatizing her.",worried
Damn you two need help,angry
Cheese Most of my friends love cheese so much that I’m scared to tell them that I can barely even bring myself to eat it,worried
"I did that, I asked for a white doctor and they gave me a list of black doctors.",angry
"""""""PPG Paints"""" arena or whatever it's called now is worse""",sad
"It's a god awful feeling. It's changed me a little, but time heals wounds.",angry
I'm just salty man. I hate playing Houston. I'm sure it's a nice place to live.,angry
"""If I hear """"not sorry, someone"""" one more time, I'm going to start disliking someone""",angry
This why we can’t have nice things! I would’ve beat him up for taking with my non-existent mans away 😤,angry
Do it successfully and coal country will still say it’s a stupid idea.,angry
It is a highly underappreciated movie...FOOLS,angry
Being disgusted at disgusting things is grown up.,angry
Fuck off.,angry
So much fake news.,angry
"Close the door, you're letting the heat out!",angry
I eat crayons I shit crayons,angry
"WHAT?! You dare insult the band of gods?! Typical teen, I hate my own generation! *screams in 16 year old*",angry
then its lost man. So sad!...its terrible,sad
Puppies in 95% of cases. Sorry but some dogs are ugly no matter how old they are.,angry
"omg, id cry if this was my store ",sad
And now I regret not applying when they opened one in my town even more now. Good times.,sad
Fuck man I didn’t plan on crying in my cube today,angry
What a disgusting person she is,angry
I’ve been hurt too many times for it all to have been for nothing,sad
The emoji at the end just made me want to slap her,angry
Quit being racist. They're just being racists.,angry
Very sad. People like this are ruining Aus.,sad
"It wasn't a good idea then... it's been 10 years, why do you still think this was funny?",angry
Doctor charged 400 bucks for a blood pressure check before renewing my wife's high BP medication. She HAS been acting a little weird la,angry
Fuck sake man,angry
My favourite pool! Shame I don't live around there anymore,sad
yeah but FUCK devil roar. I swear a volcano happens every single time I step on land there,angry
What. The. Fuck.,angry
I spent like 6 hours overnight browsing the top posts here when I decided to check it out I hate how much I can relate,angry
"No he was given a bad team to work with unfortunately, and never got the final shot he deserved :(",sad
I watched a video about fake makeup having rat piss in it. No thank you,angry
Show him how hilarious season 1 and 2 of Family Guy is. Then show him how incredibly stupid the rest of the series is.,angry
"Been spamming someone in gold/plat elo, nashors into lich bane then hourglass is disgusting if you play it right.",angry
"I'm not telling them, I was just saying that the person who knew them irl said they were a she. That is all",angry
OH someone I CAN'T TELL ANYMORE!,angry
I wish they didn’t hate someone so much. Feels bad to play her.,sad
It pains me to see someone used in this abhorrent meme,sad
Realize that no girl is perfect for you if you're not perfect for her. I feel for your disappointment tho. Keep on truckin'.,sad
Self serving cowards.,angry
ooh man I miss OutKast. brings me back to my childhood,sad
"Nasty, pigeons are nasty.",angry
He’d definitely get dropped at some point and then all hell will break loose,angry
Your ass after I beat you so hard you shit yourself,angry
I think it was roughing and unsportsmanlike conduct for the chirp or something stupid like that. I couldn't believe someone got away with that,angry
This offense is just painful to watch.,angry
I had to put Bird Box because it's the only direct to streaming movie I saw. I feel dirty.,angry
"Yeah, but the sound of a fork against the stainless would be absolutely unbearable. ",angry
That's a bit tricky to pull off,worried
Both directions? They should all be arrested. This will cost the people of Edmonton a lot of time and money. Fuck these pricks.,angry
"yes, i fucking hate that.",angry
I'm upset that there's no sexual subtext between someone and someone in the new Super Mario game,sad
“Do you guys actually disagree with the idea of taking someone constitutional rights without due process” someone -signed a gun owning lefty liberal,angry
Dude don’t even trip. someone is the shit. I also have a soft spot for someone if you’re into her at all lol,angry
"LUL, this is the 3rd time that Ajax has lost team on Busan. Unlucky.",sad
After the first sentence you were my best friend. Then came the second sentence and now I really don’t like you.,angry
> Basically tell them to screw off and realize their selfishness You mean my grandparents / aunt?,angry
I'm leaving to go get some more motherfucking jokes MOM someone,angry
"Was my friends family... They had the wrong address, you're sick dude. ",angry
I spent the entire time trying not to yell at the TV. someone and someone can fuck right off.,angry
That illegitimate-no-good-dastardly-basterisk deserved what he got!,angry
This is the scariest thing I think I’ve ever read on here. That is just so horrible.,worried
Which is weird because I can still get hours every week the day before if I wanted to.,angry
"Yeah, sorry for that one. Some opportunities are too good to pass up.",sad
"Get em chief, fuck em, I find those people annoying as hell and I barely even use Instagram/twitter",angry
She's a pro-Assad piece of shit.,angry
Taliban is the worst.,angry
"I'm sorry Mom, your child has autism, or this is a lie.",sad
"I've tried a whole lot of things, nothing has worked.",sad
"Even if you think me and him aren't soulmates, youve gotta be pretty sad to think soulmates don't exist. ",sad
my crush began to be annoying when i lost interest in him. it sucks either way,angry
Misandry is not part of our feminism here. Don’t make such comments again.,angry
*losing hope Loose is what your mom is,sad
Horrible night for dodo,worried
Fuck calm down someone,angry
Disney World/Land or NYE at Time's Square have always made me nervous.,worried
"This can’t be the end of the back, garbage TV! I’ll miss you!",sad
Ugh. Sounds awful. I’m sorry :(,sad
"It's a Falling In Reverse song, which makes it even more terrifying",worried
Is a really worrying bench,worried
"The stigma is justified. I dont care how you got it, it's still disgusting.",angry
Like an idiot.,angry
"Yes, he needs to sit the fuck down, that's all I have to say.",angry
Ah damn it.,angry
Ah yes three of my ~~best friends~~ worst enemies,angry
I suspect wilful idiocy to sell books and merchandise to the even more idiotic.,angry
He's eating cheese and watching football in the sky now. Rest in peace!,sad
Can someone just shut up and appreciate her dog?,angry
I hate text speak . Do you really want to dumb down your argument more than you need to?,angry
"Ahhh, I see. I thought you were saying they made you afraid of the sessions.",worried
Sitting down and wiping is disgusting. Especislly when using a public toilet. Fucking savages up in this thread.,angry
Sorry to hear that brother! Solid advice and power and love to you. Here is knowing things will get better and that you're a champ!,sad
Same thing happened to me last year ended horribly,worried
So TD tried putting an invisible downvote button for real?? Didn’t stop me from downvoting their idiocy.,angry
Oh go fuck yourself with your BS generalization.,angry
That sucks. You could start one yourself if you like.,angry
Wtf is this lmao god I hate reddit,angry
Translation: you should see her vagina! She can't fight you off! The double entendre is more than a bit unsavory.,angry
Honestly scared to see what happens,worried
>I hate someone so much. Lol,angry
Politics in the KRG are some of the dumbest and most petty of the Middle East.,angry
just fed up of reading subjective opinions be paraded as fact that he was the worse ever.,angry
"Boston sports doesn’t deserve anymore titles, fuck the pats",angry
Sorry I have to ask your age before I yell you.,sad
You win the poverty Olympics.,sad
Oh....yuck,angry
Worse. They told us to mind our own business,angry
It could be worse. We could get someone or that Philly traitor someone back.,sad
my screen is 10 years old so the graphics are also horrible,sad
They're wrong I don't like math and I'm still ugly,angry
"Oh, I've thought about it... a lot, but I just couldnt do that. Even though he really deserves it!",sad
This wouldn’t feel so bad if sales and footfall weren’t but many external pressures were keeping profits down.,sad
I miss my Shrek Ghrok :(,sad
"Nashville as a whole is easily one of the most classist, racist, judgemental, prejudiced cities I've set foot in. ",angry
What dose are you taking and how long did it take to help? I've been trying the Lazarus 50mg/ml. Not seeing any obvious improvement so far.,sad
"you are correct, but now it is over. and i cry",sad
Intentionally frightening the Queen is an indictable offence. (Max 14 years) Criminal Code,worried
I remember being three years old and feeling mortified and frustrated that my preschool teacher and classmates were freely dancing to ridiculous music.,sad
I mainly play EDH. Did try standard at one point as well but lost interest,sad
my soul has long been destroyed :( it’s over for us nosoulcels,sad
"Hmm, I understand your frustration then",angry
Turn in them. Who cares if they’re your cousins. They’re not three years old. They should know better.,angry
I don't care anymore.,angry
That's why I don't open Instagram that much,angry
>hasn't been any form of arrested development Well fuck,angry
She would betray her friends for chicken nuggets,angry
"Sorry, I posted this first but then you said something that I wanted to acknowledge I agreed with.",sad
"#Screw you, someone.",angry
"Hell yea brother, Charlotsvile car attacker did nothing wrong Lets see how quick they scream hate speech",angry
Yes that was abuse.,angry
Yikes. Was he unfamiliar with the area? How did it go over at work?,angry
Always on the back of my mind when that's the last thing I want.,angry
I can feel that man's feelings and I'm crying,sad
Sounds hella aggressive. You can say the same thing while being nicer about it.,angry
"""I'm a bit late. What's the """"AAAAAH FUCKING WATER"""" reference?""",angry
i once dipped a raw hot dog in chocolate pudding when i was dared too. it was dreadful.,angry
someone dead and it was the Government that killed him.,angry
"Stay away from her kids, someone!",angry
The republicans are the military. You are an idiot.,angry
"I feel you, names are the worst. ",angry
"*and, sorry for the spelling mistake",sad
You didn't say they were racist channels,angry
Venezuela has uniquely terrible oil.,worried
Meanwhile in western society grown-ass adults will leave their McDonald's trash scattered all over the place just feet away from the bin.,angry
"Say it louder! I'm sick of these leeches, too.",sad
"That’s not munchausen. She has a diagnosed illness that’s a terrible, terrible one to suffer from. This is a pretty shitty reply.",worried
Kill it with fire.,angry
... and no one seemed to care Except that lonely woman with white hair,sad
"This guy hasn't learned his lesson. Bake 'im away, toys!",angry
Makes it even weirder that she now hates America,angry
Here is the rest. He finally give me a bad rating,sad
From my point of view the freefolk are evil,angry
Problem is that picture is there before you ever set foot in the cabin; someone put it there. Just makes it creepy.,worried
RED ALERT RED ALERT,worried
Yeah but FGM is basically like cutting off the head of the penis entirely. I'm uncut myself but I get why people do it,angry
Ha. She cried because you influenced it.,angry
Because this creep wanted to put his hands on the girl.,angry
inject that shit into my veins,angry
This is the worst I've ever seen. It really is,angry
I am so sorry that happened to you.,sad
someone could be so valuable if we didnt rely on him to create,sad
I'm worried that someone throwing away a future career by running for President.,worried
"""Makeup existed in 2009 too. Whoever made this is stupid. I hate the whole """"milinials dumb"""" shit.""",angry
"*Samsung Other Android phones don't have Bixby, that's Samsung's BS (and yeah, it's terrible. I have the button / feature completely disabled)",sad
You get closure by blocking her on your phone and all social media. She dumped you. It's over.,angry
"Can't speak for that dude, but I'd say hell yeah they're a hate sub. ",angry
Glad I wasn’t the only who noticed. Annoyed me slightly.,angry
"At the very least it is an emotional affair or the beginnings of one, with less than truthful explanations.",angry
Ah geez what a disaster if she tries this!,sad
"I was looking forward to seeing the new predator, this (the concept, not the spoiler) would have made me dissapointed, yet intrigued",sad
that tease tonight lowered my hopes,sad
"The only thing worse than this guy, is an actual vegan lecturing random strangers on why meat is murder. ",angry
General population are scared of press,worried
Let’s get greedy and take back what is rightfully ours,angry
Let their deaths be swift,sad
"Bhahaha! I’m sorry, that sounds awful.",sad
"Nah, they're a fraction as immature and petulant as the politician we can't ignore that actually affects our lives.",angry
And the human babies - don’t forget them! Totally wicked! Sad!,sad
GET THE FUCK OUTTA HERE RUDY,angry
Literally all I wanted was some sort of evidence and somehow I’m wrong...? You’re too stupid to be real.,angry
"Due to work, gotta stay legal. Edibles aren’t legal yet sadly. Fortunately not taking it for cancer though, just pain.",sad
Those are female toes. Busted!,angry
"Both good and not so good, but mostly good! You should DESTROY HER. NOBODY NEEDS TO TAKE UP THAT MUCH SPACE ON THE CURB. ",angry
""" You're lecturing other people and you can't even spell """"Dwig***H***t"""".""",angry
Guilty... waaaaay over sold myself on my resume about 12 years ago.,sad
And they sneak the bit about reckless driving and speeding in at the end as making one a prohibited person. This is absurd.,angry
"Somebody should make this a smaller video to share it around, this poor kid is going through a lot.",sad
"Turns out you can polish a turd. The trouble is, it's still just shit.",angry
"Mate you are mental, no way someone would mess up like you have said!",angry
"People are gonna end up hating Deus Ex because of this, and that's just a travesty",angry
"Sorry, not from her. But from family and friends. We were open to each other about everything.",sad
"The sky is actually annoying and so on (and as annoying as it makes sense. No, this is interesting how?",angry
"So, bloody stop feeding cattle, nothing even compares to the resource consumption (waste) of the animal industry.",angry
Women don't want their own shit. They want our shit. ---- someone,angry
Sorry to burst your bubble but someone is more popular than someone,sad
Bitch yes!,angry
Better to spend the weekend in jail than get convicted of something you didn't do.,angry
"sorry this happened to you. id be sad and angry too if i worked hard on something, and someone took that away",sad
"Dear someone, please help someone be less disgusting. Amen.",angry
Sadly the same way know people who know people and being in public. Maybe an online game with chat like league or xbox,sad
"Only when they have dirt underneath them, now that’s disgusting.",angry
Oh ok sorry,sad
"It’s been 2 hours, OP died for a noble cause.",sad
Real class A asshole there,angry
Y'all taking this way too seriously...the point is they're both fierce.,angry
You're simply suggesting betrayal in a different form.,angry
I'm a danger to myself,sad
Aaaand this is why I couldn’t do online dating when I was single.,angry
Damn. r/murderedbywords,angry
Why is everyone smoking out of straws and shit?!,angry
Fuck ya boys let’s go,angry
It's the wisdom of the fool.,angry
what the fuck,angry
"Oh that's disgusting, this man should be sent to priso- ohh, it's America, ok then, feel free. ",angry
"The one coach I didn't want to lose, but with a new offense coming in, not a move i'm entirely shocked by. ",sad
This hurts me.,sad
"While I understand where you are coming from, this is a tad too aggressive.",angry
This is a very cursed lineup,angry
Fuck a TD. I just want to survive someone.,angry
Theres a BIG difference between being against ones (hateful) political position and between harassing someone for his ethnicity.,angry
I have a bad feeling about this.,worried
I'm getting worried,worried
That's probably the price a someone pays to rent the Trump Hotel D.C. Ballroom for a cocktail party. Whoop de fucking doo.,angry
the media ruined a kid's life for no reason,angry
"Not out of a trash can though, surely? That'd be disgusting.",angry
I was worried about that too honestly,worried
Get this religious bullshit out of here smh someone doesn't give a fuck about who wins or losses a child's game,angry
You have to be trolling because I doubt you’re this dumb.,angry
This is terrifying,worried
☠️ I felt his pain!!!☠️ R.I.P. furry giblets!!!!☹️,sad
"Life is nothing but a hell filled with torment, misery and loss.",sad
"""They're not """"likes"""" you fucking moron.""",angry
"Sorry, every time I try a link post my post fails, I’m just doing a text post. ",sad
That government was not democratically elected. But you knew that already.,angry
I'm fucking starving here.,angry
me. i’m the problem. i don’t think anyone can help me anymore.,sad
I watched the whole thing. I miss that style of cartoon. Simultaneously silly and understated.,sad
He has a prog rock album.. its horrific,angry
**Takes away membership card* HOW DARE YOU SIR!!!,angry
Ouch!!!!! That hurt me just watching.,sad
"55 here. Of course, I could never catch me one of those wonderful incels.",sad
"someone but probably secondly, someone because I find both so boring.",angry
That was so sad. And she kept calling for mommy the whole time. Then they ditched her with grandma.,sad
>it tasted horrible to use. Eating some of that right now. No regrets.,angry
"No offense, but your parents are assholes.",angry
Damn thats so cheap,angry
I am. He's the easy pick. Would be perfect for this franchise. I'm worried that he won't make it to us.,worried
The weirdest part is the underwear. My mom wouldn’t even let me and my sister share underwear. Something something hygiene.,angry
"Can confirm, playing a game of checkers is the one occasion I get to smash my wife",angry
It is sad they didn't have a 4k highspeed camera running on this... I feel like the world lost an amazing possibility,sad
He's not had a great season but Athletic in general has been a shitshow this season (and last) so no real surprise there.,angry
someone is in no way comparable to someone. someone is an imbecile.,angry
What a shit twat,angry
it's been like this for a couple hours now and still not fixed,angry
"You said an untrue thing. Own up to it, asshole.",angry
someone saved by the very compassion in society that he is trying to destroy.,angry
Why can't I get Hulu in Canada yet!! So annoying,angry
"Not really, more of a toxic poverty problem. Women get overworked too.",sad
"like I said, it's painful.",sad
"He was off by 5 minutes, not impressed. ",sad
This is the same woman who fought tooth and nail to have wrongful convictions upheld while she was a prosecutor; she craves tyranny.,angry
My whole life’s been a lie,sad
its disgusting where our society is. free tube sites need to be banned,angry
Ok. Believe what you want. Have fun starving to death.,angry
"ATM has scored only 27 goals in 19 games and have 38 points from it, frankly really outrageous. They keep shithousing a win.",angry
To annoy you That's the real on reason,angry
"You poor, hideous creature. ",angry
You are so right. Reddit response of reading only the first few words. It's been a long damn week. My apologies.,sad
No where was I blaming someone for the lose but he didn’t help. I just dislike his game.,sad
i hate that it's over an interstate bridge so people traveling from the west from other states have to look at it edit* because it's fucking corny,angry
"This is the sad truth for the exact reason he mentioned, they want a short fix to avoid doing this type of hard work.",sad
i’m sorry i don’t have the box with me,sad
"As someone who could totally eat three donuts in a row if I let myself, the amount of sugar this woman consumed still struck terror into my heart",angry
"Guess I'm seriously out of shape, I should do something about that. Maybe next week...",sad
I'm scared to do these cuz the S.A.G.E. told me I was a transvestite,worried
Bags are packed. Have to leave the country at a minimum as it's one of those gyms that's all over the place. Bad times.,sad
We got fucked,angry
It never ends well,sad
someone these are hideous,angry
"It was indeed , but holy shit is that cheap and someone :3",angry
Can this guy just land himself in jail already so we don't have to hear about him anymore,angry
"""Oh btw this was me yesterday, commenting on that """"ugly"""" ban! """,angry
Irrational anger especially certain family members,angry
Yeah what do they expect? maybe they should realize if you push Gen someone and under into poverty they won't be able to afford your crap.,angry
I forgot i followed this subreddit and now i'm having a meltdown,sad
Oops. My bad,sad
Same. I felt like I haven’t found the “right” therapist. Hang in there and hug your little one tight!,sad
honestly i don’t mind it but ik some people do and i rly don’t care enough to get into that,angry
"I'm so stupid, I can do this. On accident. so not very well.",angry
"In other words, being a woman but not identifying with your oppression. How special",angry
*price hike for someone only. I dropped Netflix last month because of it.,sad
Hallmark movies are the worst culprits.,angry
This is pretty worrying and makes me wonder why she can’t. That’s not normal.,worried
As a white man on the internet I'm outraged... because I had to laugh and laughing hurts right now : (,angry
Nothing seems to intrigue or satisfy me only drugs and thats sad.,worried
By that logic its seedy and insincere for google to act like they care about Homealone.,sad
“How dare you use your breasts for their biological function instead of my enjoyment!”,angry
They want to make gun ownership so expensive and onerous that people won't even bother.,angry
If you have to ask you're too uncool to be allowed in.,sad
But...but...I just bought a new gun in Fallout '76.....and America is the centre of the universe!! :'(,sad
"Not the right sub, I'm afraid.",worried
Damn furries. We don't have animal ears!,angry
That poor kid. That is going to cause some issues for them as well down the road.,sad
"You're the one who's out, biggy. Out of your mind!",angry
D'OH! Right in front of my face and I missed it,sad
lakers bout to get KAT fucked now,angry
It was so frustrating seeing him overthrow people every week. I hope he makes that a point of focus this off-season.,angry
someone what a piece of shit! How could you do that to an animal?!,angry
And that wig is awful,angry
someone why can I relate so much.,sad
Chilling to think people can kick others under the rug and consider them burdens to do something like THIS,angry
Dirty Southern Wankers,angry
"""Oh boy.. """"The Beginner's Guide"""" game on steam had me messed up for a couple days..""",angry
"Not really, it can bind *itself* (though not future incarnations) otherwise none of the laws would mean anything.",angry
I'm sorry. I wish I could give you more hopeful answers.,sad
"And a hell of a lot better receivers. someone, someone, prime someone, someone. ",angry
"Holy crap, that movie was bad.",sad
Tis nothing but a scratch,sad
What's ridiculous is this stupid post and this asinine idea that white people are these constant victims,angry
That fascist bigot!,angry
I get migraines too and I’m sooo tired the first two days of my period,sad
"I use Firefox with my 5 extensions and one tab, 400MB of RAM being used. I use Chrome with the same conditions, a whole fucking gigabyte. ",angry
Good. Stay the fuck away.,angry
"If someone loses I’ll break my phone, someone is fighting like wilder what the fuck is this comeback",angry
Too late with having it back. I really did'nt have much back then. So I had a really hard time too.,sad
"someone? He's an absolute fool. If we need a coach to destroy our organization from top to bottom, he's the man.",angry
"Man, and I thought the princess and the toad was an odd story",angry
I'd say we should dump him somewhere at sea but the oceans are already pretty polluted... :(,sad
Why are you so angry?,angry
"I should say to you that it's ok but at the cancer thing my mind changed Asshole, also get help",angry
I miss him on our pp,sad
Right before that he called someone for getting barged in the back and nearly kicked in the face. Weird performance. Didn't change the result mind,angry
Otherwise it would be a terrible disservice to the NHL,sad
Y so serious,angry
"I'd be worried about the tone, not the content.",worried
"Guys, even worse: He *paid* someone to set it up. Wow. ",angry
Rightfully so. I had it as a child and it was the worst experience in my life. I'm also vulnerable for shingles now. Yaaay.,sad
he ded.... and why the fuck these POSs have cellphones in prison.,angry
*aggressively tells friend I love them*,angry
This is the dumbest post I've read today. How's that?,angry
someone and his supporters are the dumbest humans in the fucking galaxy. They should be locked up for their own safety.,angry
Any time. I’m sorry you’re going through this. Just don’t drink your emotions like I did.,sad
*I hate laughing!*,angry
"They played a lot worse on Saturday. Saturday was really, really bad for me.",sad
"If they were that good, she wouldn't have burned through 3 pairs in 3 years. ",sad
"I actually feel bad for your roommate, poor guy.",sad
Some people have no shame or sense of self-worth. It’s sad.,sad
Not the fact that it's a terrible comparison?,angry
""""""" someone has come down with a terrible sickness which caused him to deactivate his twitter account"""" Jeez sicknesses these days get worse and worse. """,angry
"For as long as she’s been gone, I’m terrified to think why she was kept alive that long.",worried
someone punches here are so desperate and have absolutely zero power in them. He was outclassed so badly twice in a row after such a dominant run.,sad
Oh someone you idiot,angry
That poor janitor.,sad
Fucking pouliot you're shit,angry
But then you regret it because you realize you secretly liked the attention. Just bottom things.,sad
Dudes never show any interest in me irl so I was just thinking about getting a Tinder. Seems like people have much lower standards on there so fuck it,sad
someone and someone for someone then sign someone afraid this battle station is fully operational,worried
"""Too lazy to type out """"him/her"""" 3x. That and I don't give a fuck.""",angry
How disgusting. Those vile people can burn in hell!,angry
I have one crazy as hell three year old boy.,angry
Topic change #4. This is getting sad.,sad
"YEAH, YOU MOTHERFUCKER",angry
It looks like someone screwed up.,sad
Anyone that actually takes the train daily can tell you that. And I do feel its getting worse.,angry
Calm down. What the hell. I just tryed to tell you that there MEIGHT be a different side to that story.,angry
"""I am sorry for offending you """" WoW yOu WoNt EvEn LeT mY cHiLd Go ThErE aGaIn"""" how tf. Whoops didnt mean to reply lol""",sad
And if she isn't? That relationship could be wrecked and your friend destroyed for nothing,angry
Well he hasn’t dont anything good ever. So sorry I’m not very excited about this trade.,sad
"See, I missed it completey, so they must have glossed over it fast. ",sad
"""I'm more worried about him scamming children than """"oNLY"""" scamming them into thinking they'll get $100.""",worried
I just cant imagine someone insulting a guy by comparing him to one of the most successfull child actors. (I know who someone is),sad
What the actual fuck?,angry
And no rails because we have a reasonably logic scense. And we cant sue nobody for our own dumb mistakes.,angry
Oh poor guy. That’s so sad. I can see why she is an ex friend.,sad
You're not my real mom. I don't have to listen to you. Just because my dad loves you doesn't mean that I have to!,angry
I did not even realize he was injured...,sad
"""She also spoke out quite angrily about """"Obamacare"""" until she needed it due to her high risk pregnancy. She's remarkably hypocritical.""",angry
This is why I have no sympathy for parents who can't make time for their kids because of their jobs.,angry
"Got a bit tipsy in my room alone, dancing in my underwear to some cheesy music for the whole night, and then cried myself to sleep",sad
"Maybe they are just horrible people, and because you aren't like them they don't like you. ",angry
I'm sorry for your loss. From the picture it looks like he had a great life if that helps,sad
Threats and promotion of violence,worried
Stupid Sexy someone,angry
Going through the same thing and I feel the same way. Sadness. I hope it'll pass!,sad
YEAH! How dare he ask if you were feeling ok!!!,angry
“Start caring about Reddit downvotes” has to be the weirdest life advice I’ve received in years.,angry
Yeah that's bullshit and the complete opposite of what you said.,angry
"Even today, many years later that still gives me chills. RIP.",sad
You have to find the right woman honestly and its sad that divorce is so punishing,sad
You were inebriated and eating ratshit.,angry
"Cool so you saw something already posted, didn't want to believe and did it yourself to post it all again?",angry
"Yup, it was a complete waste of time.",angry
Sadly they aren't in control. someone is and he'll always do the worst possible thing.,sad
You forgot our dear friends from Paris,sad
I was trying to make the point that the patient is still having a seizure; it's just not visible because they are paralyzed.,worried
Report her to the police. Physical threats are a no-no.,worried
The Babylon Bee article makes me worry for someone comic tastes.,worried
"I mean this in the least creepy way possible, tell me how it works out NO DETAILS PLEASE GOD NO",worried
Break ups are painful and there’s no way to avoid that. Be honest with your current girl and end it.,sad
"Sadly, that’s not the interpretation that many elders in your church have made. See: the Australian Royal Commission into Institutional Abuse. :(",sad
"I could go, but honestly, it is the worst place on earth. I have 0 desire to do it.",angry
I’m sorry about your pup. At least between the two of them she won’t be neglected? I just feel badly for you.,sad
Y’all some sharks. I’m really just out here trying to be hopeful for the future of my team after a heart shattering lost.,sad
The main reason I left is a hidden mmr used to influence matchmaking in a mode that requires a paid entry. That's disgusting,angry
PARENTS: VACCINATE YOUR FUCKING KIDS OR THE NEXT NAP THEY TAKE WILL BE IN A COFFIN OMFG,angry
Oof that hurt,sad
EMAO fats (Eat my ass off),angry
So sorry for your loss.,sad
I miss old someone,sad
"Bro we got destroyed last time, we’re due for a heartbreaking missed field goal or extremely ill-timed turnover ",sad
I’m sorry for your loss bro ❤️,sad
someone just put a huge hole in my heart.,sad
disappointing click of the day,sad
Too busy being on that stupid ass mystery singer show,angry
There would be a lot of sexual tension in faze...,angry
"Yes but iy also makes complete sense that morty woild want it gone too, so i hate how he instantly assumes it was rick",angry
The whole post reeks of troll.,angry
That's disgusting. Apt.,angry
"Still, it’s legal weed. Sorry, sad someone here..",sad
"You’re right, republicans are worse because they have nukes.",angry
"Holy fuck, report this now. The fuck you doing on reddit? ",angry
This sub is becoming a “Gamers rise up” parody of itself. This is ridiculous.,angry
"The thing is, they've whipped themselves into such a rabid frenzy, literally anything less than the apocalypse is going to be a bit underwhelming.",sad
It's just sad; she was just nice and normal before she messed with her looks,sad
"People who WANT a border wall: idiots, racists.",angry
"I’ve had a hard time finding stuff in the area, occasionally Construction Junction will have a decent old handsaw or two...",sad
PD would probably get us someone so we would all get pump faked until you realize he got the wrong one. Exhibit A someone -_-,sad
“Cracking himself up” nearly made me throw up.,sad
"To be fair, we’re still missing CP3 and someone. This game has been pretty ugly overall though. ",angry
The only thing I remember about that guy was the super racist remarks he made about someone.,angry
I'm afraid if I have a awful time or something like that I'm going to get worse..,worried
"This is more like Instant Karma. The schadenfreude is strong with me, here! Wish I could upvote this twice! :)",angry
Ooooh that was a missed opportunity,sad
"Struggling to get the basics with a $1,000 phone. Y’all need a reality check ",angry
I CAN DOWNLOAD ADS BUT NOT THE THING ITSELF FFS,angry
It's sad that nearly everything seems ok as long as someone told you to do it.,sad
The faces in that drawing are kinda horrifying,worried
"Ah, so you're the reason people hate aspies. ",angry
Honestly never seen one as dumb as this.,angry
Older nurses seem to have less tolerance for the bullshit of hospital work and move on once it gets to be too ridiculous.,angry
Yea idk what to tell ya man sorry. Not sure why it’s doing that,sad
sorry someone! 😘😘😘,sad
"someone didn't contribute anything! someone or someone, please come back. At they least you do something on the court!",sad
How dare they ask me to be a good person! I'll show em!,angry
"Those are liberal comments, you fucking idiot. Liberals are capitalists.",angry
Sorry it was late at night. I fixed it.,sad
I can see why! I would totally be offended too!,angry
"Vamos someone, keep fighting! ",angry
I am here to tell you that it really will work out okay! I have certainly felt like you before. It sucks to feel lonely.,sad
I'm sorry *what*,sad
I feel bad for him and someone i hate seeing the OGs fall #UNITEGAMING,sad
"Same, there was no thanks or consideration that they’d just given her the ‘night off’.",sad
I hope this guy got found and fired. That's way too dangerous. He could have easily killed someone.,worried
I can barely remember when it was even possible to find shit that horrible,angry
someone gets punched in the head and gets a penalty.,sad
"Yeah, well your just jealous that you don't have a cunt like me.",sad
I was just a little disappointed that there is no audible/visible reaction by the character when visiting the graves (also trying to avoid spoilers).,sad
"That ruling is such a mess: it gets the *reason* correct, but the Justices were so out of touch that the entire ruling was contradictory to that. ",angry
Oh god I thought he career was long over,sad
Sorry man I don’t really like duck.,sad
I don't even wear a shirt in the day around the house. Way too hot.,angry
"Let someone think about his performance for this 2 week break, god that was a brutal last 5 mins ",sad
"If you're more concerned about a potential person than an actual person, you should get out of medicine. You aren't qualified.",angry
I was sad when the Hawks lost someone but this Schottenheimer guy seems pretty cool.,sad
Its hard to look at. Its just gross.,angry
She’s horrible,worried
This is beautiful and heartbreaking :(,sad
You're right to be nervous. That happened near my college's campus when I was a student. She lost everything in her wallet.,worried
Who cares honestly.,angry
Mine is 2.5 and trying to drop her last nap. She needs it so desperately though. It is HELLLLLL dealing with this.,angry
"Kinda reminds me of my Uncle, someone.",sad
Still annoying.,angry
"Yep, they expect you to revolve around them, but think they’re exempt from returning the favour. ",angry
"someone “ I’m afraid if I don’t have money she’ll leave me”. Yuh, you’re exactly right someone.",worried
I hate Detroit,angry
How sad that you think because someone wants something we should no longer want it. Grow up you child. Life does not revolve around you or someone.,sad
"Either way, I am afraid his marriage is over. She doesn't respect him anymore...",worried
"Then they're the worst fascists of all time, because their critics have been extremely loud and public, while not being murdered.",angry
Shut up you shill /s,angry
"im not talking about a studio. im talking about *people*. people that you're lying about, because you're an uninformed yet arrogant, entitled child.",angry
This aged poorly,sad
Coming from someone even though it’s a hypothetical question it’s still gotta feel scary,worried
I feel like they're blaming the school for them doing exactly the right thing.,angry
>How do you know I didn't Because you posted this dumbass post. And only someone who didn't would say that,angry
I'm worried that even in the summer we're not going to have the funds necessary to do that.,sad
Remove one D and this becomes a lot worse,sad
"Saddos??? And holy heck that laughing emoji, what a disrespectful sociopath. I'm so sorry you have to deal with her.",sad
kill me. lifes meaningless bc of this,sad
Laws don’t apply when you’ve got money. Sad but true.,sad
I'm sorry you have to deal with this. My mom does the same anytime she loses something. She accuses people of stealing whatever she lost.,sad
Right there with you. 20 years together and suddenly its over. I'm tired of crying and hurting. We'll get through this.,sad
Anyone else want a TE early? Tired of fucking around with the position even if someone did look pretty mean for a few weeks,angry
I read it on NRK as well. Brought tears to my eyes.,sad
"""""""...And what do I find out?! There is no someone. This whole team is a god damn ghost town!""""""",angry
"Behavior I'd consider deeply immoral without showing true remorse (I'm talking rape, torture of animals, that sort of thing).",sad
Suck my good behaviour!,angry
I always cry when someone is on screen.,sad
oh stop IT,angry
What a poor woman who only wanted to tell someone what to do.,sad
"I like someone and would like to see him back, but he still makes me nervous at a high price too. ",worried
Isn't that the point though? That's it's up to the people that aren't scientist to decide if the science has any meaning?,angry
Why all the downvotes? It's a fucking pizza thread?,angry
"> **most government positions**, especially elected positions **don't have any education or skill requirements** FWIW Yea they do.",sad
It hurts to snap out of that denial and face the truth your loved ones are dead... I guess.,sad
Six shots on goal for someone and still nothing. This breaks my heart.,sad
"I'm sorry that America funded a coup, but I get to have my Medicare. - AOC",sad
"Sorry to say it, but you will have to do that for now It sucks ",sad
These rich fucking senators are completely out of touch with reality. Eat. The. Rich.,angry
What the fuck who likes cold,angry
"Damn you, someone. I’m a woman and yours are bigger than mine. It’s not fair!",angry
Yeah how dare the puck not magnetize to someone stick. Not his fault at all.,angry
What's with the buying porn thing? I missed out on it,sad
My barber was thinning my Hair with a new blade and cut my ear. Bled like crazy.,angry
"Insurance covers stupidity, so maybe they'd cover it? ",angry
"Well, I was going to surprise you someone, but what the heck...I’m gaining a bunch of weight to go on disability!",sad
Damn this guy just had a bad day!,sad
This is kinda sad,sad
Looks like you've never been to Paris! The worst toilet in UK is cleaner than Paris.,angry
What a fucking cunt,angry
I want to clarify that I am NOT scared. I punched the mirror because it looked at me wrong.,angry
Quit talking about politics.,angry
Oh fuuuuuuuuuuuuuuuuuuuuuuuuuuuuuuuuuuuuuuuuuuuuuuuuuuuuuuuuuuuuuuuuuuuuuuuuck RIGHT OFF!!!!!,angry
Here's a purple heart for you recapping that! OMG matching romantic scoots I'm cryin',sad
"Goodness, If you carry on saying mean things like that you might just hurt my feeling.",sad
"As a personal agent of entropy in this world: Damn, what laptop do you use?",sad
How old are you? It sounds like 90% of the guys you know who are your age also don’t have their shit together,angry
"""!remindme 4 days """"Stupid Entitled Parent, sunglasses""""""",angry
A fuckin men,angry
"So unsurprised by this, one of the most hated people in the music world. ",sad
Why is this getting downvoted. I love Meepo so much. :(,sad
FIRE THE MEDICAL TEAM.,angry
"To think that Doom GOATs isn't even EM's strongest form...damn, no wonder the someone are 100% on EM",angry
Another senseless tragedy.,angry
Fuck your opinion apparently,angry
I met up with a woman who was 49. She reminded me of being old. That isn't attractive. Youth makes you feel alive.,angry
Mother of someone... Im not grossed out very easily. I can stomach just about anything. But this made my fucking skin crawl....,angry
HHahah. Right? I’m scared,worried
Me too! I got scared that I've been laundry inpaired my whole life and never even realized it!,worried
>Teamates lap ruin Omg nothing makes me so angry same as running towards the hook or gen with the killer behind. Run somewhere else!,angry
"I wasn't meaning it as an insult or anything, sorry if it came off that way. ",sad
This is horrible,angry
yeah i misread billions as millions. my bad,sad
I'm not surprised to read this within the sub it's in. Bunch of knuckle dragging storm troopers WOULD be angry to see people liberate themselves. XD,angry
"In reality the kid said: “fuck off noob, Genji grandmaster main here boiii”",angry
Everyone panics when they are on fire.,worried
no your are disrespectful at least i pay my respects,angry
I've edited my comment. Still a shitty game.,angry
Maybe you were depressed because your place was a mess.,sad
I'm so jealous!,angry
My condolences. Lost my cat Zoey over a year ago. I still miss her like crazy. she was only 3 years old too.,sad
get your ass to mars!,angry
"someone, what? Why are you even here. Fuck off.",angry
I'm flying home to stl tonight. Land at 8pm. Have to get all the way down 44.....fuck.,angry
20 cents we use to pay in our small takeaway shop wtf are you talking about,angry
I did that in origins but now that theres mercenaries and its sooo annoying to deal with them so i stay as quiet as i can until im caught.,angry
"Ha, my husband goes out after you guys have done your thing and checks for himself, he's been burned too many times.",angry
Hello. I’m sorry you’re going through that. Why do you think it’s impossible to leave?,sad
Nothing more Jersey than the sound of car horns over someone rambling out an annoyed answer to a caller.,angry
I am so sorry those kind of people make me sick,sad
No surprise there. It was always his policy to table it upon the deal's failure in Parliament as was set out at the Labour conference.,angry
Ok. Hang onto shit you can't change and be whiney about it. This is a reason why we catch shit. We can't take it,angry
"Please get your soy away from me, i’m allergic.",angry
You again? I already told you this isn't the right place for this.,angry
I’ve got bad news for you about NFL locker rooms if you’re offended by homophobic slurs....,sad
"Oh man. Hardest lesson for me to learn as a new dm was that even with experienced players, combat with 7 PCs is brutally time consuming ",angry
"What she is doing is child abuse, plain and simple. Fight with everything you have to protect your kids. ",angry
"""""""IT'S GET YOUR GAME ON! SAY IT RIGHT!""""""",angry
New Title Idea : Man gets assaulted for voicing his (albeit awful and disgusting) opinion.,angry
"Damnit, you beat me to it.",sad
It’s crazy that people know this and yet rake someone over the coals for not wanting to talk to someone.,angry
His last post to T_D was to try and rile people up to get someone,angry
That last sentence pains me,sad
Learning to read was the worst mistake of my life,sad
"> Woo that sadness out Welp, never gonna be able to have a night out on the town again without this coming up",sad
"Haven't noticed this comment before but, fcking someone, someone really has become a household name hasn't she...?",angry
"P3 hit me so hard in the feels that every time I hear a song from it or watch anything P3 related, I just burst into tears.",sad
"Honestly at this point they need to do that or adjust someone 3d model. The command grabs literally go thru opponents constantly, it looks weird as hell",angry
Stop lying to me,angry
Damn i am sad that got deleted,sad
"Quitting porn only helped with my performance in bed, other than that I’m still anxious as hell in social spots ",worried
One of the very few individuals to survive a shot to the head. Very unfortunate since he had a couple of more good years ahead of him.,sad
"Pretty much, it’s ironic to think how quickly the parties would switch positions if the illegal immigrants were expected to vote 90% for someone.",sad
You are one pathetic human being.,sad
Oh I hate him even more now.,angry
"I can feel that already, I'm already getting pain at time with it, but I can only imagine the pain after for healing.",sad
"I never imagined the world would get so weird that I *wanted* to believe the conspiracy theorists, but here we are.",sad
You are oddly defensive about a random chef. Did you come to /r/wewantplates just to insult people and build up this chef? someone,angry
What a horrible person,worried
"omg, poor little bean ",sad
You will also be removed from a jury if you utter anything about it.,angry
"Sorry man, losing the championship after picking him up this year is a tough break",sad
This is a reliable estimate. It could happen as early as in the 2020’s if were unlucky,sad
someone a fucking creeper. Doesn't he have some weird ass relationship with that 14 year old girl from Stranger Things?,angry
Ha me too. I’m afraid we’ve been called out,worried
"My misunderstanding, I thought you were questioning why people thought we needed a change.",sad
You look like a failed attempt to gene splice someone and someone DNA,sad
The girl on the right got glass stuck in her leg poor girl,sad
Same. All other map on OG with SSD were fine. someone drops and it's terrible.,angry
"That's the death mark, Looks like you've been chosen for sacrifice. Sorry bud",sad
I killed them for the first time in my most recent playthrough and regretted it. The replacement council sucks just as hard.,sad
I apologize for doubting you.,sad
To be fair that would be a hella stiff drink.,angry
I saw 25yr old with 3 kids and a house. How do u think I feel. I'm over 30 and still single.,sad
Please never don't not reproduce.,angry
As a Dolphins fan this hurts me,sad
That’s horrible. I’m probably going to donate to them I can’t imagine not missing out on a season because someone stole.,angry
Fuck this boring ass 9-5 corporate bullshit. I feel like starting a podcast about the Bulls.,angry
shut your deregulating lying mouth bill,angry
There's those people that compliment me all the time and you can tell it's so forced and fake and I honestly dont know what to say,angry
"His base is too large to knock him off. Unless he gets impeached/indicted/god knows what, he’ll probably be it (sadly). ",sad
Screaming at this reply,angry
When I went on a first date I only took like 2 bite of my food. Felt pretty bad,sad
"Yeah i miss lectures for this exact reason. Its pretty bad, but what can ya do :/",sad
"Its the absolute lunacy of liberals when they see a MAGA hat, that baffles me. ",angry
"You guys are heartless, smfh.",angry
Stop all the bullshit. Keep AB. Pick one.,angry
Mate it's been nice the last couple weeks. You're gonna die when a stormy period arrives.,angry
"In other words this looks bad, so we’re trying to distance ourselves from it. Yeah too bad NRA. Zero sympathy from here. ",angry
Predatory towing is getting ridiculous. I have up to date stickers for all the properties I maintain and have been towed twice. Fuck em.,angry
"And then they clapped and gave you $100, I'm sure",angry
£10 for copy pasting a wall of text from /r/gamerghazi? Why would I want to do that.,angry
I just housed a transgender person for a few months after she came out to her parrents. So people are so cruel.,angry
The lucky ones died quick,sad
I've removed your post for witch hunting. Please be mindful of that in the future.,angry
Which is why not only did PR lose but RUP was not the first choice sadly even if it had won in BC :(,sad
This is super duper nasty,angry
Not all of us young teens eat tide pods Mom would be sad,sad
Winter depression has finally gotten to me. So damn bored even with all these bowl games on.,angry
"Tried so hard and got so far, in the end it doesnt even matter",sad
whats it like being this stupid?,angry
"Got boarded, ejected, and ship damaged... very poor tactic.",angry
Franz Ferdinand are awful too,angry
I hate poetry,angry
"YES PLEASE... I thought they did a while back but maybe not. Either way, they should! Very annoying.",angry
a celebrity i like had his appendix out and tweeted about how surgery left him with an ugly belly button 🤣,angry
Yeah. I killed them both.,angry
"someone, [get_user_id] is a moron.",angry
Seriously Creepy.,worried
The post in this screenshot and your comment shows how fragile you guys really are.,angry
"Im really sad, and there is alot more goin on but i dont know how to tell it.",sad
That’s depressing,sad
Damn it. You beat me to pointing it out. XD,angry
You guys don't know what you're doing to me,angry
Sweaty irritates me. But Its not exactly drag lingo. I've seen it on so many other subs too.,angry
I'm kinda afraid to ask but did anyone reply?,worried
Shh don't spoil it for us,angry
Score is currently 12-12 when 25:th round begins and someone has 35-10 stats. Insane.,angry
i am uncomfortable,angry
I have trouble even remembering what true happiness feels like,sad
I know! Or close the door of the room where the baby is sleeping? It's too sad for the poor thing to be locked inside.,sad
I hope Dallas gets close and loses in heartbreak.,sad
What the fuck? Why would you ever say that? Downvoting you smfh edit,angry
Fucking coward.,angry
all the more reason to not give a fuck about CFF,angry
Thats harassment brotha. Do you double dare me,angry
"Ooof, I’m so sorry, that is rough.",sad
I hate the way someone kisses people. Like smushing his face in a figure 8 on their lips. Ugh,angry
"I feel bad for them now, but if they ever get good I’ll hate them like the rest. ",sad
"they're called queens for a reason, fuck democracy",angry
What in the fuck was someone doing there,angry
groceries are getting crazy expensive,angry
also anxious that people will be angry or surprised or upset at me for me never telling people about this before,worried
#OMG TERRIFYING!!!!,worried
"""I hate it when the suits call our oncology program a """"service line""""""",angry
You have no right to be there waiting to be nudged.,angry
"An ex-friend of mine proclaimed than anyone who speaks of being raped is a horrible, unethical human being.",angry
How incredibly dangerous,worried
You're saying it's depressing to see someone eating whilst other people are starving.,sad
I would be creeped out.,worried
Oh boy I was wide awake when I lost my under 51.5. someone can go fuck his ugly self,angry
"So sounds like she was raped, and she seriously needs to press charges, this bartender needs to be raped in prison big time.",angry
And most ironic. We created the language but people still don’t properly understand us as the mutated the damn thing,angry
I feel so guilty that this picture exists. I feel like I need to donate to charity after this.,sad
"Because you're not making one in any coherent way. As such, I'm done. ",angry
Couldn't happen to a nicer piece of shit.,angry
OP inserted the F into “of” to make “off” and now it’s truly upsetting.,sad
"Man, this analogy is frighteningly spot on. Makes me sad for the province.",sad
"yup today hit me extra hard since im unemployed. i feel like im not meant to work, or meant to do anything really!",sad
Whatever that means.,angry
She has major SB😖,sad
"I thought it was something about the dog not smelling your drugs, but now i'm just sad that you didn't get to pet it :(",sad
"I'd say the bigger potential problem is getting reported for public indecency, that goes on your criminal record.",worried
"Damn, that's low. ",angry
Literally all of them have said and done MUCH worse than anything someone has.,angry
someone you people are so fucking dumb,angry
I mentioned it was only for three weeks. I know it’s not over yet.,sad
"I watched that worm fish sauce thing. So gross, disgusting, bleh, NO,NO, and HELL NO!!",angry
"Well yeah, you've gotta paint it white yourselves",angry
Ive seen that move no less than 5 times and I still get irrationally angry at the Harvard rich kid,angry
"Living here. Now my daughters biggest aspiration is to leave this place, and I can’t say I blame her. ",sad
He is so boring ....,angry
"the trajectory of that is really weird! But someone, that guys arm, hand, possibly head is not liking the next .01 second!",angry
"Honestly just tired of this shit, people who'd rather see us tank than push for playoffs. Literally want us to be the fucking Suns.",sad
Fucking someone with lazy passes all night long,angry
I’m sorry on behalf of all the idiot guys. They didn’t take my class. How Not to be Creepy 101.,sad
My brother fell asleep on the beach once and his whole back turned purple from sunburn and yours is still worse than his! My someone!!,sad
Talking about scary foreign people spreading disease is a classic xenophobic trope. Vile.,angry
"Look! More complaining about people complaining, thus compounding the issue! What a happy little circle-jerk : ) You guys will never stop.",angry
My bitch dun left me All alone She took mah squeeky ball And mah rasty bone,angry
Eat my fuck- someone,angry
someone damn that apron bump looked like it sucked,angry
"someone looks too creepy,but it's a very nice drawing.",worried
Hes not the best at communication which is a big red flag in my book,sad
I am sorry but you have to accept your reality. Thare ain’t nobody here who can help you on this problem. Just call 병무청 ASAP,sad
It's been over a decade since consoles decided to mandate wireless controllers and I'm still annoyed by it.,angry
because you are in danger of appropriating methhead culture.,worried
I was freaking out watching this. WTF are the parents!?,angry
"Apologies, I should have been more specific. Where abouts is JD? ",sad
Everytime I confront her about she gets super pissed and things I’m “overreacting”.,angry
"Because you didn't realize MEPS was an acronym? Yeah, definitely taking anything you say to heart. Piss off depper. ",angry
TRENDY PEOPLE DANCING WITH PRODUCTS,angry
tbh college has been a hair easier for me than high school. The worst of it is making tuition and trying to register for classes,angry
Can you imagine not being able to pick your nose THE WHOLE GAME ! Those poor bastards.,angry
This is painfully fake,sad
Doing nothing is the most tiring thing there is.,angry
Guys who work on aircraft usually have hard time hearing. Its unavoidable.,sad
"Yes, you just push. I've been having periods for 29 years (bloody hell) and I've never managed to get to grips with applicators.",angry
"Most of the people commenting in /r/Libertarian aren't libertarians, but are just there to tell libertarians how stupid and evil they are.",angry
With a lot of severe brain damage after being beat back to life with an ugly stick.,sad
This is painful,sad
I just want to die. I don't want to keep trying.,sad
I actually want to die rn. I don't want to watch the SB but I know I'm going to.,sad
So you could say that this is one of very few subreddits that manages to somewhat avoid political spins and that the original commentor is a worthless shill,angry
Why are our trolls so boring :(,sad
You clearly don't have a clue about someone career so don't start worrying about it now.,worried
that dude steals so many tweets. i hate him,angry
From heroic cancer survivor to bad Italian boy. What a world we love in,angry
someone i feel personally attacked,sad
">Some ~~drugs~~ people are just... Scary... Some drugs tend to bring out what's bubbling under the surface, so in that way, yeah. ",worried
daaaaaamn girl!,angry
This sounds familiar. But no it will be someone fault. She MADE someone hurt you for the greater good. /s,sad
🙄 i hate these people.,angry
Life is Strange is terrible. Absolutely zero gameplay...,worried
Crafty little bastards.,angry
Damn how do you post something directly to the front page?,angry
You must have depression and anxiety.,sad
"Damn, that's the only war we lost. ",angry
That’s horrible. Only religion could make an otherwise normal person want to show a torture and murder video to a child.,worried
Everyone is sad on this sub dont take it personally if you don't get any replies.,sad
Ooof. I have a hard time trusting asexuals who declare this information mid elationship.,angry
Slightly too pissed off with this comment to merely downvote. Not angry enough to begin tirade. Lunchbreak ruined.,angry
That's far from what happened and there is overwhelming evidence to the contrary of the circumstances of her death that it leaves no room for debate really.,sad
McDonalds without sauce is just sad... you take away my garlic mayo and my barbecue sauce and you take away my soul,sad
"You can't be worse than someone, your hired!",angry
The fact that her pillows are brown is way more disturbing to me,angry
Anyone else not like optics logo this year. The 2 greens look awful,angry
this is so niche but i still felt that shit in my bones,angry
Ouh shittt my dad is also going to be surprised,angry
Too bad that's not the case. I'm happy I'll one day die.,angry
Struggling to find :(,sad
I went there once and was like “yeah neat I guess” around the same time. Totally forgot about it until I saw the pic of the door,angry
someone yer fucked.,angry
Stupidly stubborn / stubbornly stupid,angry
> Crab Rave Ayyy I've never seen this before I kinda wanna go but seems scary.,worried
I’ve been kicked in the leg my foots been stamped on. I can’t imagine the pain of this,sad
"FFS. I find very few things more upsetting than reading their vile, twisted thought processes. ",sad
We are usually way worse in the 3rd tbf,sad
>lox is optional How dare you put 'someone' in your flair! How dare you.. Mods! Mods! Apprehend this impostor!,angry
"I have seen this gif like once a week for a year, and I still cringe every time. ",worried
That as absolutely insane.,angry
"That was such a bad yellow, he had the height and positional advantage such a bad challenge",angry
I heard the same thing after she had made false allegations and tried to hoover me back . Its so triggering now .,angry
someone you like picking and choosing. not how life works. not how fact works.,angry
">Downvote me, you cowards.",angry
damn those unlimited lorries. Must be in a hurry to get back to Cork.,angry
" a thing, and I’ve had my share of Whistle Pig Pie. I hate me ",angry
A year ago I said that this continuous ISO by Houston is disgusting to watch. It s still disgusting.,angry
"Definitely accurate, lasted about a month total in a Disney “internship” program... was more like slavery. Terrible experience that ruined Disney for me",worried
And unfortunately videos like this act as a constant reminder that most people are complete dumbasses. Sad really.,sad
He's transcended fuck-you-money to fuck-me-money territory,angry
"""There's too much focus on """"our side Vs their side"""" and things just seem to be getting worse""",angry
Putting any human on the same level as someone is sacrilegious and you should be ashamed for spreading such blasphemy.,angry
I'll take the Akot 3 but man that shot is ugly,angry
What I find disgusting is thinking you can be a liberal and a ecologist. Anyone has its own ideas I guess.,angry
"I worry about throwing draft picks around, but a guy like that is worth it IMO.",sad
>ribs My condolences on your loss.,sad
A guy tried to do this in France after the French Revolution. Did not go well.,sad
You mean 0.08 - at 0.8 you'd be dead about twice over,worried
"Oh look another stupid comment, original but not unexpected.",angry
You're really stupid if you believe that.,angry
I am 33 and I still regret things I said in the 5th grade.,sad
Preach my dude I know how it feels to get downvoted by the sheep,sad
no do not destroy someone pope and glorius god emperor will cry :((((,sad
This is the worst thing I've ever seen. Take my upvote.,angry
Having that thought kind of makes you an asshole,angry
Might not have fallen if little miss someone didn’t have to pull her skirt back.,sad
I believe it was a severe dislocation as opposed to a fracture. Regardless....poor guy....,sad
I feel so stupid. I’ve never made the connection between someone refusing to play for SD and someone,angry
"YEAAAAHH!!!!YEAAAAHHH!!!!...oh, here ya go, doom-di-doom...",angry
Heart breaking* sorry haha,sad
annoyed at most,angry
This is scary.,worried
Easy: he’s completely unrepresentative of Colorado and really bad at his job.,sad
"If this is actually real it is really fucking stupid.. 400mg of nicotine!? Clearly you're looking for something stronger, might as well try heroin..",angry
I don't have children yet so I will just have a long conversation with my balls tonight,sad
Those inflated monopoly prices go back into Ontario coffers for services like roads and schools! How dare you question them. /s,angry
The least offensive example of anyone I've seen telling me to go fuck myself.,angry
Rape kit test from six year old migrant girl revealed DNA from 30 men.,sad
A fucking centaur,angry
The fact that they're flying their drone in the rain gives me anxiety.,worried
> it. Just because they're not vertebrates doesn't mean we get to kill them for amusement. It literally does though,angry
"Not gonna happen, pure delusion I *aggressively* call this ridiculous bluff",angry
I'm sorry you poop your pants every time someone mixes those words up.,sad
Looked like it hurt,sad
"I understand what he was trying to say, but someone it came out badly.",sad
"Well, he was until season 3, which was ironically when someone made them take that test.",sad
he wanted to piss off his neighbor next door that yells at people fir walking in his grass.,angry
Players like this makes me rage quit tbh.,angry
What absolute garbage,angry
"Probably clipped wings too, judging by the way it went down. Idiots.",angry
"I'm more than sure we someone lovers feel the same way, her outfits are awful",angry
"someone is so rational, I’d just cry really hard if my parents spent all my college money 💰 ",sad
Orange fan sad. :(,sad
Wow guns and ignorance. What else is wrong with her?,angry
It's so really sad how praising the Creator (someone) has become something associated with terrorism... Astaghfirullah.,sad
"You're being a total narc, bro. You're so narcoleptic.",angry
^ I find both creepy tbh.,angry
"Nah, I know why I am depressed, and I'm sorry to say it has nothing to do with you. ",sad
You crush them up,angry
I feel this but I also sympathize with mentalcels because I’m mentally ill and it makes me feel even worse.,sad
Except it's the NFL an he can say fuck it an demand more money at anytime and I wouldn't put it past him.,angry
Dammit!!!,angry
Trust me man. Don't see it. It's scarring.,worried
">For those of us who stay, there may be more unhappiness than happiness. Probably the saddest thing I ever heard. ",sad
So edgy.,worried
"yeah guys, stop complaining about violent mobs and join one!",angry
I prefer men under 5’10 but I’ve never heard anyone piss and moan or call *that* discrimination.,angry
that most of the fandom does not get that reference is depressing,sad
So many someone killed in Hoi An. someone damn do I love that exchange rate.,sad
Well thats just mean.,angry
Yeha he failed to qualify unfortnatwly.,sad
Disgusting amount of oil.,angry
I miss it but it was op,sad
I'm 25 and I still don't have a license. I'm terrified of driving and get anxiety every time I'm behind the wheel.,worried
"> If you have a point - make it. I did, I'm sorry you missed it.",sad
"Ah. I thought you meant ads in general. Sorry, bud! ",sad
Can you even imagine the brain damage required to think like that? someone.,angry
I miss someone. Shame he had to get injured while he was here,sad
My entire body aches now,sad
Just saw your edit. What the crap. Guy was obviously creepy.,angry
stop making me cry man,sad
"You can call me a bitch, and it's cool because you also aren't expecting me to pay you for doing it.",angry
"They hated him, because he told them the truth",sad
this is hurting UCF's chance at a super bowl,sad
"I loathe him too, but I couldn't even get on board with lynching him. Not even that obnoxious twat someone",angry
"He was cut yesterday, unfortunately",sad
"Same here. And I really dislike strangers and groups, so groups of strangers are a next-level nightmare. ",angry
"FUCK YOU CHAD, WE ARE COOL GAMERS RISE UP😎😎😎💯💯💯💯💯🔥🔥👅 BOTTOM TEXT ",angry
"someone passing is worse than usual. It's alright, but god damn is it painful to watch.",sad
"Man, dropping is rather dreadful but nothing’s more dreadful when you can reach into your pockets expecting it to be there and it isn’t ",worried
Getting tougher to make those mortgage **and** car payments.,sad
Goosebumps had the same take on those too. Those books used to scare the shit out of me,worried
That’s not a fucking card?!,angry
This is disgusting.,angry
In foreign policy terms we're no better than Russia. We're guilty of everything they are.,sad
Missed opportunity to put someone,sad
"You don't need to screw your face up like that, it's already screwed up enough.",angry
Get your feet off the table...,angry
This shirt is directly aimed at some very ugly individuals,angry
Truly wretched.,sad
You know better. People will just ignore this and move on to their next talking point.,angry
The Tommy Gun as a crate weapon! Just the worst feeling.,angry
"For serial rapists, its not about the physical pleasure. Its all head games. Damn freaks",angry
What I know is you seem perfectly comfortable being a hypocrite but utterly outraged at the idea of admitting to it.,angry
Aghh bacon is actually the worst. The smell of it is soo disgusting you can smell the dirtiness,angry
It regenerates hate. It's hate motivational.,angry
I was suffering a delirium flu during the phantom facemask game so it’s all sorts of suffering for me.,sad
"Damn, that's dark",worried
"Damnit - I'm blind. It's 6am here - I should really go to sleep, but I want to see what happens next.",sad
Should of just stabbed her up tbh why let someone steal from you,angry
Btc is a shite coin,angry
Sorry just seemed like you were trying to make it a someone thing,sad
I sleep alone on the floor. That was a bad idea...,sad
Cursed image.,angry
"It sucks being unattractive. It pisses me off that there are so many beautiful people in the world, and I ain't one of them.",sad
That moment when you can't even get mad when you realise it's another sad boring troll with nothing better to do than creating alt accounts .,angry
Ah fuck.,sad
Apparently not successfully.,sad
"Problem is, it is Bantam and younger. I can teach breakouts easy enough and I don't need a panicked D zone to do it.",angry
Sucks to suck,angry
"Everytime I see something in this sub that looks sharp, I get very worried. ",worried
That is so beautiful. It makes my heart hurt that humans can be cruel to animals when they're aware of having so much emotion.,sad
I graduated in 2002 and had history books that ended with someone 2nd term. I had great teachers but terrible materials.,worried
I apologize for my error. I'm not currently up to date on my regional flip flop styles.,sad
"I apologise for coming off as rude, the end comment was unnecessary and needlessly rude",angry
"Yeah, people die in civil wars. Stop.acting like the someone are just killing someone while spouting made up numbers",angry
"It’s so hard to be a mommy! Chasing kiddos. Work, work, work!!! ",sad
Uhh..class 4 is unknown dental class after 13th month without exam or no initial exam. *sorry*,sad
Fuck her. I hate her so much. I wish she’s just vanish back to Indonesia with her mustache.,angry
I hate to be the bearer of bad news but she is more than likely dead and will never get to say goodbye,sad
How the fuck do you moan tho,angry
"I know, and the unfortunate thing is many of my friends in this area have had somewhat similar experiences with dudes who just are just total creeps. ",sad
So true it hurts.,sad
"Wow that is one part disgusting and another part a huge waste of time for expecting an entertaining payoff. Warning, this video also includes spoilers for the latest Avengers.",angry
That has to be the saddest nba account ever. Like 4 likes every post :(,sad
"The unfortunate thing is that, right now, that **is** how it works in politics, it’s just been made extremely obvious the last few years. ",sad
Reporters shouldn’t be afraid of governments - governments should be afraid of reporters.,worried
What happens when a Jedi gets PTSD? Play this game to find out. Hint: ITS FUCKIN BAD NEWS SON,sad
ooh boy that guy went off the deep end and drowned,sad
no the first part about UK becoming a failed state. Why do you think a lot of someone would not want this to happen?,sad
"As a strip club connoisseur, this is one of my biggest fears. ",worried
Yeah until the last one has creepily wed and reproduced.,worried
they're a bit expensive anyways,sad
"Please, please, please don't do that to yourself. You'll end feeling worse when this guy leaves you. ",sad
"Naah, someone fans got depressed when someone didn't die",sad
That’s gotta hurt.,sad
She might just be bitter over her own relationship and this is a painful reminder in some way.,sad
can I use I can't believe it's not butter because my boyfie doesn't make over 20k :(,sad
I might be in trouble in this case. I have 7 years going on 8 :(,worried
I'm now scared to post this link]( I guess I should [stop.,worried
I’m thinking it’s from when she was abused when she was pregnant and lost the baby.,sad
I went to the pharmacy to get vaccinated (sign said for free) and they turned me down for not having health insurance... so,sad
Why am I gonna do? Stop the ant? I’m scared of him too,worried
i didnt realize i was avoiding a question. i am afraid to talk to cops to be honest. even my own mother doesnt know what i saw,worried
"This is just sad. So, so sad.",sad
It’s too cold to go outside most of the year. Whining into webcams is all they’ve got!,sad
BP can bulwark counter A good number of deflects and even drop attacks We have more than that to worry about,worried
"Sorry I now see how that was unclear, I mean being a unicorn on the internet by admitting you may have been wrong ",sad
That is absolutely terrifying to me. Oh my god. The idea that she was trapped as a toddler her entire life is just... wow.,worried
I'm so sorry that someone has convinced you that his insane aggression isn't important.,sad
Why are you sorry for your grandma? She did what she had to do in order to get what she had paid for.,sad
Depression is being sad when there's no reason to be. Losing two ws back to back now that's a reason to be sad,sad
This looks like don't hug me I'm scared,worried
My heart broke for him when his wife suddenly passed away. I worried about him with his issues with depression but he seems to be doing okay.,sad
Sorry that's a mistype. I mean equally irresponsible,sad
Sold out. Sorry my dude!,sad
The reduction in class size seems pretty small and insignificant.,sad
I was sad to see emails from multiple downtown restaurants offering free delivery through grubhub. Deliveries are going to be brutal.,sad
"""But terrible people is my """"type""""""",worried
"Really? Hey mods, I have this pain in my lower back just about _here_.",worried
How many gallons do we need is my favorite so far. The sad part is that it was always pleasant.,sad
That someone part killed me!,sad
"I'm sorry to hear, come see me when you die.",sad
Sorry I was being facetious,sad
This actually happened but no one clapped,sad
Yeah its too bad that there was someone at a university who wanted to research this and he got shut down.,sad
"i’m running, hiding & avoiding this man. poor girl. her story is a sad one ",sad
This is scary!,worried
I can't remember a time during my early childhood where I didn't dress up like my mom and almost break my little ankles in her heels,sad
I'm not a gamer but I always feel bad if I kill an ant or some other bug like that for no reason :( instant regret,sad
>it is fleshy I am horrified to learn that my flesh is fleshy,worried
Done and done in the memory of someone. I am sorry for your loss.,sad
"""I think the saddest thing here is that he thinks """"by-my-self"""" is how to write that.""",sad
"It means that someone campaign colluded, contrary to them saying otherwise. Sorry if you voted to advance Russian interests.",sad
This is the saddest thing I've seen today,sad
"Marginal taxes was taught in my high school economic literacy class, it's so sad that so many people don't even understand the basics of our tax system ",sad
"Sorry man, it’s gonna be really hard to find a Rose jersey anywhere that isn’t a 3XL",sad
Omg creepy!,worried
"Uh, sorry. We're under trumpcare now.",sad
Honestly i have no clue. Just got my feelings hurt by the mean things he was saying to nurk and wanted to cyberbully him in response,sad
Thought i was already there with the terrible title.,worried
Finally a whole season and 3 jornadas too late.,sad
Oh... I'm sorry. You holding up okay?,sad
The worst part is the character in the image behind it is great and this just hurts to read in his voice.,sad
I’m at a loss for words,sad
"True dat, I lost hope a LONG time ago",sad
Poor crack baby 😥,sad
"Do You Realize, by The Flaming Lips. But it's not really ruined because we ended/still are on good terms. It just kinda makes my heart feel heavy.",sad
Seeing him RT rev gave me some hope which hurts worse,sad
"I regret not grabbing my work laptop today, then I wouldn't have to leave fort blanket until Thursday. ",sad
Yeah some kid in a BMW ran me off the road. I didnt just crash had some help.,worried
Done it since I was a kid I was very edgy,worried
"Sorry, your diverse, inclusive baby was aborted.",sad
Umm Hmmm. Too bad someone can't be reached via Ouija Board. People really need his help.,sad
Welcome to the depressed group,sad
"""""""Yeeaah, I know you're homeless and all but apartments are actually really boring. My most beautiful memories were all made outside in nature.""""""",sad
Waiting must be really boring,sad
What a pathetic reply. I know we’re all supposed to be nice here but c’mon.,sad
"I can't imagine who IS, the whole thing is so cringe.",worried
That's the stuff of nightmares right there,worried
Good deeds don't buy off being shitty. This is why someone is remembered as a monster.,sad
"Yup, lost a whole train station inside of their houses. Great loss ",sad
This kills the country.,worried
"Oh dear, The combination of drugs, alcohol and a cell phone has caused many regrets. ",sad
The EU delusion:why a utopian project was always doomed to failure.,sad
"She might just be insecure. You do have a bit of an age difference, so she might feel like she doesn’t match up to you.",sad
This makes me wanna die,sad
Looks like you got it bad. How soon till you can get out on your own?,sad
They really aren’t people. They were slavers. Civilized people should have only one answer to that sort of behaviour: violence and death.,sad
> ...he was afraid for his life... I see he has mastered the magic incantation.,worried
It’s sad that some parents can’t accept some simple mistakes.,sad
"Normally yeah but that was my friends first match ever and to encounter such a killer, who was running noed too is kinda disheartening for him",sad
I told their kid that it was okay to be upset. (He was anxious and I was validating his feelings.),worried
"Sanctions are immoral and don't do anything but cause more human suffering, disappointing to see that this sub will support them, but not really a shock. ",sad
And that's an issue. Councils are *so* unrepresentative it hurts.,sad
me as fuck,sad
One of my biggest regrets is that I never got to see someone in person. Incredibly talented and the league is clearly better off for it.,sad
I'm glad you're doing a bit better. Sorry about your grandma. Good luck.,sad
Drunk and crying in bed with my pets. :|,sad
Sadly the Request a Book of religion requires a phone number now. But if you have theirs it might work;,sad
I'm lost here,sad
toy has lost its value,sad
What a terrible list,worried
"Really!? I thought it had, or at least it should. Guess I'm better off leaving too",sad
"I’m sorry to inform you, it’s worse. ",sad
I am a dishonest and disrespectul,sad
I am so very sorry that you are dealing with all of this,sad
Hate to see him go. The only thing I’m complaining about besides this was the hagelin trade back in November. Both hit home,sad
"""screw up phrasal verb of screw INFORMAL•NORTH someone completely mismanage or mishandle a situation. """"I'm sorry, someone, I screwed up"""" Is a murder mishandling a situation?""",sad
I have cried in hotel rooms before thinking about the loss from discovering it is a lie. It's tragic and wonderful at the same time.,sad
"I am sorry for making fun of your username, I sincerely apologize.",sad
"My parents died. I wish they were someplace warm that I could visit them with their grandchild, and they could visit too.",sad
You are right and why you get downvoted?,sad
someone this was hard to get through. Please crosspost to r/sadcringe,sad
It’s only missing a line that says “who was born in June” for absolutely no reason,sad
This literally broke my heart,sad
This is the noise I make in my girlfriend’s ear while y’all are still scared to moan,worried
"Rejection always hurts, even just a little. Sparing her feelings may mean she doesn't get the meaning. Be direct, kind, but direct. ",sad
"Last time I tried to post, my post was deleted because I didn't have enough karma, wasn't even that long ago...",sad
Glad you're rid of me? Pretty obviously breaking the sub rules there.,sad
Was less worried about spelling and more worried about warning everyone in the match,sad
I’m sorry about your friend.,sad
That sounds so terrible. I'm very sorry.,sad
"I don't wish abortions on any woman. It's a terrible thing to endure. Necessary, sure, but it's still grim.",worried
The sad thing is that most of them are gone the next election anyway.,sad
"Sorry to hear that, I hope you're doing better now.",sad
this video makes me sad,sad
I'm painfully aware of that having bought a FreeSync monitor with my Nvidia graphics card.,sad
Maybe check the song title one more time chief. Love the song tho. Also today’s a Scared of the Dark kind of day for me,worried
He looked so sad when he was talking about how it feels to be getting criticised 😢.,sad
I feel personally attacked.,sad
You’re looking at hard time mate,sad
Hard to swallow pills. This sub is meh now,sad
Going to get hard for everyone after brexit,sad
Poor Target didn’t make enough millions during one of the most hectic Christmas seasons I recall in almost 2 decades. Gotta save that payroll though.,sad
That’s on Canada. Sorry but I gotta give credit where credits due,sad
"She haven't tried contacting me in 2 years, i guess she lied. Congrats to me, I won the 'miss you more' game. ):",sad
Yepp. I've struggled to hold a job so I'd be in trouble without it.,worried
Definite Fridge Horror moment for that movie. That poor man.,sad
"Im sorry, my autocorret happened. But i think you can read between the lines? Or maybe just go full r*** :)",sad
"Unfortunately, this sub is slowly being populated by prequel revisionists and the good-ol-day guys. ",sad
We all are afraid of losing our jobs here or being blackballed all the same.,worried
"Of course they do, feminists are self-absorbed pigs that just want to control everything and never be held accountable for anything.",sad
Eso me cae bien. I was just thinking that contending to make the playoffs in a few years was a depressingly low goal.,sad
I am so sorry! I hope you are okay!,sad
Bedside report is terrible.,worried
"someone, my eyes are hurting from how furiously they're rolling in my sockets right now.",sad
2.5%? That not so great for someone.,sad
"Will see,still better for Chelsea then someone who looked completely lost and devoid of any confidence lately",sad
"Damn it, now that he's out of prison he's unqualified to work for the someone administration. ",sad
I'm still so sad we never got to see someone witnessing his miracle baby's first steps. ☹️,sad
Nervously laughs in anxiety,worried
as much as I could tolerate - sadly I gave you a view.,sad
Imagine thinking like this. I feel kinda bad for them.,sad
This gave me ultimate anxiety,worried
that number 3 is soooo familiar and sad.,sad
I'm so depressed,sad
2017's sky high fees proved that this tech fails on a large scale. It's a disappointing reality.,sad
"Well I can feel it was mentally hard bringing myself to go full someone and shit talking prior to the plate, but this is some cutting edge analysis.",worried
I was/am the same. I'm the one pushing forward with the divorce though. The feelings of loss and fear are overwhelming sometimes though.,worried
Tear all of it down - that place is such a horrific example of trash civil engineering,worried
"Oh, sorry",sad
So glad she died,sad
I must be getting old. Much more likely to be horny at 2 pm.,sad
"don't know any someone, sorry",sad
I'm so sorry,sad
I'm too late to rub this into all the casual's faces. :(,sad
Because someone is a man child who can’t stand up to his mother,sad
"Sorry, but this was already on our front page recently, so I'm gonna have to remove it. ",sad
Been saying this shit for years. Sorry not sorry,sad
Reality is often disappointing,sad
Absolutely horrible.,worried
Yikes - I'm so sorry things fell apart for you and imposing a sudden hierarchy on you like that was completely crappy on their part.,sad
Sorry for your loss 😣,sad
"The few people that survive jumping from bridges say, almost invariably, that they regretted jumping the second they entered free fall.",sad
"All of the wonder, beauty, and mystery of the world was taken before we even got here.",sad
I’m about to have a heart attack tonight,worried
"Ooooof, that’s annoying. I’m sorry.",sad
Oops! The bottle was so oily it slipped outta my hand and into the trash!,sad
"2018 was the worst year for Sydney Trains, I’ve lost count of the number of cancelled services due to power outages and train drivers calling in sick",sad
"Poor horse, must have hurt a lot.",sad
"If this is actually how it goes, I won’t feel so bad going from 5 to 8 in week 17.",sad
"Oh sorry- to be clearer, I meant everyone not on the APP looking for a scooter will get sick of seeing random scooters. ",sad
Unfortunately there are also far less/weaker unions now too,sad
"""""""I've made a huge mistake"""" - Me, walking into this person's house.""",sad
"Yes!! It took 6 months to get my license in! I started to worry that something had gone wrong, but, I indeed receive it!",sad
The sad thing is his is still glitched. Just a couple days ago I died from someone lightsaber about 5 seconds after someone else killed him.,sad
"That’s what I meant, sorry bout that. Never fold AKs pre ",sad
Exactly right? That's when I thought she was really really horrible.,worried
"Some fragile egos seem very upset at the ad. womp, womp.",sad
"Just try the free trial. I got bored of it in 4 hours, so no buy for me. ",sad
Unfortunately this is just as illegal as impeding traffic all over the city.,sad
I actually did have a girl a few towns away in a different school and no one knew her. No one believed me at first :(,sad
"Sadly, yes. You'll only be able to craft weapons with fixed Attachements.",sad
This is so true cause I always think “are they just using me for sex?”,sad
"That's the best part, I can't even imagine to live forever with my shitty body",sad
Slathered in blue cheese. someone is so jealous.,sad
"Sorry if I was insulting, I just took your post as some commie type smugly trolling how stupid someone is ",sad
A lot of people call that this is only one they made her sick,sad
"INFP. I’m a very selfless person, which helped me find friends, but not a love interest or a partner",sad
Yeah Q was bad card I was just bloating the pot. I definitely feel this is one of the worst hands I’ve played.,sad
"He’s had big games for us before, it’s just his lack of consistency and effort ",sad
I really felt for this mother. You could tell how frustrated and exasperated she was. Glad she was there to stand up for her kids.,sad
"Dude, she had just lost her baby, too. ",sad
"For us to be able to do that now, they would proably make us pay for it. ",worried
I'm so broke that I'd take if you're still looking. I'm a guy though.,sad
Well that’s horrific,worried
"I am so upset for you and your family. She knew what she was doing, which makes this even more horrifying.",sad
Her track record is pretty shaky,sad
"This is so sad. someone, play 'bitch lasagna'",sad
It happens so much that it really scares me tbh.,worried
The same comedy bit someone has disavowed because it's used almost exclusively in circumstances like this? It's an awful and weak explantation.,sad
"I don’t know who someone is and, at this point, I’m too afraid to ask.",worried
Seeing people overtaking on the right makes me anxious.,worried
"Sadly, he seems immune to bans. He also dodges them with alts like someone",sad
"Doordash pays less than minimum wage, no money even to buy cheesecake from the cheesecake factory after paying rent and Bills 😥",sad
fellow trans guy with an nmom. i know what youre going through. it absolutely sucks. im sorry man. my PMs are open.,sad
I miss being little 😭😭😭,sad
"I cannot sadly, good luck though.",sad
"""60 young men standing around... """"Look out that old native dude is coming right at us... DEFENSIVE POSITIONS SHIELDS UP!""""""",worried
I’m sorry for your loss op,sad
"Actually feel sorry for her. She has depression and low self esteem, this is not going to make it better.",sad
First season got a lot of attention. I didn’t like the second season as much,sad
"No phone, can't help....sorry?",sad
"Also, there's no point in having a job if it doesn't pay substantially more than the childcare costs.",sad
So we are really going to miss the playoffs in the same season as the 10 game win streak... THEY ARE WHO WE THOUGHT THEY WERE !,sad
Why did she get married if she did not love him? Aren't you afraid the same thing wil happen to you?,worried
"Unfortunately on my end, it’s only pecks during sex. Pretty boring. Never open mouthed or anything like that. ",sad
I remember writing on them was horrible. Slight delay which threw me off combined with the letters ending up looking like crap. Whiteboard was so much easier.,worried
"I'm so sad for you, I'm so so sorry. 💔",sad
"someone, she really is my least favorite queen I drag race history. Boring, try-hard, and busted makeup.",sad
Sorry to hear it man. Grief is the appropriate thing to feel. I hope she is happy in the afterlife. Peace be with you both.,sad
Preach. The nuthuggers and happy go lucky blind sheep if the front office are nowhere to be found. So disappointed in this team.,sad
"I don't really know how to explain because English is not my first language, I'm sorry.",sad
Turkey bacon is some worst processed food. Enjoy,sad
"Someone will actually spend their money on this too, that’s the sad part",sad
Why? He was always brilliant. It was such a shame he lost out to someone. Things would have been very different today...,sad
"My family never cared enough, I wish they did...",sad
"Hell, no. Teenagers just aren't that interesting.",sad
Not look much beautiful.,sad
I kiss the shade all dude. His username was trewdat. I miss that guy.,sad
scared for sure... scared of how much money we're gonna have to pay him it's gonna be all the moneys,worried
You and your lovable band of losers have already lost!,sad
"Sorry, might have been the wrong command. Just checked my uplay for it. It's /nodinputpad",sad
This stresses me out way too much.,sad
Oh my someone I saw the rocks below the dog and feared the worst!,worried
As high as ~72% in black families. Truly heartbreaking what the expansion of the welfare state has done to the black family.,sad
Sadly this is not a new issue for Ukraine. Please take a moment to remember Babi Yar :(,sad
"""Oh damn, that would have been the only correct response! """"Sorry, but I have a boyfriend."""" End of conversation.""",sad
"I'm a firm climate change believer but jeez that was painful to read. Sorry, this is far from bestof",sad
No stop. One Red and yellow team had to be sacrificed for the fortunes of the other. I’m sorry,sad
That isn't really true if you've watch all Arsenal games this season.,sad
Grandmas knees are burning up,sad
I feel bad for my kids who will never get to see someone play... someone on the other hand...,sad
the older i get the more it hurts,sad
"My bad, second time today I have been pulled up with have* after should. My bro slang coming through in my grammar. ",sad
I’m dreading when it happens during our games for the title,worried
Having this issue as well it really does me in,sad
someone was the same in Crestwood. Scary as hell.,worried
"Kind of upsets me that people are so willing to just throw out some wild, baseless accusation like this for karma. ",sad
Aaaand everybody got diarrhea. Thanks dummy,sad
I watched my team get deep dicked in the natty. I understand,sad
Sorry if this is ignorant but is that a wig?,sad
"Bump stocks too I guess, I can't imagine why he actually did that though, perhaps his advisors told him to do it to pander",sad
🦀🦀🦀🦀🦀🦀🦀🦀🦀I’m bad at this game🦀🦀🦀🦀🦀🦀🦀🦀🦀🦀🦀🦀🦀🦀🦀🦀🦀🦀🦀🦀,sad
I made a severe and continuous lapse of judgement....,sad
they have died here in canada,sad
It still seems dangerous,worried
I’m sorry to hear you’ve been cheated on.. but you’re free ! Makes it easier for NC if they found a new FP,sad
Of course it bothers you. She just admitted that something inconsequential to your relationship would be a dealbreaker.,sad
Well I can say 100% it didn’t go well.,sad
"Oh, I felt that despondency at the end there. Poor guy. ",sad
"First of all, sorry for your loss. Keep in mind that funerals are for the people still alive not the person who has just died.",sad
Its almost as if everyone is too afraid to be politically incorrect to admit that height and race are a factor.,worried
someone gave me depression because had I been left unchecked I would have bested him in hand to hand combat by age 16,sad
Wait did he actually do this? Seems like it would be insanely disrespectful to you fellow craftsmen.,sad
I'm so sorry. This is no way to be live or be treated. It's so immature and emotionally-abusive. I really hope your circumstances improve,sad
I hate that we cant be trusted to self criticize and we have to have Russian news do it. It feels like watching fox.,sad
I BELIEVE! I am sad that likely no one else will see it besides me...,sad
Not to mention that the full video is part of the kids PR campaign according to someone idiot,sad
"""""""Help! It's an educated brown woman! Help meeeeee!""""""",sad
"It absolutely is. Sadly, most players seem to only want someone with different aesthetics.",sad
"Please no, I have a family!!!",worried
It wasnt a terrible idea until someone got injured and someone got complacent,sad
Hurts to read :(,sad
"I repent. I repent. Oh someone someone, I do repent.",sad
My biggest fear is catching feelings. I got dangerously close once lol. It’s just about self control.,worried
"Meh, it’s “next man up” over there. I’ll be worried when they stop making it to the playoffs. ",worried
I had to mute cause the sound was making me cry.,sad
It's more like depression is the default state. We live in a depressing society.,sad
Really disappointed it's not even coming digitally on Vita outside of Japan.,sad
what are you scared of!,worried
"That weighs heavy on the heart, I’m so sorry for your loss",sad
Oh no you got us Feminism canceled Pack it up y'all,sad
this video made me feel like screaming,worried
"Let's keep making that trade with different teams until we have all 32 picks in the 6th round one year Sorry, I'll go back to my NHL19",sad
America.... I have done goofed!,sad
"As a closing TM, that’s terrifying. ",worried
TL;DR No more Superbowls for someone. Get ready for another winning season that ends in disappointment.,sad
I miss someone,sad
I miss those days.,sad
I'm sorry but are you implying that everything to the right of full-blown communism is the center?,sad
"Sorry guys, I went a little far... You can read my apology post here.",sad
I’m sorry Mr. someone,sad
I am sorry but I can feel a panic attack. Holy moly I would die instantly If I were him,worried
" I'm scared to even ask my mom ,I might get yelled at 😟",worried
Better late than never sadly I can see another label scooping him up,sad
The last message was particularly painful to read,sad
For the night is dark and full of terrors!,worried
I'm so afraid to weigh myself. I'm gonna have to do it soon though 😭,worried
A few years ago a lot of shows tried to do a “second screen experience”. It didn’t work and died a quiet death.,sad
I have no friends.,sad
I thought it was mildly interesting and don't regret watching it.,sad
This sounds like borderline mental health issues. Scary.,worried
I really hate ginger ale. With a passion. The scenario in that scene makes me sick to my stomach.,sad
"I failed with my play on words. Oh well, can't win them all",sad
"Sorry to hear that, I have it for ps4 and hardcore dlc servers are still up",sad
I stopped worrying about showing vulnerability years ago but there's still nobody there.,sad
You seem horrible,worried
Looks like the next level of a horror character,worried
"Yes, once I even deleted my account because I was so nervous about down votes. Lately,every once in a while I comment encouraging good attitude.",worried
Top 10 nibbas satan's too afraid to torture.,worried
My parents are going to kill me when they find out.,worried
Unfortunately half the country are not being reasonable.,sad
More worried about the multi-trillion dollars in entitlement programs than 5$ on a wall.,worried
"""""""So, I was grading your work and someone spilled coffee on them. Sorry for the mess.""""""",sad
I was thinking it’s sad that a team that hasn’t had a FRP for what seems like a decade has a better record than us.,sad
"Bay Area, sorry ;D",sad
Well poops. My friend and I want to wander and look for such things but we can't. Boo!,sad
The thought of him having to schedule me in really turns me off and makes me sad. Has the reduced gaming time helped with intimacy in any way?,sad
Peering into the void Out of the abyss Something stirs Terrible secrets _____ Hope is lost Once it wakes someone is dead,sad
no one loves me,sad
My condolences.,sad
Yeah but who’s to blame when you are put into a seemingly meaningless game when all you care about is one rank. Bad system.,sad
I have a bad one but I also have mild cerebral palsy on my left side,sad
That's just damn creepy.,sad
I sincerely apologize...I’ll delete and please take this upvote,sad
This is a bad post and you should feel bad for being the author,sad
"someone, feel bad for that streamer, everyone has their moments on this game, it’s understandable",sad
The “sad someone” tops it off,sad
I never used the word mean. Chill. I said weak and it is. Its sad aswell.,sad
"I just dropped out of my science class without being at school, hot damn",sad
All I see is a missed opportunity to pet a wolf tummy.,sad
Oh someone if I was 9 and my parents did that I would cringe real hard,worried
"You think that hearing deathcries is **funny** ? Personally, hearing cries of pain and dispair don't cause me enjoyment, but I guess I'm a weirdo.",sad
Oh my lord I am so sorry. That is just despicable. Internet hugs.,sad
Sad. My condolences to her family.,sad
I died a little inside watching all of that champagne go to waste.,sad
I made the mistake of choosing someone once. I'm literaly unable to change characters in Tekken for the rest of my life.,sad
Is that the only symptoms you’ve noticed? Are you normally worried for social situation?,worried
Really sad how often people don't go into the closest lane first and then change lanes when safe to do so.,sad
Two or three anti depressants before I told them a lie about how I tried my moms valium and it worked,sad
Still depressed but I didn't run away so it cool,sad
What country? That sounds like a sad septic system. I'm sorry.,sad
"Meh, I'm actually pissed at some of the people I usually defend for getting excited about this too.... we did lose our data.",sad
Yikes. I feel sorry for the team that gives him anything above 5.5,sad
It’s nice to know that no one cares enough to send me either.,sad
I’m sorry friend. I actually used to be pretty good with this but I’m constantly getting worse.,sad
Poor Guy. Come back stronger than ever!,sad
That's terrible. I'm sorry for your loss.,sad
That movie really scared me when I was a kid.,worried
I regret looking at his posts.,sad
Imagine if we dont trade someone and someone fans just kill all of us.,worried
"someone, too. someone is very guilty of this.",sad
I just thought I would be remise if I did not engage with the subject.,sad
That would be really rough. However she is so incompetent I wouldn’t be surprised if she self immolates,sad
he is a very dangerous man,worried
"You gotta block the name out, sweets.",sad
OMG are you serious? Do you know what episode? That's horrendous! I'm really disappointed in someone on that one.,sad
Don't forget colors. They panic at the sight of a chess board.,worried
That's one of the only times I've ever felt bad for someone. He was relentless and would not let it go!,sad
"We had a baby, it's hard to find the time to take them down.",sad
"Im at the game,somebody please put me out of my misery ",sad
"Oof, that's rough. :( Sorry that happened to you, mate. ",sad
I took swimming lessons for a while and my fingerprint thing didn't work for months,sad
"Yes, sorry reddit told me 2 times a error occured while posting this :/ Looks like it got submitted fine tho :/",sad
She refuses them by inhaling them [I'm sorry if that sounded bad plz no downvite],sad
I don't feel alive anymore. I don't feel anything. I'm just numb all over. All I know is I want it to stop,sad
"Good catch. I guess I was just remembering the shift after the first debate. That's pretty sad, tbh. ",sad
"THERE'S A WAR COMING, NED. I DON'T KNOW WHEN, I DON'T KNOW WHO WE'LL BE FIGHTING...BUT IT'S COMING!",worried
"Absolutely is, sorry. I just came by to say Howdy back until I saw all the hubbah. someone. ",sad
Sadly I think this is true & maybe this is the incentive adults need to get into action,sad
What's really sad is that someone wants to outlaw gay dads. I'm literally shaking.,sad
When you can't hold in years of emotional trauma anymore,sad
regret unfollowing him...,sad
my brain hurts...,sad
someone combat is terrible and the only reason I don’t play it anymore,worried
"The type of gun he's holding. My bad, my joke wasn't as obvious as I thought.",sad
I miss rock fest 😔,sad
I definitely get that vibe from this post. Or someone was friends with them and didn’t get invited to the party lmao,sad
"yikes, as someone who dislocates things often (someone), this scares me!",worried
"""The 5 days got an audible """"someone"""" out of me. That's terrifying. """,worried
Didn't really help who the Master is but someone will lose his damn mind. We video game worlds now.,sad
"Yeah, I was very sad to read that!",sad
"Sadly, that theory is plausible in the lds inc realm of thinking.",sad
"Sorry, I would like your comment, but it's at 666. And I just can't bring myself to change that.",sad
"I almost feel sorry for the poor fellow because, to me, the fingers still look abnormally stubby",sad
He's a garbage person. It's very disappointing. I liked him so much before.,sad
Me thinks this crosses the line of dignity. Makes me sad. It’s one thing to expose things but another to mock it.,sad
Oh boy this aged poorly,sad
"I peed off my deck at -30 yesterday, very disappointed when it didn’t freeze before impact.",sad
The biggest cringe is actually all the people commenting she's a man,worried
What a cataclysm,sad
Sadly I had to scroll through the story to read this,sad
"""we have a """"righty"""" complaining about """"lefties"""" making up BS, while they make up BS... sad.""",sad
hmm today i will listen to death and destruction,sad
I tried doing this for my son but he was afraid of it.,worried
"When I looked at the picture, I thought for a moment that I was looking at a junk yard.",sad
"It's been deleted, we can't even see what it was now (unfortunately). ",sad
"Gods, what a loser.",sad
or a horrible night of 15/4/4,worried
"Nah, reviewable offsides is pretty bad",sad
He is holding you hostage. Sad state of affairs.,sad
"I find it sadly ironic that a man's job is to protect his family, yet if he's alone with his children they question their safety.",sad
I was in that phase for a good while until i lost it all later anyways.,sad
Man i was so sad when i found out vodka had calories,sad
But now we're stressed out.,worried
"Would not put too much trust on the numbers, Canadian journalists did a test on couple of these services and got different results between two identical twins.",sad
It was extremely sad ... because you can tell the reason why someone is the way he is.,sad
How can you look at that. it hurts.,sad
"i had all of those. checked myself with a GP and found out i had low iron, migraines and needed to visit the therapist re my anxiety.",worried
Breaking bad all over again,sad
*Pauses clip to make sure that's not me* We're good. What a disappointing someone!,sad
Self confidence I think and the fact that I’m scared if I do give all of myself to some that they won’t reciprocate.,worried
you got me someone,sad
"I sit on one of my legs. I always have my other leg weirdly sticking out. Like I’m trying to crouch, but failing.",sad
She must have a very boring life,sad
Yeah it’s fine. Some supplements contain Ashwagandha which affects the gaba receptors so be cautious if you’re already on gabapentin or a beta blocker,worried
"I'm at job that is effecting my mental health, and I'm not sure if I should be up front.",sad
Aw poor kid. At least he has a bomb-ass name. Too bad he probably doesn't remember it anymore.,sad
"Same boat, sank pretty hard at the worst time.",sad
"Gonna warn you, that path is a lot more dangerous than you would think...",worried
Sadly it happens randomly and I wouldn't want to lie to someone for money if the thoughts didn't appear.,sad
You are not wrong. I have learned about myself alot while on drugs. Sometimes it's scarry when i find out how limited my mind is.,worried
"Sorry, you misspelled disrespectful. You don't have my trust. Here are the divorce papers.",sad
"Oh man, I didn't expect that: It kept rolling on his face!",sad
This is awful and borderline abuse. I can't imagine thinking that's even slightly okay,sad
That sucks. But you can find another SO. You can't unhave a kid.,sad
Incels can't even get a pleb thing called sex. Sex is for someone apparently.,sad
so painful to watch,sad
The sad part is that we are not trying to tank,sad
"Huh, and all these years I’d been *assured* “nobody” was coming to take my guns. Its like they been lying the entire time.",sad
Aw crap you're right. Sorry I suck at names and shit,sad
There's not enough salt in the world for her!,sad
I don’t think I’ve ever seen that many downvotes.,sad
Sorry to hear that,sad
Omg I'm so dumb I didn't even think of it like that.,sad
It’s very unlikely that they charged the rider again.,sad
"Trust me, if its a person you have feelings for and she/ he just wants your body, thats really painful.",sad
"Clearly, he had a bad Wednesday practice…",sad
"More like 11 feet up, but still painful. ",sad
I feel like this anime will make me cry in the end. Damn even its opening is full of drama. Am I correct in this?,sad
"""someone i love this """"no one can be THIS happy, what a horrible person he must be""""""",worried
Scary. I bet youre fun at parties.,worried
Overall I'm 'gifted' but my processing speed is still below average,sad
Because I want to be with someone but no one wants to be with me.,sad
Yeah sorry about that I don't mean it.,sad
"Sorry, should've mentioned... ",sad
"Don’t worry, he’s more afraid of you than you are of him. Just act tough, it’ll work...maybe...",worried
"It's likely that they don't have much, yet still make poor financial decisions.",sad
"Idk, I just need someone who cares but I always lose everyone and I’m sick of trying to be good enough.",sad
This shirt IS a problem. Get rid of it.,sad
Wow. What is wrong with you,sad
That ESPN intro made me emotional 😭,sad
Being misunderstood really is the worst thing ever! I’m sorry some people are so unkind.,sad
"Far enough, np. Its rough communicating sarcasm in text form, especially nowadays with Poe's law in overdrive. ",sad
My favorite someone post-match celebration hands down.,sad
With Everyday passing day without a good signing I feel like we got robbed in this trade,sad
the tears of unfathomable sadness ... mmm yummy!,sad
It started to compute for me when I was “right” all the time but never ended up getting what I wanted.,sad
"Thing is, some fans will *never* be happy. There is nothing that can be done to please them. That's the problem.",sad
"Is that Riverside, CA? That’s where I’m from! Sadly I was barely a teen in 1993-first time I saw them was Dec. 1996",sad
someone sorry it was rude not to @ you lol,sad
What a waste of packaging.,sad
tbh i would've guiltied but atleast they didnt lose an important TP,sad
This is straight up depressing,sad
I am so sorry to hear about your wife’s tragic injury.,sad
They need more with more items because I've never been able to get same day.,sad
Sad because you don't get any women?,sad
Apparently I'm ugly because I don't have 20 strangers a day coming up to me to tell me I'm attractive :(,sad
Sadly I see it being a call to party like there is no tomorrow for the vast majority.,sad
Wall St is scared of the 2020 Democratic primary.. Good!,worried
I went to college to get an MRS and all I got was this lousy BS!,sad
"That’s sad, although I’m aware they historically haven’t been weaned off of authoritarianism.",sad
I actually find running harder than passing on all madden,sad
"""Hey its you again. Dude can you please say """"N"""" so I can complete the task? My last request went unanswered sadly.""",sad
"of course not, someone and someone were great friends and anyway, he's been dead since 2016.",sad
I feel bad for laughing at this now that the creator of Spongebob passed away a month ago.,sad
"Just an employee, just stressed that it takes so long to save 10k for example and even that is nothing ! Should of brought more bitcoins",sad
I’m crying omfg,sad
I'm afraid you have your terms mixed up -,worried
"My cat just attacked me for treats and scratched me on the finger. If this affects my typing, he's in so much trouble.",sad
You sound like someone who doesnt know what ironic humour is.,sad
"I regret this knowledge, give me back my ignorance damn it!",sad
It is part of the political game unfortunately.,sad
"You’re not going to win, so you have nothing to worry about. ",sad
"Sorry, I misread",sad
I miss SFist's Apartment Sadness column.,sad
Reality is often disappointing,sad
Incels dont get laid regardless of age limits. Sorry dude,sad
I don’t understand the point you’re making sorry,sad
"Indeed! Oh someone, you are in for a horrible life...",sad
I saw your missing post and hoped you found your baby! I'm sorry for your heartache,sad
You basically already know the entire series for how much they've talked about it and how brazenly they spoil it.,sad
It makes me super fucking nervous edit: was able to buy temple at +1 fuck it lets ride,worried
Oh true I remember seeing it on Spotify’s charts for weeks. It’s terrible.,worried
"Sorry, I swapped back to Canada unclearly, to respond to the comments about it.",sad
Unfortunately for me you have to be 23 or older to drive for TMC,sad
I should have known what awaits behind the oilymama hashtag and yet I searched. Now I’m sad.,sad
Seek out a therapist? It sounds quite depressing n I wouldn't want it overwheming me.,sad
I was told ignar was going to be awful by this sub.,worried
Shit's going down in Zim. 6 people killed yesterday by army and over 200 arrested.,sad
In fact the South side of Chicago is the baddest part of town,sad
"Friend of the younger sister of girl who was killed. She told me it was a bad acid trip. Very sad, family is holding a vigil tomorrow night. ",sad
I was getting arrested and my dog run away from home like a bullet,sad
People tremble in fear of the name Rupple Poopels 😂,worried
FEAR THE TURTLE,worried
"""Sorry i was thinking of the word """"Plaintiff""""""",sad
Must be a terrible swim team. The only thing that your neck beard does is accentuates your double chin.,worried
A sad amount of time was spent making this.,sad
Seems like an odd hypothetical question to ask.,worried
"""CREEP FACTOR MIDNIGHT """"virgins gonna be scared""""""",worried
"Wow. AP should find that video and flag whoever did that...deep, scary issues at play",worried
The real problem is the malicious prosecution engaged in by Monsanto against small farmers.,sad
So unsatisfying that it didn’t end with a pit maneuver.,sad
I miss mass Rez her new ult is horrendous,worried
"Watching Revenge sometimes makes me cry, thinking back to when I tried to memorize that song, and listened to it over and over.",sad
Just the name of it gives me anxiety,worried
"This sub no longer has much in the way of standards, sadly.",sad
":o I have one too! I didn't get anything but bullied at school, though.",sad
Sad/Sweet for her to put in the effort to fake it!,sad
How scary! She loves you! I hope you are ok.,worried
"That’s too bad, I didn’t know that.",sad
That's your justification? You're a terrible person. Correction: You're a terrible child. Get some help.,worried
Sorry about that! Edited with the addition of those details.,sad
Acne scars unfortunately and also out of anxiety I tend to pick at my skin.,worried
"Idk about that, but if you were being genuine I apologize. I just don't think that is the case in this situation.",sad
"""For a second there I read the subreddit as """"furry and sad"""". Pretty disappointed.""",sad
I’m scared for y’all saying Undone.,worried
"I'm kind of struggling tonight. Bored, lonely... man ",sad
i just was disapointed because someone wont have the chance to play with the GOAT. i didnt mean to smh to your comment,sad
I will take it a as serious question. Sorry. I am in Europe,sad
"Grandmother got into an accident many years ago, and walked away with broken ribs.... it took her a couple years before she found out",sad
My poor baby,sad
"while it's debatable how big government should be, I'm glad someone isn't advocating for private fire departments again. that was such a disaster",sad
I am sorry but you dont have a saying in this matter. Its up to your parents to solve this.,sad
"sorry, i phrased that wrong. i meant that as a asexual, i get that a lot",sad
"Every time someone is in one of these things, I keep remembering that Trinity Soul exists. It was not a very memorable show. ",sad
"Sadly, I’m younger. 15.",sad
Passing the torch. Lmao. You never made a good one.,sad
Something would go terribly wrong for someone causing him to have to leave. It’s how his ability works.,worried
"So sorry, for your loss.",sad
"I think he is dead but he died long before the supposed raid. He was old and sick, dying of kidney failure.",sad
"Agreed. Sadly, it's not uncommon enough, and it makes me sad because of the implications about mutual respect or the lack thereof.",sad
It'd be a real shame if someone killed it and stole its soul.,sad
This feels *so* cringeworthily thirsty after someone ridiculous meet & greets recently.,sad
"I am so terribly sorry you lost your dad to this horrendous disease. Judging by this photo, he had a terrific smile.",sad
Things did not go well on Eros Station...,sad
we are scared on /r/bengals rn,worried
"Wow that's a burden, I'm sorry.",sad
Alexa play Sad!,sad
This is horrible,worried
It’s deeply bizarre.,sad
"Measuring my life in semesters filled with classes that are entirely worthless but I need a $60,000 piece of paper to get a job ",sad
Cries in Shinboner Spirit,sad
Except it destroyed 76% of America's scooby snack production. May Shagster have mercy on us all.,sad
Very sorry for your loss.,sad
"As a risk analyst, that's a terrible idea, Risk is too high and the benefit to cost ratio is not worth it ",worried
"Pet-sitting is over, didn't know I was lonely without a doggo until now. ",sad
"They're upset because, if the slime that makes 4chan stink were to congeal into a person, it would be someone.",sad
She is a horrible person and that is what makes her so relatable in real life.,worried
I had someone do that to me on a delivery only order I was really upset it's another deceiving thing that we have to deal with on here,sad
Been their. We got into a huge argument and that caused our first break up. Video games...,sad
"Completely correct. But he Might have lost control, blown a tire, etc., or maybe just panicked human error. ",worried
I’m sorry :(,sad
*someone making someone even more sad.*,sad
Another year filled with Mets disappointments...... LGM! Can't wait for Spring Training!,sad
He had been so worried that the stepmom would have a hard time integrating into the family.,worried
"The amount of times this happened during the first tides of war event, smh.",sad
"My knees, I had to quit running because they got so bad. Even hiking starts hurting after awhile, especially on long downhills Also glasses and deep voices",sad
"Hypothetically if someone makes a run with foles and decides to trade wentz, I’d give up someone in a heartbeat",sad
"I feel bad for house slaves, even if it's in their understandable self-interest. ",sad
"Relatedly, my legs are lean because I run away from my problems.",worried
read that as 'Belly Racing' and tbh i'm a little underwhelmed,sad
After all that i expected it to not look terrible. Oh well.,worried
someone is decent? Dude he was drafted 3rd overall he's been a massive disappointment,sad
"someone no, these are horrid on anyone.",worried
It’s been posted dozens and dozens of times since last night. People fucking suck.,sad
He said this awhile ago. His splits away from coors scares me.,worried
I mean it would be borderline targeting in college football. It was a really egregious missed call.,worried
"Wow, now I am sad",sad
I couldn't reply to the message I got the other day,worried
I don't know why but every time I see a meme telling me how good I am it doesn't do anything and doesn't make me happy,sad
I'm sorry that happened. Was her hospice nurse aware that she was suffering?,sad
Icing on a cake of sadness.,sad
You are the parent your grandson deserves. Your daughter will regret the pain she has caused.,sad
We're like bad luck lightning rods. Everybody around us is safe,sad
Oh no!,sad
Oh. That is unfortunate,sad
I'm sad that I gave that shit article a page view.,sad
Truly a sad day when you can get fired just for having a *heated gaming moment*. We really do live in a society.,sad
someone here...that guac looks horrible,worried
"""I don't drink I don't smoke I don't do drugs and yet still am not """"happy rich and all that people say this brings""""""",sad
"I might be alone here, but it was probably Blame Game. I don't think I heard a rap song with that much emotional intensity before.",sad
It dulls the pain,worried
Reality is often disappointing,sad
The woman types like she isn’t a native speaker of English. Which worries me immensely.,sad
Sadly this story has died down why is he bringing it back up. Just let it die.,sad
"Yeah this bothers me. Family should be off limits, and this scene was really sad",sad
I actually feel assaulted by this video.,sad
this made me stop subconsciously breathing and now I can't stop thinking about it,worried
I feel like I lost focus... I have not accomplished anything and the clock isn't really stopping,sad
That's so sad.,sad
Arghh! There's a dinosaur loose in your house! A dinosaur with Tippex eyes.,worried
NEXT TIME! ON THE CURSE OF OAK ISLAND!,worried
The problem is not getting new players but keeping the current ones.,sad
"Yeah, I applied this morning. I wasn't planning on quitting and I felt like I wasn't given a choice... ",sad
Imagining doing something this drastic all alone is just... I can't fathom the anxiety. Man.,worried
It’s 2019 dude chill out with the gender roles Edit: it’s 2019 I’m tired sorry,sad
The fact that you think like this is terrifying.,worried
"I'm strange as fuck, and I didn't grow up with money.",sad
"Sorry I haven't been keeping up to date, what happens next week?",sad
"Ah, i misunderstood what he was going for, sorry my bad",sad
"Oh, those dreadful things. I gave those away.",worried
I miss being practically jello as a kid,sad
Oke thats really disappointing of him. Although his thoughts are constanly changing. He used to even be an ancap at some point.,sad
Cognitive Dissonance. Big problem in our society.,sad
That was painful to read.,sad
":( disappointed, i expected to give out personal therapy cats.",sad
We knows mumps immunity wanes; is it possible for measles immunity to do the same thing? I'm kinda scared to try Googling it too.,worried
I have a moronphobia. I'm going to need to ask you to step away as I have an irrational fear and distaste of you.,worried
Had surgery at 3mnths old to fill a pinhole in my back (spinabifida) Cutting myself after some severe postpartum depression,sad
O no shes gonna go after mandy,sad
True. You always gotta be careful. It's pretty sad actually. I feel used and abused.,sad
Hell it was made clear when I was in High School 5 years ago that we aren't playing a game that's ' too violent ',sad
"@lies_about_flossing, sorry if I used the wrong pronoun.",sad
"Instagram literally fueles my eating disorder, I can't have it. It is all fake though",sad
"""Couldn't really fit this as a """"how to,"""" does that mean I have to go to jail now? Source: """,worried
That arena is so ugly I’d be scared too,worried
There's a guy that died after he let a horse do that. He'd probably have survived if he sought medical attention sooner.,sad
"wE mODiFieD eiGHT viDEo CaRds tO fIt iN A SinGLe pciE sLoT /squeak Whoops, sorry, wrong someone.",sad
i miss this show so much,sad
"I am afraid to look, but my morbid curiosity draws me to ask.",worried
and someone got blessed with a LocationBot cat fact?! There is no justice in the world...,sad
Mate imagine reacting so poorly to be called out to calling anyone who has been discussing ozil and sven unreasonable.,sad
"That woman gave me nightmares as a child. Also, you probably know this but she also plays someone aunt in the third movie!",worried
It was less painful than a bee sting! I felt so silly afterwards!,sad
I would of at least helped the poor guy. Throw some fire crackers at the dam thing,sad
I never used an escalator until I was about 16 and I still remember moving stairs scaring the hell out of me,worried
"Where? Sorry, the link doesn't seem to work!",sad
True Story! That's the sad Part of it...,sad
He lost his shoes. He’s legally dead.,sad
Phone calls are the ultimate nightmare !!,worried
This is horrific,worried
"Saaaaame. There’s too many damn podcasts, and most of them are too damn long.",sad
"Sorry, but isn't this a little too obvious? As the old saying, the early bird catches the worm.",sad
I cried more here than in Star Wars.,sad
Very scary.,worried
"I love it. This made me smile so much, which is a big change from someone which made me cry and further increase my depression.",sad
Brutal. I'm so sorry.,sad
"""That sounds awful )-: I'm so grateful that my parents and therapist want to let me figure this out with minimal """"supervision""""""",sad
"I'm very sorry for u, they should treat you like royalty not a fleshlight",sad
Seeing happy people isn't motivating because it shows how easy it is and how I'm failing at something literally everyone else on the planet can do,sad
Well that was disheartening.,sad
It’s so sad that i can play all these Zelda games on my 3DS but not my Switch. I have like 12 Zelda games on my 3DS,sad
"Sorry, I don’t see a difference. If you are opposing people’s access to something, your opposing that thing.",sad
I've seen Shot Caller. That's what I've decided prison is... so yeah. Sorry boys.,sad
"What scares me is that now that this happened, they're going to try and find ways to take women's phones away from them.",worried
I already called the county I got married in trying to find out about it but they had nothing on either of us about a divorce.. Im so anxious.,worried
Being alone isn't the problem. Being **forever** alone is the problem.,sad
"""Yes, and when I do say """"no"""" I'm filled with tremendous guilt. """,sad
Sorry for the bad formatting,sad
someone is there anything more depressing than being in a leafs gdt when the leafs are losing.,sad
9 to 4. That's pretty sorry.,sad
"Shit like this is just depressing. Not surprising, but still depressing.",sad
That hop/shuffle is scary,worried
you should have asked this question 15 years ago sadly :(,sad
I recomend a Jasikevicius from Litva :) Sorry for English.,sad
Papaoutai still leaves me bald.,sad
BREAKING NEWS: The new girl had to shred/chip a 6lb entire chub of Kentucky Gold ham today. Poor girl's arm ached the rest of the day.,sad
This is the game that finally lost my faith.,sad
"Aha! This is my fear, that the gloss over key elements because they want to target a wider audience!",worried
"Yeah.. like 30ish BBs deep I don’t think about it twice, just re-jam and be a sad boy. But we are so fucking deep...",sad
Watching it deteriorate into a horrific dystopia. Healthcare costs. Dental. Low wages.,worried
Yes I really miss his streams...the ONLY reason I chose adc as my main role was because of how chill chaox was.,sad
He probably got hurt making the video,sad
Sadly this is how you get shit fixed,sad
the older me would be scared shirtless knowing all the fireworks that exploded nearly in my hand as a kid,worried
How poignant.,sad
The fact that someone was not mentioned in this thread confuses and upsets me.,sad
He was afraid of flying,worried
"When religion and flags get entwined, bad things happen.",sad
"Ouch, my heart. I never even thought about this...",sad
"I worry that as soon as VR and AR take off, it'll be the nail in the coffin and we will be trapped.",worried
I miss you someone 😢😭,sad
They come to your house and rob you at gun point. Be honest. What are some ways that this could be resolved?,worried
"Sorry, I live in the real world. Just because you don't like facts doesn't mean they don't exist.",sad
"Im color blind, i usually see blue as purple and red as green soo...",sad
"The TV anime series is, at least, atrociously bad and stupid. Is full of deus ex and silly cliffhangers.",sad
"kid still sad after eating food, because it WASN'T A HAPPY MEAL.",sad
"Yeah, Inbox didn't have those so I forgot all about it until they killed it.",worried
We’ve been watching OP for awhile and warned him about his posts. This one doesn’t rise to the level we warned him about.,sad
Beyond nightmare!!,worried
"Nah, substance abuse is sad, period. ",sad
Classic Trap game... I'm nervous. Hope our boys aren't hungover.,worried
It's a shitty made shirt but if it was done well I'd wear it.,sad
The comment thread is a hot mess and wouldnt be out of place in 2016. How do things not change....,sad
"And any form of bottom up government is also extremely susceptible to corruption. Basically, humans suck. ",sad
"I know, this weekend was absolute worse case scenario ",sad
"Headline had me thinking the guy was currently barricaded in a BK bathroom, demanding they give him free food. But no.",sad
Oh man I feel bad now. If you find it funny than it's funny 💖 sorry,sad
"To this day, I get nervous reading anything with someone name in it",worried
The guilt of sin represses all,sad
That's a huge shame and says more about Sacks than it does anything else.,sad
someone is scary,worried
It’s misleading. Better article:,sad
Somehow this hurt more than the Saturday game.,sad
Sorry to say OP but it seems his IQ is indeed higher than yours.,sad
Never worked on my babies. So disappointing,sad
"""To the rest of the world, I would like to say, """"Sorry.""""""",sad
I regret that I understand that reference :(,sad
"I can't do it anymore today, I'm out. ",sad
I miss you big strong daddy,sad
Sorry man someone doesnt care about hard working someone. Sad,sad
2005? I think we might be the same person lol. What a terrible year. I go back to that one a lot.,worried
So upset by the email lady after all these years. Get help.,sad
"""""""We're sorry, all circuits are busy now due someone lost keys, try your call again""""""",sad
Sorry for having a working brain :3,sad
"Huh, I'd missed this one when looking for new games a few months back. Might have to give it a try.",sad
Sorry. This happens to too many good people.,sad
"these have to be probably the worst presses ive ever seen, sorry mate",sad
Some rambling paragraphs about what a waste I am and how sorry I am to be a disappointment to those around me and that sort.,sad
"""If people think that the current migrant/refugee crisis is """"bad"""", they have seen nothing.""",sad
"shouldnt be driving baked anyways. even if you think you can, gives us stoners a bad rap",sad
That's what I'm afraid of but I don't have a lot of free time so it would never work.,worried
"I get your point. But really, the low prices is just a trap to get more men in lookout for action. It's sad.",sad
"Ugh, I have 2 cats as well and I wish for this every single day. I am, so far, constantly disappointed.",sad
I got mine a few months ago and honestly apprehensive to wear it out to a game in fear of staining it.,worried
"Sorry, the two different names made me thing those were two different places. ^ ^;",sad
"""This has happened to me with the girls I tried to connect with irl as well as FA """"lonely"""" girls from this very sub""",sad
Two goals that are directly the fault of the our defense? I feel bad for someone,sad
didn't work anyway,sad
Cried when someone and someone gave each other a big hug and someone lifted him off the ground.,sad
No I didn't take it that way. My apologies if my comment appeared to be taking a shot at you.,sad
Oh that's so sad,sad
yeh and the new ones just feel like reskin cod games sadly,sad
"Or maybe he does, and that’s why he scared of people thinking that; he’s afraid of people finding them out.",worried
So edgy.,worried
"I'm giving you an upvote for that perfect comeback, but I'm not happy about it!",sad
"religion is what produces these people, there are plenty of them and a beheading has even occured in the streets of LONDON.",sad
someone is getting very unhinged I almost feel bad for him at this point,sad
Animal Crossing made my wife into a vicious and abusive murderer.,sad
You are unfortunately far and few between.,sad
Eat too many whoppers and he'll be down with the sickness. Lma0 I'm sorry,sad
It's an underrated drama which just got snubbed on someone,sad
And the super rich are still miserable,sad
Gives me someone 2005 bad memories.,sad
My grandmother-in-law does this. I’m sorry to anyone in the Va Beach area.,sad
"Yep, it was faked. Too bad, too",sad
"We're sleep walking into, in the words of the Bank of England, a disordely Brexit. It's a bit problematic.",sad
Stoop Kid’s afraid to leave his stoop!,worried
"Yeah I'm in the same boat regarding DC, its hard to imagine living in many other places in the country for me at this point.",sad
Did feel that one but I find it hard to tell sometimes,sad
To make her feel threatened,worried
Watch someone left arm and hand as he's on the floor. Scary.,worried
Ya uh that's gen Z sorry,sad
"Agree. Keep trying, then if your rejected every time. I'm sorry your done.",sad
"This is the most scary someone can ever be to me, cause it’s also the most real he could ever be 😂",worried
"I’d keep at this line of dialogue but I’ve got to rewind some videocassettes, sorry. Carry on without me.",sad
>Cause they almost never hit anything. Very inaccurate. The benefit of fighting against a largely untrained adversary.,sad
Nah. Been over it pretty much since someone said the Vikings did it too. Pretty hard to be mad when we were just as guilty.,sad
Yes the achilles gave out and so did my hopes. I miss brandon :(,sad
Cali is getting rain this weekend so going to miss that,sad
When my someone is crying...,sad
Finally somewhere where I'm just an average fucking person Fuck why am I crying,sad
You're creepy,worried
"But something is extremely wrong if people are getting sick. Might not be a sonic wave, but it definitely is *something*",sad
oh shit u meant the actual post... yeh i live in china this all we got😂😂,sad
Oh man... my grandparents on both sides of the family have passed away and it was tough... we’re here for you,sad
My someone accuses me of cheating all the time too when I’ve been nothing but loyal. Makes me wonder if she was cheating on me too...,sad
League wants an LA team to finally work so bad,sad
This sub is filled with bitterness.,sad
It would be terrible if he died and they put his head in a jar or something,worried
Please. Sorry.,sad
Wtf did I just read? That was painful,sad
If that mask could talk it would beg someone to end it's suffering.,sad
That’s one of the many sleeping cycles of my fucked-up schedule :),sad
I'm 34 and disappointing my mother is still my greatest fear.,worried
"I never read it, but I sure remember being creeped out by this claymation version",sad
"I'd just feel less out of place, I guess. My SA makes me feel like I'm so behind my peers in terms of a social life",sad
Beautiful yet sad that his relationship ended in ‘45 the same way most of mine do...with cheating,sad
Scotland aren’t the best team to compare against. On their day the could debatably beat NZ on a bad day they lose to America,sad
I'm so nervous!,worried
We are sorry but the sympathy you are looking for is not available in your region.,sad
That sounds terrible.,worried
Everything's broken then. It's not like all other discourse is high minded and unemotional.,sad
That sounds a little paranoid,worried
"Late-stage Reddit. I'm afraid it's malignant, there are only palliative care options available at this point.",worried
Hang on so Im not allowed to stroke your dog? Thats sad.,sad
They're so scared,worried
I’m so sorry you are going through this. Sounds like an awful experience.,sad
yeah. it's like you know something real bad is gonna happen at any time. that's why I never try to get my hopes up too much.,sad
One day I was really desperate and tried putting warming balms that are intended for sore muscles on my lower tummy and it helps so much!,sad
"""I felt it once, then I quickly realised I was horribly mistaken when someone better came. There's no such a thing as """"the one""""""",sad
"I think they were hoping he would be the someone, that didn't happen.",sad
"If you are really so dead set against shoveling sidewalks, perhaps you should move to a warmer climate. ",worried
i have bought this but not played. i'm scared. hold me.,worried
Ok my apologies then!,sad
I feel bad for that other little girl that was the only one not to get a puck,sad
"Given someone viability prior to the 2016 election, I think the viability bar is set pretty damn low.",sad
Being born in north america is a curse my friend. Oregon (my home) is kind of like Ireland weather wise though I hear.,sad
World has Turned and Left Me Here.,sad
Oh my someone I completely didn’t realise. I’m so sorry,sad
A lack of the romantic partner is the stressful situation in my life.,sad
"Same, I hate myself for finding the last 4 chapters... my heart is devastated.",sad
I was under the impression that someone also has some pretty rough health problems.,sad
"All that interesting information and you get 3 upvotes , feels bad man ",sad
"""""""I suffer from a very sexy learning disability. What do I call it, someone?""""""",sad
4-25 against teams with winning records. 0-7 on Monday Night Football. The guy can't show up when it matters.,sad
I’m scared to fall asleep——-,worried
"I actually rooted for you guys that Seahawks game, but now I feel the true pain. ",sad
stop hurting my feelings,sad
someone lesnar. Sorry someone,sad
"I think you also underestimate how big Chelsea has become, especially in the States",sad
It's riskier to take on bad contracts right now,worried
If nothing was said and you can be engaged all day tomorrow then I wouldn’t worry.,worried
"Oh, the horror! We must defend the honor of Lord someone against the scum of r/NFL!!",worried
I'm all for finding ways of reducing gun violence but this seems to just be arbitrary and capricious.,sad
"I know I should be worried, but I am not, which makes me very worried. ",worried
"That sounds like it was an absolute nightmare, I'm sorry you had to go through that, anesthetic failing is a horrifying experience. ",worried
"""This is a """"lose in the 11th round of the shootout"""" type game""",sad
Well they called and said there was a pricing discrepancy and they could not honor it. 😭 sad day.,sad
Cant you tell how sad she is from her face?,sad
I TOOK TOO MUCH OF A RISK IM SORRY,sad
I'm sorry OP but this is all on you. Your parents played you like a $4000 fiddle.,sad
His wrists are too small ☹️,sad
I'm so triggered!!!!!!! Please stop you are hurting us with your comments!?!?!?!?!?,sad
I hope you survive this. Losing a friend is a heavy loss,sad
I know I am very worried,worried
Yuuuuuuuuuup. It's horrible.,worried
I was so worried for the kitty the whole story.,worried
I needed to read this because I felt so bad for this guy... I just can't imagine a long walk home in winter.,sad
someone looked terrible that game. I was really hoping to be wrong but he came just as advertised by Hawks fans,worried
is this sub scared to talk about someone getting arrested,worried
So sorry about your loss. It's so heart wrenching xoxox,sad
Tried to ride the Overwatch train and crashed miserably.,sad
"Since I was a kid I knew I preferred funny, smart, interesting girls to conventionally attractive ones. Really tore me up the feeling wasn't mutual.",sad
This physically hurt me,sad
"I'm sorry you're going through that, I wish I could help somehow :c.",sad
Huh. Siege is still a thing. I miss the old days. :(,sad
Sorry but I don't keep up with YT celebs or drama What happened to someone ?,sad
the world is becoming very boring...,sad
The fact that this being brought up makes it a real scary feeling.,worried
5’8ish my guess. The one thing that blew me away I went to a COD event was how short majority of pro’s are,sad
"Lost my only grandfather two years ago to Alzheimer's, this is great news knowingly this disease sucks",sad
Sadly the minimum wage in Virginia is only $7.25 an hour so that definitely would not be enough.,sad
I SWEAR I DIDNT MEAN TO ANSWER 2 HOURS LATER FORGIVE MEEE,sad
I discovered this show on the cnn docuseries about the nineties. What a terrible idea for a show 😂😂,worried
My condolences.,sad
That's just sad if it's for a game,sad
I'm sorry. Does Scholomance exist in the World of Ice and Fire?,sad
Osaka making me nervous,worried
I feel a little sad for her. That she thinks the only options or something to do is having kids. Fuck her tho.,sad
i was not prepared for this,sad
It’s definitely a massive problem for both of us. Attributing blame does nothing to solve the problem.,sad
the negative connotation of eugenics is allowing dysgenics which is a far worse fate for humanity,sad
I thought he had a cool someone. Was only slightly disappointed.,sad
That...felt good...can I cry on your shoulder?,sad
I would see a doctor asap and get to a psychiatrist. Hallucinations of any kind are worrisome.,worried
Sorry. This thing knows whats up!,sad
They blew up my feelings :'(,sad
"Oh gosh, I'm so sorry you had to deal with that. It sounds like you handled it really well. Kids are cruel. ",sad
Disclaimer: This is r/television not r/news. Sorry for the mistake.,sad
I'm so sorry about your friend. What was he like?,sad
"Usually they ask, and the generic is almost always cheaper. It's shitty of them not to ask though. ",sad
That wasn't what I was expecting at all.,sad
My life has been destroyed,sad
I am so sorry for your loss. I lost my Brother a few years back. My thoughts and heart is with you.,sad
The way that ladder is attached to the building is pretty terrible.,sad
too bad nothing came off it,sad
"I've been trying to as well, but the game is so scary :/",worried
Yes! I was lost without subtitles on Sons of Anarchy.,sad
"Idk, the Teen Mom subs are bad for this too. Really bad. ",sad
Your life must be miserable. That's sad somehow,sad
I was streaming on my laptop so I could watch the glorious win. Sadly hunting has been tough so far. Damn those Bison.,sad
"This show has completely gone downhill, can’t believe I waited a month to be disappointed smh",sad
"I'm sad, but I just want a new Metroid game, and if this is what it takes to make it great then I understand",sad
"Sorry, no. We’re just going to export someone to you guys. ",sad
someone rolls with his kitties and is hard as fuck.,sad
“I am so sorry! That was not my intention at all. My apologies” so charming. They do give you warning though,sad
We sacrifice them both to someone and throw them in the Baler!,sad
I’m offended that your offended,sad
"As a computer science student but also a lifelong someone, the issues surrounding Amazon in Queens have left me substantially torn. ",sad
terrifying every time.,worried
Please don’t murder me,worried
You're the biggest sack of shit to post here in some time.,sad
this take can get the fuck out. that bulge is sacred,worried
"The history of horrible things the federal government has done is well documented. The same way the federal government does it, with income taxes.",worried
Too bad it wasn’t a sword.,sad
"Considering the whining he did in our modmail, he may not realize this.",sad
"I was thinking 1-2 in each eye might stop the threat, but if I'm being honest I'd be worried about the ensuing legal struggle...",sad
"It’s okay, my mom has always hated me and I’m fine.",sad
I called an ambulance for my friend without knowing it was against her wishes. She never blamed me but I felt really bad about it.,sad
"Seeing as how someone was raping her, it doesn't surprise me that much that the facility would be so negligent that they wouldn't notice the pregnancy.",sad
Imagine being born in 1987 and not having been invited to a party since your friend's birthday party in 1999 though :(,sad
"I felt a great disturbance in the Force, as if millions of voices suddenly cried out in terror and were suddenly silenced.",worried
> but I have to admit its catchy. This is not and has not ever been an inherently positive characteristic about any song.,sad
The third picture is creepy.,worried
"As someone who has been in a similar relationship, it is indeed emotional abuse.",sad
Must be nice my seats were in that area... sadly I decided to go to the bathroom. #PTSD,sad
I'm sorry to tell you this but your mate probably touches children too. That's the only logical conclusion I can come to here.,sad
"I swear, this is the most brutal one of this year yet. ",sad
"*Dread it, run from it* *someone still arrives*",worried
I would be afraid he would come back and somehow blame me for his failure.,worried
The dryer sounds like a fire hazard to me.,worried
"I gotta say, that was a WELL fought period. I was worried a couple times...",worried
"""He may have, I was more worried about the """"running and shooting the AR one handed, off to the side"""".""",worried
"I had a nightmare about something similar, the combination of high walls and water is truly scary",worried
Thing is...it's the media the masses take in that is driving this anxiety someone or AP reader isn't falling for this,worried
It scares me that left to right is also possible for anyone,worried
I’m more worried about the dude getting pissed all over my shoes,worried
The biggest Nightmare,worried
nearly choked on my chicken breast,worried
The cruise boat one (similar) where the water goes WELL over the porthole scares the everloving shit out of me every time,worried
"Yah, totally. It's just kind of scary when all you hear are loud extremes on both sides. ",worried
that day humanity received a grim reminder,worried
I'm so gay I can't even drive straight - a bumper sticker older than most redditors,worried
Mine once went 6 hours overdue. It was horrible. Big hugs to you. Drink all the wine you can find!,worried
"In that case, I’m appalled. ",worried
Worrying about someone during a game is ridiculous. Especially when he's currently 6-11 from the field.,worried
"Guess we don't need to be afraid of hell, then, 'cause we can easily get out.",worried
"This was the one post that truly frightened me about the insane left. They are a cult, and not on our side.",worried
This is dangerous.,worried
that scared me,worried
Some additional background the robo-voice on that video is horrible.,worried
Even more so. It would only make our prison (this world) even more diabolical.,worried
"Pretty terrifying. Imagine if you went on a school trip, did nothing, and came home to this.",worried
someone was autistic BOOM,worried
"I think it was, it was do scary, i honestly never wanna do that stuff again",worried
"Your imaginary boyfriend is kinda creepy. Although, if he's kinky then he may be for keeps. *wink ",worried
"Sometimes I think it's like the movie *Shallow Hal*. You see the person for who they really are on the inside, and it's terrifying.",worried
"6lbs is a lap dog, if someone shoots that cause they're scared it's aggressive...",worried
"That sounds terrible! I get hay fever some years, I also have eczema and anxiety, all at once sounds like pure hell.",worried
someone made me like a sleep walker.. I did things I didn't remember doing. Scary.,worried
someone is scary,worried
Yikes. That sounds terrible 😢,worried
Probably. Government contracts are already terrible as they rarely pay on time,worried
I'm also scared.,worried
Stuff like this makes me worry a little less about the future generations.,worried
"Also the reason for last year, playing him as a cb was necessary but proven to be a terrible position to be in.",worried
someone man..... I hope this is just one of his overdramatic moments on the floor... He's scared me like 5 times this year....,worried
Because it was a terrible idea.,worried
That’s a horrible take.,worried
"I would think terrible, awful things.",worried
Bitch real man just panicking purchases a m82 barret..Now excuse me while i hide from my wife for the next month.,worried
Idk how to use any.... the 5th one looks scary,worried
After 8? I'm afraid after 5. It gets dark here early. :(,worried
My balls shrunk up looking at that,worried
Damn! You were so close! Scary. Damn damn!,worried
This picture really drives home that the CIS can be super terrifying when they want to.,worried
That live snail got me freaked,worried
Worrying what other people think is what collectivists have brainwashed you to think and feel. You are just a coward making excuses for your cowardice.,worried
Imagine being scared of a black bear,worried
Maybe it's as dangerous for someone to whip people up talking about treason and betrayal and all that as it is when someone do it. Fancy that.,worried
I’d be afraid to get high after that yo,worried
I'm moving to the UK in 2 weeks. This terrifies me.,worried
It gives me a weird feeling as someone not named someone. It's a very heeby jeeby inducing phrase.,worried
I'll try that but I'm thinking about going outside when it is unbearable to sleep. Also I'm scared of cold making me more sleepy.,worried
"That does suck. I’m sorry. Having recently been ghosted by someone who I thought was a very close friend, it’s a terrible feeling",worried
There’s this which is terrifying to think about,worried
"Weird, FBI did an investigation and proved that never happened. White knights make me cringe.",worried
He’s 30 freaking years old and is scared of managing a bank account. *eyeroll*,worried
"I'm scared that they would turn out like me, even if I tried really hard to make them nice. ",worried
"yeah, there's even more registered online. scary.",worried
Only 22? Weak.,worried
It’s the comment about smelling her that makes it pure cringe.,worried
That’s what I’m terrified of.,worried
"I believe that show scared straight was actually a massive failure, it got viewers but concept of it never resulted in the kids actually being 'scared straight'.",worried
this off season is dark and full of terrors,worried
That’s terrifying,worried
"Those are horrible things to say to a child, let alone a 3 yr old. I would be pissed!",worried
"It was a few years ago now, I’m afraid I don’t have it or I would.",worried
It just never got weird enough..,worried
Now my mental image is narrowed down to a big imposing woman or a spidery woman that scares me just to be around.,worried
someone is pretty fucking scary,worried
Those ears...those horrible ears,worried
"I have. Here, its implying he wants to fuck the dog. The original the dog is just scared of him.",worried
Stumbling out of a closet in full someone outfit... I'm afraid it's not,worried
No. It’s creepy.,worried
"Yet somehow that doesn't make death threats any less scary, because of the fear the 0.00001% of them will try to follow through on that threat.",worried
It is an absolutely horrible ultimate I agree after 400 hours on doom I still hate it,worried
The original Halloween movie is still the scariest film I have ever seen. Being chased by someone in this game is terrifying.,worried
I'm scared for her. The Saudi government has proven to be very brazen in its disrespect for international law.,worried
"To be fair, they did call it a horror. ",worried
I would have tactically thrown dynamite and blown my self up about 2 seconds in.,worried
Right!? I'm glad someone else noticed. I was horrified when she trespassed into a stranger's home. So violating!,worried
Yeah but scary brown people. Ever thought of that libtard? /s ^just ^^in ^^^case,worried
malicious intentions? what are you talking about?,worried
"That is so creepy and scary. Imagine if he really was a Dr, and the only one available in your hmo.",worried
